2026-02-10 19:25:04 | DEBUG | lightdiffusion.server | rid=- | server module loaded; cwd=C:\Users\Admin\Documents\LightDiffusion-Next
2026-02-10 19:25:04 | INFO | lightdiffusion.server | rid=- | Pipeline and app_instance imported successfully
2026-02-10 19:25:04 | INFO | lightdiffusion.server | rid=- | Serving frontend from C:\Users\Admin\Documents\LightDiffusion-Next\frontend\dist
2026-02-10 19:25:04 | INFO | lightdiffusion.server | rid=- | Launching frontend development server...
2026-02-10 19:25:04 | INFO | lightdiffusion.server | rid=- | Frontend development server launched
2026-02-10 19:25:05 | DEBUG | lightdiffusion.server | rid=- | server module loaded; cwd=C:\Users\Admin\Documents\LightDiffusion-Next
2026-02-10 19:25:05 | INFO | lightdiffusion.server | rid=- | Pipeline and app_instance imported successfully
2026-02-10 19:25:05 | INFO | lightdiffusion.server | rid=- | Serving frontend from C:\Users\Admin\Documents\LightDiffusion-Next\frontend\dist
2026-02-10 19:25:05 | INFO | lightdiffusion.server | rid=- | GenerationBuffer worker task started
2026-02-10 19:25:05 | INFO | lightdiffusion.server | rid=- | Server startup complete, event loop captured for preview broadcasting
2026-02-10 19:25:05 | INFO | lightdiffusion.server | rid=- | Batching worker started; max_batch=4 timeout=0.5
2026-02-10 19:26:03 | DEBUG | lightdiffusion.server | rid=- | server module loaded; cwd=C:\Users\Admin\Documents\LightDiffusion-Next
2026-02-10 19:26:03 | INFO | lightdiffusion.server | rid=- | Pipeline and app_instance imported successfully
2026-02-10 19:26:03 | INFO | lightdiffusion.server | rid=- | Serving frontend from C:\Users\Admin\Documents\LightDiffusion-Next\frontend\dist
2026-02-10 19:26:03 | INFO | lightdiffusion.server | rid=- | Launching frontend development server...
2026-02-10 19:26:03 | INFO | lightdiffusion.server | rid=- | Frontend development server launched
2026-02-10 19:26:03 | DEBUG | lightdiffusion.server | rid=- | server module loaded; cwd=C:\Users\Admin\Documents\LightDiffusion-Next
2026-02-10 19:26:03 | INFO | lightdiffusion.server | rid=- | Pipeline and app_instance imported successfully
2026-02-10 19:26:03 | INFO | lightdiffusion.server | rid=- | Serving frontend from C:\Users\Admin\Documents\LightDiffusion-Next\frontend\dist
2026-02-10 19:26:03 | INFO | lightdiffusion.server | rid=- | GenerationBuffer worker task started
2026-02-10 19:26:03 | INFO | lightdiffusion.server | rid=- | Server startup complete, event loop captured for preview broadcasting
2026-02-10 19:26:03 | INFO | lightdiffusion.server | rid=- | Batching worker started; max_batch=4 timeout=0.5
2026-02-10 19:26:16 | INFO | lightdiffusion.server | rid=- | WebSocket client connected to /ws/preview (total: 1)
2026-02-10 19:26:27 | INFO | lightdiffusion.server | rid=ccbd47fd | /api/generate called
2026-02-10 19:26:27 | DEBUG | lightdiffusion.server | rid=ccbd47fd | Request: w=512 h=512 num_images=1 batch=1 scheduler=simple sampler=euler steps=25 hiresfix=False adetailer=False enhance=False img2img=False stable_fast=False reuse_seed=False realistic=False multiscale=False intermittent=True factor=0.5 fullres=[10,8] keep_models_loaded=True enable_preview=True prompt='An astronaut riding a horse on mars, detailed, 8k' neg='blurry, low quality, distorted' img2img_image_present=False
2026-02-10 19:26:27 | DEBUG | lightdiffusion.server | rid=- | Batch worker: pending groups={"('', False, 512, 512, False, False, 'simple', 'euler', 25, False, True, 0.5, 10, 8, True, False, 'None', 1.0, 'canny', '', -1)": 1} chosen_sig=('', False, 512, 512, False, False, 'simple', 'euler', 25, False, True, 0.5, 10, 8, True, False, 'None', 1.0, 'canny', '', -1) group_size=1 oldest_arrival=1770747987.698
2026-02-10 19:26:27 | DEBUG | lightdiffusion.server | rid=- | Processing singleton group for signature ('', False, 512, 512, False, False, 'simple', 'euler', 25, False, True, 0.5, 10, 8, True, False, 'None', 1.0, 'canny', '', -1) immediately (age=0.000s). LD_BATCH_WAIT_SINGLETONS=False
2026-02-10 19:26:27 | DEBUG | lightdiffusion.server | rid=- | Processing group chosen_sig=('', False, 512, 512, False, False, 'simple', 'euler', 25, False, True, 0.5, 10, 8, True, False, 'None', 1.0, 'canny', '', -1) items=1 request_ids=['ccbd47fd']
2026-02-10 19:26:27 | INFO | lightdiffusion.server | rid=- | Broadcasting preview step 0/25
2026-02-10 19:26:30 | ERROR | lightdiffusion.server | rid=- | Batch processing failed: No such file or directory: ./include/checkpoints/DreamShaper_8_pruned.safetensors
Traceback (most recent call last):
  File "C:\Users\Admin\Documents\LightDiffusion-Next\server.py", line 416, in _worker
    await self._process_group(to_process)
  File "C:\Users\Admin\Documents\LightDiffusion-Next\server.py", line 555, in _process_group
    result = await loop.run_in_executor(None, func)
             ^^^^^^^^^^^^^^^^^^^^^^^^^^^^^^^^^^^^^^
  File "C:\Users\Admin\AppData\Roaming\uv\python\cpython-3.12.12-windows-x86_64-none\Lib\concurrent\futures\thread.py", line 59, in run
    result = self.fn(*self.args, **self.kwargs)
             ^^^^^^^^^^^^^^^^^^^^^^^^^^^^^^^^^^
  File "C:\Users\Admin\Documents\LightDiffusion-Next\src\user\pipeline.py", line 277, in pipeline
    return pipeline_instance.run_batched(ctx, per_sample_info)
           ^^^^^^^^^^^^^^^^^^^^^^^^^^^^^^^^^^^^^^^^^^^^^^^^^^^
  File "C:\Users\Admin\Documents\LightDiffusion-Next\src\Core\Pipeline.py", line 559, in run_batched
    model = self._load_model(ctx)
            ^^^^^^^^^^^^^^^^^^^^^
  File "C:\Users\Admin\Documents\LightDiffusion-Next\src\Core\Pipeline.py", line 912, in _load_model
    model.load()
  File "C:\Users\Admin\Documents\LightDiffusion-Next\src\Core\Models\SD15Model.py", line 79, in load
    result = loader.load_checkpoint(ckpt_name=path)
             ^^^^^^^^^^^^^^^^^^^^^^^^^^^^^^^^^^^^^^
  File "C:\Users\Admin\Documents\LightDiffusion-Next\src\FileManaging\Loader.py", line 161, in load_checkpoint
    out = load_checkpoint_guess_config(
          ^^^^^^^^^^^^^^^^^^^^^^^^^^^^^
  File "C:\Users\Admin\Documents\LightDiffusion-Next\src\FileManaging\Loader.py", line 32, in load_checkpoint_guess_config
    sd = util.load_torch_file(ckpt_path)
         ^^^^^^^^^^^^^^^^^^^^^^^^^^^^^^^
  File "C:\Users\Admin\Documents\LightDiffusion-Next\src\Utilities\util.py", line 125, in load_torch_file
    sd = safetensors.torch.load_file(ckpt, device=device.type)
         ^^^^^^^^^^^^^^^^^^^^^^^^^^^^^^^^^^^^^^^^^^^^^^^^^^^^^
  File "C:\Users\Admin\Documents\LightDiffusion-Next\.venv\Lib\site-packages\safetensors\torch.py", line 336, in load_file
    with safe_open(filename, framework="pt", device=device) as f:
         ^^^^^^^^^^^^^^^^^^^^^^^^^^^^^^^^^^^^^^^^^^^^^^^^^^
FileNotFoundError: No such file or directory: ./include/checkpoints/DreamShaper_8_pruned.safetensors
2026-02-10 19:26:40 | INFO | lightdiffusion.server | rid=- | Interrupt requested via API
2026-02-10 19:26:40 | INFO | lightdiffusion.server | rid=d80ff64f | /api/generate called
2026-02-10 19:26:40 | DEBUG | lightdiffusion.server | rid=d80ff64f | Request: w=512 h=512 num_images=1 batch=1 scheduler=simple sampler=euler steps=25 hiresfix=False adetailer=False enhance=False img2img=False stable_fast=False reuse_seed=False realistic=False multiscale=False intermittent=True factor=0.5 fullres=[10,8] keep_models_loaded=True enable_preview=True prompt='An astronaut riding a horse on mars, detailed, 8k' neg='blurry, low quality, distorted' img2img_image_present=False
2026-02-10 19:26:40 | DEBUG | lightdiffusion.server | rid=- | Batch worker: pending groups={"('./include/checkpoints\\\\juggernautXL_ragnarokBy.safetensors', False, 512, 512, False, False, 'simple', 'euler', 25, False, True, 0.5, 10, 8, True, False, 'None', 1.0, 'canny', './include/checkpoints\\\\sd_xl_refiner_1.0.safetensors', 20)": 1} chosen_sig=('./include/checkpoints\\juggernautXL_ragnarokBy.safetensors', False, 512, 512, False, False, 'simple', 'euler', 25, False, True, 0.5, 10, 8, True, False, 'None', 1.0, 'canny', './include/checkpoints\\sd_xl_refiner_1.0.safetensors', 20) group_size=1 oldest_arrival=1770748000.888
2026-02-10 19:26:40 | DEBUG | lightdiffusion.server | rid=- | Processing singleton group for signature ('./include/checkpoints\\juggernautXL_ragnarokBy.safetensors', False, 512, 512, False, False, 'simple', 'euler', 25, False, True, 0.5, 10, 8, True, False, 'None', 1.0, 'canny', './include/checkpoints\\sd_xl_refiner_1.0.safetensors', 20) immediately (age=0.000s). LD_BATCH_WAIT_SINGLETONS=False
2026-02-10 19:26:40 | DEBUG | lightdiffusion.server | rid=- | Processing group chosen_sig=('./include/checkpoints\\juggernautXL_ragnarokBy.safetensors', False, 512, 512, False, False, 'simple', 'euler', 25, False, True, 0.5, 10, 8, True, False, 'None', 1.0, 'canny', './include/checkpoints\\sd_xl_refiner_1.0.safetensors', 20) items=1 request_ids=['d80ff64f']
2026-02-10 19:26:40 | INFO | lightdiffusion.server | rid=- | Broadcasting preview step 0/25
2026-02-10 19:27:00 | INFO | lightdiffusion.server | rid=- | Broadcasting preview step 0/20
2026-02-10 19:27:02 | INFO | lightdiffusion.server | rid=- | Broadcasting preview step 5/20
2026-02-10 19:27:04 | INFO | lightdiffusion.server | rid=- | Broadcasting preview step 10/20
2026-02-10 19:27:05 | INFO | lightdiffusion.server | rid=- | Broadcasting preview step 15/20
2026-02-10 19:27:07 | INFO | lightdiffusion.server | rid=- | Broadcasting preview step 19/20
2026-02-10 19:27:23 | INFO | lightdiffusion.server | rid=- | Broadcasting preview step 0/5
2026-02-10 19:27:24 | INFO | lightdiffusion.server | rid=- | Broadcasting preview step 4/5
2026-02-10 19:28:29 | INFO | lightdiffusion.server | rid=60b0ea05 | /api/generate called
2026-02-10 19:28:29 | DEBUG | lightdiffusion.server | rid=60b0ea05 | Request: w=512 h=512 num_images=1 batch=1 scheduler=simple sampler=euler steps=25 hiresfix=True adetailer=False enhance=False img2img=False stable_fast=False reuse_seed=False realistic=False multiscale=False intermittent=True factor=0.5 fullres=[10,8] keep_models_loaded=True enable_preview=True prompt='An astronaut riding a horse on mars, detailed, 8k' neg='blurry, low quality, distorted' img2img_image_present=False
2026-02-10 19:28:29 | DEBUG | lightdiffusion.server | rid=- | Batch worker: pending groups={"('./include/checkpoints\\\\juggernautXL_ragnarokBy.safetensors', False, 512, 512, False, False, 'simple', 'euler', 25, False, True, 0.5, 10, 8, True, False, 'None', 1.0, 'canny', './include/checkpoints\\\\sd_xl_refiner_1.0.safetensors', 20)": 1} chosen_sig=('./include/checkpoints\\juggernautXL_ragnarokBy.safetensors', False, 512, 512, False, False, 'simple', 'euler', 25, False, True, 0.5, 10, 8, True, False, 'None', 1.0, 'canny', './include/checkpoints\\sd_xl_refiner_1.0.safetensors', 20) group_size=1 oldest_arrival=1770748109.123
2026-02-10 19:28:29 | DEBUG | lightdiffusion.server | rid=- | Processing singleton group for signature ('./include/checkpoints\\juggernautXL_ragnarokBy.safetensors', False, 512, 512, False, False, 'simple', 'euler', 25, False, True, 0.5, 10, 8, True, False, 'None', 1.0, 'canny', './include/checkpoints\\sd_xl_refiner_1.0.safetensors', 20) immediately (age=0.000s). LD_BATCH_WAIT_SINGLETONS=False
2026-02-10 19:28:29 | DEBUG | lightdiffusion.server | rid=- | Processing group chosen_sig=('./include/checkpoints\\juggernautXL_ragnarokBy.safetensors', False, 512, 512, False, False, 'simple', 'euler', 25, False, True, 0.5, 10, 8, True, False, 'None', 1.0, 'canny', './include/checkpoints\\sd_xl_refiner_1.0.safetensors', 20) items=1 request_ids=['60b0ea05']
2026-02-10 19:28:29 | INFO | lightdiffusion.server | rid=- | Broadcasting preview step 0/25
2026-02-10 19:28:34 | INFO | lightdiffusion.server | rid=- | Broadcasting preview step 0/20
2026-02-10 19:28:36 | INFO | lightdiffusion.server | rid=- | Broadcasting preview step 5/20
2026-02-10 19:28:38 | INFO | lightdiffusion.server | rid=- | Broadcasting preview step 10/20
2026-02-10 19:28:40 | INFO | lightdiffusion.server | rid=- | Broadcasting preview step 15/20
2026-02-10 19:28:41 | INFO | lightdiffusion.server | rid=- | Broadcasting preview step 19/20
2026-02-10 19:28:46 | INFO | lightdiffusion.server | rid=- | Broadcasting preview step 0/5
2026-02-10 19:28:46 | INFO | lightdiffusion.server | rid=- | Broadcasting preview step 4/5
2026-02-10 19:28:51 | INFO | lightdiffusion.server | rid=- | Broadcasting preview step 0/12
2026-02-10 19:28:55 | INFO | lightdiffusion.server | rid=- | Broadcasting preview step 5/12
2026-02-10 19:28:58 | INFO | lightdiffusion.server | rid=- | Broadcasting preview step 10/12
2026-02-10 19:28:59 | INFO | lightdiffusion.server | rid=- | Broadcasting preview step 11/12
2026-02-10 19:29:22 | INFO | lightdiffusion.server | rid=8ba9ad20 | /api/generate called
2026-02-10 19:29:22 | DEBUG | lightdiffusion.server | rid=8ba9ad20 | Request: w=512 h=512 num_images=1 batch=1 scheduler=simple sampler=euler steps=25 hiresfix=False adetailer=True enhance=False img2img=False stable_fast=False reuse_seed=False realistic=False multiscale=False intermittent=True factor=0.5 fullres=[10,8] keep_models_loaded=True enable_preview=True prompt='a russian girl' neg='blurry, low quality, distorted' img2img_image_present=False
2026-02-10 19:29:22 | DEBUG | lightdiffusion.server | rid=- | Batch worker: pending groups={"('./include/checkpoints\\\\juggernautXL_ragnarokBy.safetensors', False, 512, 512, False, False, 'simple', 'euler', 25, False, True, 0.5, 10, 8, True, False, 'None', 1.0, 'canny', './include/checkpoints\\\\sd_xl_refiner_1.0.safetensors', 20)": 1} chosen_sig=('./include/checkpoints\\juggernautXL_ragnarokBy.safetensors', False, 512, 512, False, False, 'simple', 'euler', 25, False, True, 0.5, 10, 8, True, False, 'None', 1.0, 'canny', './include/checkpoints\\sd_xl_refiner_1.0.safetensors', 20) group_size=1 oldest_arrival=1770748162.187
2026-02-10 19:29:22 | DEBUG | lightdiffusion.server | rid=- | Processing singleton group for signature ('./include/checkpoints\\juggernautXL_ragnarokBy.safetensors', False, 512, 512, False, False, 'simple', 'euler', 25, False, True, 0.5, 10, 8, True, False, 'None', 1.0, 'canny', './include/checkpoints\\sd_xl_refiner_1.0.safetensors', 20) immediately (age=0.000s). LD_BATCH_WAIT_SINGLETONS=False
2026-02-10 19:29:22 | DEBUG | lightdiffusion.server | rid=- | Processing group chosen_sig=('./include/checkpoints\\juggernautXL_ragnarokBy.safetensors', False, 512, 512, False, False, 'simple', 'euler', 25, False, True, 0.5, 10, 8, True, False, 'None', 1.0, 'canny', './include/checkpoints\\sd_xl_refiner_1.0.safetensors', 20) items=1 request_ids=['8ba9ad20']
2026-02-10 19:29:22 | INFO | lightdiffusion.server | rid=- | Broadcasting preview step 0/25
2026-02-10 19:29:25 | INFO | lightdiffusion.server | rid=- | Broadcasting preview step 0/20
2026-02-10 19:29:27 | INFO | lightdiffusion.server | rid=- | Broadcasting preview step 5/20
2026-02-10 19:29:29 | INFO | lightdiffusion.server | rid=- | Broadcasting preview step 10/20
2026-02-10 19:29:31 | INFO | lightdiffusion.server | rid=- | Broadcasting preview step 15/20
2026-02-10 19:29:33 | INFO | lightdiffusion.server | rid=- | Broadcasting preview step 19/20
2026-02-10 19:29:36 | INFO | lightdiffusion.server | rid=- | Broadcasting preview step 0/5
2026-02-10 19:29:37 | INFO | lightdiffusion.server | rid=- | Broadcasting preview step 4/5
2026-02-10 19:29:46 | INFO | lightdiffusion.server | rid=- | Broadcasting preview step 0/20
2026-02-10 19:29:47 | INFO | lightdiffusion.server | rid=- | Broadcasting preview step 5/20
2026-02-10 19:29:48 | INFO | lightdiffusion.server | rid=- | Broadcasting preview step 10/20
2026-02-10 19:29:49 | INFO | lightdiffusion.server | rid=- | Broadcasting preview step 15/20
2026-02-10 19:29:49 | INFO | lightdiffusion.server | rid=- | Broadcasting preview step 19/20
2026-02-10 19:32:44 | INFO | lightdiffusion.server | rid=- | WebSocket client disconnected (remaining: 0)
2026-02-10 19:36:22 | INFO | lightdiffusion.server | rid=- | Shutting down frontend development server...
2026-02-10 19:36:23 | INFO | lightdiffusion.server | rid=- | Frontend development server shut down
2026-02-10 20:04:13 | DEBUG | lightdiffusion.server | rid=- | server module loaded; cwd=C:\Users\Admin\Documents\LightDiffusion-Next
2026-02-10 20:04:13 | INFO | lightdiffusion.server | rid=- | Pipeline and app_instance imported successfully
2026-02-10 20:04:13 | INFO | lightdiffusion.server | rid=- | Serving frontend from C:\Users\Admin\Documents\LightDiffusion-Next\frontend\dist
2026-02-10 20:04:13 | INFO | lightdiffusion.server | rid=- | Launching frontend development server...
2026-02-10 20:04:13 | INFO | lightdiffusion.server | rid=- | Frontend development server launched
2026-02-10 20:04:13 | DEBUG | lightdiffusion.server | rid=- | server module loaded; cwd=C:\Users\Admin\Documents\LightDiffusion-Next
2026-02-10 20:04:13 | INFO | lightdiffusion.server | rid=- | Pipeline and app_instance imported successfully
2026-02-10 20:04:13 | INFO | lightdiffusion.server | rid=- | Serving frontend from C:\Users\Admin\Documents\LightDiffusion-Next\frontend\dist
2026-02-10 20:04:13 | INFO | lightdiffusion.server | rid=- | GenerationBuffer worker task started
2026-02-10 20:04:13 | INFO | lightdiffusion.server | rid=- | Server startup complete, event loop captured for preview broadcasting
2026-02-10 20:04:13 | INFO | lightdiffusion.server | rid=- | Batching worker started; max_batch=4 timeout=0.5
2026-02-10 20:04:29 | INFO | lightdiffusion.server | rid=- | WebSocket client connected to /ws/preview (total: 1)
2026-02-10 20:04:42 | INFO | lightdiffusion.server | rid=- | WebSocket client disconnected (remaining: 0)
2026-02-10 20:04:42 | INFO | lightdiffusion.server | rid=- | WebSocket client connected to /ws/preview (total: 1)
2026-02-10 20:05:16 | INFO | lightdiffusion.server | rid=e0659e6f | /api/generate called
2026-02-10 20:05:16 | DEBUG | lightdiffusion.server | rid=e0659e6f | Request: w=1024 h=1024 num_images=1 batch=1 scheduler=karras sampler=dpmpp_2m steps=30 hiresfix=True adetailer=False enhance=False img2img=False stable_fast=False reuse_seed=False realistic=False multiscale=False intermittent=True factor=0.5 fullres=[10,8] keep_models_loaded=True enable_preview=True prompt='An astronaut riding a horse on mars, detailed, 8k' neg='blurry, low quality, distorted' img2img_image_present=False
2026-02-10 20:05:16 | DEBUG | lightdiffusion.server | rid=- | Batch worker: pending groups={"('', False, 1024, 1024, False, False, 'karras', 'dpmpp_2m', 30, False, True, 0.5, 10, 8, True, False, 'None', 1.0, 'canny', '', -1)": 1} chosen_sig=('', False, 1024, 1024, False, False, 'karras', 'dpmpp_2m', 30, False, True, 0.5, 10, 8, True, False, 'None', 1.0, 'canny', '', -1) group_size=1 oldest_arrival=1770750316.578
2026-02-10 20:05:16 | DEBUG | lightdiffusion.server | rid=- | Processing singleton group for signature ('', False, 1024, 1024, False, False, 'karras', 'dpmpp_2m', 30, False, True, 0.5, 10, 8, True, False, 'None', 1.0, 'canny', '', -1) immediately (age=0.000s). LD_BATCH_WAIT_SINGLETONS=False
2026-02-10 20:05:16 | DEBUG | lightdiffusion.server | rid=- | Processing group chosen_sig=('', False, 1024, 1024, False, False, 'karras', 'dpmpp_2m', 30, False, True, 0.5, 10, 8, True, False, 'None', 1.0, 'canny', '', -1) items=1 request_ids=['e0659e6f']
2026-02-10 20:05:16 | INFO | lightdiffusion.server | rid=- | Broadcasting preview step 0/30
2026-02-10 20:05:20 | ERROR | lightdiffusion.server | rid=- | Batch processing failed: No such file or directory: ./include/checkpoints/DreamShaper_8_pruned.safetensors
Traceback (most recent call last):
  File "C:\Users\Admin\Documents\LightDiffusion-Next\server.py", line 416, in _worker
    await self._process_group(to_process)
  File "C:\Users\Admin\Documents\LightDiffusion-Next\server.py", line 555, in _process_group
    result = await loop.run_in_executor(None, func)
             ^^^^^^^^^^^^^^^^^^^^^^^^^^^^^^^^^^^^^^
  File "C:\Users\Admin\AppData\Roaming\uv\python\cpython-3.12.12-windows-x86_64-none\Lib\concurrent\futures\thread.py", line 59, in run
    result = self.fn(*self.args, **self.kwargs)
             ^^^^^^^^^^^^^^^^^^^^^^^^^^^^^^^^^^
  File "C:\Users\Admin\Documents\LightDiffusion-Next\src\user\pipeline.py", line 277, in pipeline
    return pipeline_instance.run_batched(ctx, per_sample_info)
           ^^^^^^^^^^^^^^^^^^^^^^^^^^^^^^^^^^^^^^^^^^^^^^^^^^^
  File "C:\Users\Admin\Documents\LightDiffusion-Next\src\Core\Pipeline.py", line 559, in run_batched
    model = self._load_model(ctx)
            ^^^^^^^^^^^^^^^^^^^^^
  File "C:\Users\Admin\Documents\LightDiffusion-Next\src\Core\Pipeline.py", line 912, in _load_model
    model.load()
  File "C:\Users\Admin\Documents\LightDiffusion-Next\src\Core\Models\SD15Model.py", line 79, in load
    result = loader.load_checkpoint(ckpt_name=path)
             ^^^^^^^^^^^^^^^^^^^^^^^^^^^^^^^^^^^^^^
  File "C:\Users\Admin\Documents\LightDiffusion-Next\src\FileManaging\Loader.py", line 161, in load_checkpoint
    out = load_checkpoint_guess_config(
          ^^^^^^^^^^^^^^^^^^^^^^^^^^^^^
  File "C:\Users\Admin\Documents\LightDiffusion-Next\src\FileManaging\Loader.py", line 32, in load_checkpoint_guess_config
    sd = util.load_torch_file(ckpt_path)
         ^^^^^^^^^^^^^^^^^^^^^^^^^^^^^^^
  File "C:\Users\Admin\Documents\LightDiffusion-Next\src\Utilities\util.py", line 125, in load_torch_file
    sd = safetensors.torch.load_file(ckpt, device=device.type)
         ^^^^^^^^^^^^^^^^^^^^^^^^^^^^^^^^^^^^^^^^^^^^^^^^^^^^^
  File "C:\Users\Admin\Documents\LightDiffusion-Next\.venv\Lib\site-packages\safetensors\torch.py", line 336, in load_file
    with safe_open(filename, framework="pt", device=device) as f:
         ^^^^^^^^^^^^^^^^^^^^^^^^^^^^^^^^^^^^^^^^^^^^^^^^^^
FileNotFoundError: No such file or directory: ./include/checkpoints/DreamShaper_8_pruned.safetensors
2026-02-10 20:05:24 | INFO | lightdiffusion.server | rid=- | WebSocket client disconnected (remaining: 0)
2026-02-10 20:05:24 | INFO | lightdiffusion.server | rid=- | WebSocket client connected to /ws/preview (total: 1)
2026-02-10 20:05:37 | INFO | lightdiffusion.server | rid=9ba00bb8 | /api/generate called
2026-02-10 20:05:37 | DEBUG | lightdiffusion.server | rid=9ba00bb8 | Request: w=1024 h=1024 num_images=1 batch=1 scheduler=karras sampler=dpmpp_2m steps=30 hiresfix=True adetailer=False enhance=False img2img=False stable_fast=False reuse_seed=False realistic=False multiscale=False intermittent=True factor=0.5 fullres=[10,8] keep_models_loaded=True enable_preview=True prompt='An astronaut riding a horse on mars, detailed, 8k' neg='blurry, low quality, distorted' img2img_image_present=False
2026-02-10 20:05:37 | DEBUG | lightdiffusion.server | rid=- | Batch worker: pending groups={"('./include/checkpoints\\\\juggernautXL_ragnarokBy.safetensors', False, 1024, 1024, False, False, 'karras', 'dpmpp_2m', 30, False, True, 0.5, 10, 8, True, False, 'None', 1.0, 'canny', '', 15)": 1} chosen_sig=('./include/checkpoints\\juggernautXL_ragnarokBy.safetensors', False, 1024, 1024, False, False, 'karras', 'dpmpp_2m', 30, False, True, 0.5, 10, 8, True, False, 'None', 1.0, 'canny', '', 15) group_size=1 oldest_arrival=1770750337.863
2026-02-10 20:05:37 | DEBUG | lightdiffusion.server | rid=- | Processing singleton group for signature ('./include/checkpoints\\juggernautXL_ragnarokBy.safetensors', False, 1024, 1024, False, False, 'karras', 'dpmpp_2m', 30, False, True, 0.5, 10, 8, True, False, 'None', 1.0, 'canny', '', 15) immediately (age=0.000s). LD_BATCH_WAIT_SINGLETONS=False
2026-02-10 20:05:37 | DEBUG | lightdiffusion.server | rid=- | Processing group chosen_sig=('./include/checkpoints\\juggernautXL_ragnarokBy.safetensors', False, 1024, 1024, False, False, 'karras', 'dpmpp_2m', 30, False, True, 0.5, 10, 8, True, False, 'None', 1.0, 'canny', '', 15) items=1 request_ids=['9ba00bb8']
2026-02-10 20:05:37 | INFO | lightdiffusion.server | rid=- | Broadcasting preview step 0/30
2026-02-10 20:05:44 | INFO | lightdiffusion.server | rid=- | Interrupt requested via API
2026-02-10 20:05:54 | INFO | lightdiffusion.server | rid=2faaf325 | /api/generate called
2026-02-10 20:05:54 | DEBUG | lightdiffusion.server | rid=2faaf325 | Request: w=1024 h=1024 num_images=1 batch=1 scheduler=karras sampler=dpmpp_2m steps=30 hiresfix=True adetailer=False enhance=False img2img=False stable_fast=False reuse_seed=False realistic=False multiscale=False intermittent=True factor=0.5 fullres=[10,8] keep_models_loaded=True enable_preview=True prompt='An astronaut riding a horse on mars, detailed, 8k' neg='blurry, low quality, distorted' img2img_image_present=False
2026-02-10 20:06:13 | ERROR | lightdiffusion.server | rid=- | Batch processing failed: Generation interrupted
Traceback (most recent call last):
  File "C:\Users\Admin\Documents\LightDiffusion-Next\server.py", line 416, in _worker
    await self._process_group(to_process)
  File "C:\Users\Admin\Documents\LightDiffusion-Next\server.py", line 555, in _process_group
    result = await loop.run_in_executor(None, func)
             ^^^^^^^^^^^^^^^^^^^^^^^^^^^^^^^^^^^^^^
  File "C:\Users\Admin\AppData\Roaming\uv\python\cpython-3.12.12-windows-x86_64-none\Lib\concurrent\futures\thread.py", line 59, in run
    result = self.fn(*self.args, **self.kwargs)
             ^^^^^^^^^^^^^^^^^^^^^^^^^^^^^^^^^^
  File "C:\Users\Admin\Documents\LightDiffusion-Next\src\user\pipeline.py", line 277, in pipeline
    return pipeline_instance.run_batched(ctx, per_sample_info)
           ^^^^^^^^^^^^^^^^^^^^^^^^^^^^^^^^^^^^^^^^^^^^^^^^^^^
  File "C:\Users\Admin\Documents\LightDiffusion-Next\src\Core\Pipeline.py", line 784, in run_batched
    self._check_interrupt()
  File "C:\Users\Admin\Documents\LightDiffusion-Next\src\Core\Pipeline.py", line 1014, in _check_interrupt
    raise InterruptedError("Generation interrupted")
InterruptedError: Generation interrupted
2026-02-10 20:06:13 | DEBUG | lightdiffusion.server | rid=- | Batch worker: pending groups={"('./include/checkpoints\\\\juggernautXL_ragnarokBy.safetensors', False, 1024, 1024, False, False, 'karras', 'dpmpp_2m', 30, False, True, 0.5, 10, 8, True, False, 'None', 1.0, 'canny', './include/checkpoints\\\\sd_xl_refiner_1.0.safetensors', 25)": 1} chosen_sig=('./include/checkpoints\\juggernautXL_ragnarokBy.safetensors', False, 1024, 1024, False, False, 'karras', 'dpmpp_2m', 30, False, True, 0.5, 10, 8, True, False, 'None', 1.0, 'canny', './include/checkpoints\\sd_xl_refiner_1.0.safetensors', 25) group_size=1 oldest_arrival=1770750354.057
2026-02-10 20:06:13 | DEBUG | lightdiffusion.server | rid=- | Processing singleton group for signature ('./include/checkpoints\\juggernautXL_ragnarokBy.safetensors', False, 1024, 1024, False, False, 'karras', 'dpmpp_2m', 30, False, True, 0.5, 10, 8, True, False, 'None', 1.0, 'canny', './include/checkpoints\\sd_xl_refiner_1.0.safetensors', 25) immediately (age=19.425s). LD_BATCH_WAIT_SINGLETONS=False
2026-02-10 20:06:13 | DEBUG | lightdiffusion.server | rid=- | Processing group chosen_sig=('./include/checkpoints\\juggernautXL_ragnarokBy.safetensors', False, 1024, 1024, False, False, 'karras', 'dpmpp_2m', 30, False, True, 0.5, 10, 8, True, False, 'None', 1.0, 'canny', './include/checkpoints\\sd_xl_refiner_1.0.safetensors', 25) items=1 request_ids=['2faaf325']
2026-02-10 20:06:13 | INFO | lightdiffusion.server | rid=- | Broadcasting preview step 0/30
2026-02-10 20:06:19 | INFO | lightdiffusion.server | rid=- | Broadcasting preview step 0/25
2026-02-10 20:06:25 | INFO | lightdiffusion.server | rid=- | Broadcasting preview step 5/25
2026-02-10 20:06:30 | INFO | lightdiffusion.server | rid=- | Broadcasting preview step 10/25
2026-02-10 20:06:35 | INFO | lightdiffusion.server | rid=- | Broadcasting preview step 15/25
2026-02-10 20:06:41 | INFO | lightdiffusion.server | rid=- | Broadcasting preview step 20/25
2026-02-10 20:06:45 | INFO | lightdiffusion.server | rid=- | Broadcasting preview step 24/25
2026-02-10 20:07:02 | INFO | lightdiffusion.server | rid=- | Broadcasting preview step 0/5
2026-02-10 20:07:15 | INFO | lightdiffusion.server | rid=- | Broadcasting preview step 4/5
2026-02-10 20:09:33 | INFO | lightdiffusion.server | rid=- | Interrupt requested via API
2026-02-10 20:09:42 | INFO | lightdiffusion.server | rid=fe80bbe7 | /api/generate called
2026-02-10 20:09:42 | DEBUG | lightdiffusion.server | rid=fe80bbe7 | Request: w=512 h=512 num_images=1 batch=1 scheduler=karras sampler=dpmpp_2m steps=30 hiresfix=True adetailer=False enhance=False img2img=False stable_fast=False reuse_seed=False realistic=False multiscale=False intermittent=True factor=0.5 fullres=[10,8] keep_models_loaded=True enable_preview=True prompt='An astronaut riding a horse on mars, detailed, 8k' neg='blurry, low quality, distorted' img2img_image_present=False
2026-02-10 20:11:19 | INFO | lightdiffusion.server | rid=- | WebSocket client disconnected (remaining: 0)
2026-02-10 20:11:31 | INFO | lightdiffusion.server | rid=- | Shutting down frontend development server...
2026-02-10 20:11:31 | INFO | lightdiffusion.server | rid=- | Frontend development server shut down
2026-02-10 20:12:10 | DEBUG | lightdiffusion.server | rid=- | server module loaded; cwd=C:\Users\Admin\Documents\LightDiffusion-Next
2026-02-10 20:12:10 | INFO | lightdiffusion.server | rid=- | Pipeline and app_instance imported successfully
2026-02-10 20:12:10 | INFO | lightdiffusion.server | rid=- | Serving frontend from C:\Users\Admin\Documents\LightDiffusion-Next\frontend\dist
2026-02-10 20:12:10 | INFO | lightdiffusion.server | rid=- | Launching frontend development server...
2026-02-10 20:12:10 | INFO | lightdiffusion.server | rid=- | Frontend development server launched
2026-02-10 20:12:10 | DEBUG | lightdiffusion.server | rid=- | server module loaded; cwd=C:\Users\Admin\Documents\LightDiffusion-Next
2026-02-10 20:12:10 | INFO | lightdiffusion.server | rid=- | Pipeline and app_instance imported successfully
2026-02-10 20:12:10 | INFO | lightdiffusion.server | rid=- | Serving frontend from C:\Users\Admin\Documents\LightDiffusion-Next\frontend\dist
2026-02-10 20:12:10 | INFO | lightdiffusion.server | rid=- | GenerationBuffer worker task started
2026-02-10 20:12:10 | INFO | lightdiffusion.server | rid=- | Server startup complete, event loop captured for preview broadcasting
2026-02-10 20:12:10 | INFO | lightdiffusion.server | rid=- | Batching worker started; max_batch=4 timeout=0.5
2026-02-10 20:12:11 | INFO | lightdiffusion.server | rid=- | WebSocket client connected to /ws/preview (total: 1)
2026-02-10 20:12:15 | INFO | lightdiffusion.server | rid=- | WebSocket client disconnected (remaining: 0)
2026-02-10 20:12:15 | INFO | lightdiffusion.server | rid=- | WebSocket client connected to /ws/preview (total: 1)
2026-02-10 20:12:19 | INFO | lightdiffusion.server | rid=- | WebSocket client disconnected (remaining: 0)
2026-02-10 20:12:19 | INFO | lightdiffusion.server | rid=- | WebSocket client connected to /ws/preview (total: 1)
2026-02-10 20:12:19 | INFO | lightdiffusion.server | rid=- | WebSocket client disconnected (remaining: 0)
2026-02-10 20:12:19 | INFO | lightdiffusion.server | rid=- | WebSocket client connected to /ws/preview (total: 1)
2026-02-10 20:12:25 | INFO | lightdiffusion.server | rid=d6122a48 | /api/generate called
2026-02-10 20:12:25 | DEBUG | lightdiffusion.server | rid=d6122a48 | Request: w=512 h=512 num_images=1 batch=1 scheduler=simple sampler=euler steps=25 hiresfix=False adetailer=False enhance=False img2img=False stable_fast=False reuse_seed=False realistic=False multiscale=False intermittent=True factor=0.5 fullres=[10,8] keep_models_loaded=True enable_preview=True prompt='An astronaut riding a horse on mars, detailed, 8k' neg='blurry, low quality, distorted' img2img_image_present=False
2026-02-10 20:12:25 | DEBUG | lightdiffusion.server | rid=- | Batch worker: pending groups={"('./include/checkpoints\\\\juggernautXL_ragnarokBy.safetensors', False, 512, 512, False, False, 'simple', 'euler', 25, False, True, 0.5, 10, 8, True, False, 'None', 1.0, 'canny', '', 15)": 1} chosen_sig=('./include/checkpoints\\juggernautXL_ragnarokBy.safetensors', False, 512, 512, False, False, 'simple', 'euler', 25, False, True, 0.5, 10, 8, True, False, 'None', 1.0, 'canny', '', 15) group_size=1 oldest_arrival=1770750745.524
2026-02-10 20:12:25 | DEBUG | lightdiffusion.server | rid=- | Processing singleton group for signature ('./include/checkpoints\\juggernautXL_ragnarokBy.safetensors', False, 512, 512, False, False, 'simple', 'euler', 25, False, True, 0.5, 10, 8, True, False, 'None', 1.0, 'canny', '', 15) immediately (age=0.000s). LD_BATCH_WAIT_SINGLETONS=False
2026-02-10 20:12:25 | DEBUG | lightdiffusion.server | rid=- | Processing group chosen_sig=('./include/checkpoints\\juggernautXL_ragnarokBy.safetensors', False, 512, 512, False, False, 'simple', 'euler', 25, False, True, 0.5, 10, 8, True, False, 'None', 1.0, 'canny', '', 15) items=1 request_ids=['d6122a48']
2026-02-10 20:12:25 | INFO | lightdiffusion.server | rid=- | Broadcasting preview step 0/25
2026-02-10 20:12:42 | INFO | lightdiffusion.server | rid=- | Broadcasting preview step 0/25
2026-02-10 20:12:44 | INFO | lightdiffusion.server | rid=- | Broadcasting preview step 5/25
2026-02-10 20:12:45 | INFO | lightdiffusion.server | rid=- | Broadcasting preview step 10/25
2026-02-10 20:12:47 | INFO | lightdiffusion.server | rid=- | Broadcasting preview step 15/25
2026-02-10 20:12:49 | INFO | lightdiffusion.server | rid=- | Broadcasting preview step 20/25
2026-02-10 20:12:51 | INFO | lightdiffusion.server | rid=- | Broadcasting preview step 24/25
2026-02-10 20:13:12 | INFO | lightdiffusion.server | rid=c3a26869 | /api/generate called
2026-02-10 20:13:12 | DEBUG | lightdiffusion.server | rid=c3a26869 | Request: w=512 h=512 num_images=1 batch=1 scheduler=karras sampler=dpmpp_2m steps=30 hiresfix=False adetailer=False enhance=False img2img=False stable_fast=False reuse_seed=False realistic=False multiscale=False intermittent=True factor=0.5 fullres=[10,8] keep_models_loaded=True enable_preview=True prompt='An astronaut riding a horse on mars, detailed, 8k' neg='blurry, low quality, distorted' img2img_image_present=False
2026-02-10 20:13:12 | DEBUG | lightdiffusion.server | rid=- | Batch worker: pending groups={"('./include/checkpoints\\\\juggernautXL_ragnarokBy.safetensors', False, 512, 512, False, False, 'karras', 'dpmpp_2m', 30, False, True, 0.5, 10, 8, True, False, 'None', 1.0, 'canny', './include/checkpoints\\\\sd_xl_refiner_1.0.safetensors', 25)": 1} chosen_sig=('./include/checkpoints\\juggernautXL_ragnarokBy.safetensors', False, 512, 512, False, False, 'karras', 'dpmpp_2m', 30, False, True, 0.5, 10, 8, True, False, 'None', 1.0, 'canny', './include/checkpoints\\sd_xl_refiner_1.0.safetensors', 25) group_size=1 oldest_arrival=1770750792.983
2026-02-10 20:13:12 | DEBUG | lightdiffusion.server | rid=- | Processing singleton group for signature ('./include/checkpoints\\juggernautXL_ragnarokBy.safetensors', False, 512, 512, False, False, 'karras', 'dpmpp_2m', 30, False, True, 0.5, 10, 8, True, False, 'None', 1.0, 'canny', './include/checkpoints\\sd_xl_refiner_1.0.safetensors', 25) immediately (age=0.000s). LD_BATCH_WAIT_SINGLETONS=False
2026-02-10 20:13:12 | DEBUG | lightdiffusion.server | rid=- | Processing group chosen_sig=('./include/checkpoints\\juggernautXL_ragnarokBy.safetensors', False, 512, 512, False, False, 'karras', 'dpmpp_2m', 30, False, True, 0.5, 10, 8, True, False, 'None', 1.0, 'canny', './include/checkpoints\\sd_xl_refiner_1.0.safetensors', 25) items=1 request_ids=['c3a26869']
2026-02-10 20:13:12 | INFO | lightdiffusion.server | rid=- | Broadcasting preview step 0/30
2026-02-10 20:13:14 | INFO | lightdiffusion.server | rid=- | Broadcasting preview step 0/25
2026-02-10 20:13:16 | INFO | lightdiffusion.server | rid=- | Broadcasting preview step 5/25
2026-02-10 20:13:17 | INFO | lightdiffusion.server | rid=- | Broadcasting preview step 10/25
2026-02-10 20:13:19 | INFO | lightdiffusion.server | rid=- | Broadcasting preview step 15/25
2026-02-10 20:13:20 | INFO | lightdiffusion.server | rid=- | Broadcasting preview step 20/25
2026-02-10 20:13:21 | INFO | lightdiffusion.server | rid=- | Broadcasting preview step 24/25
2026-02-10 20:13:35 | INFO | lightdiffusion.server | rid=- | Broadcasting preview step 0/5
2026-02-10 20:13:36 | INFO | lightdiffusion.server | rid=- | Broadcasting preview step 4/5
2026-02-10 20:13:41 | INFO | lightdiffusion.server | rid=3d00d833 | /api/generate called
2026-02-10 20:13:41 | DEBUG | lightdiffusion.server | rid=3d00d833 | Request: w=512 h=512 num_images=1 batch=1 scheduler=karras sampler=dpmpp_2m steps=30 hiresfix=True adetailer=False enhance=False img2img=False stable_fast=False reuse_seed=False realistic=False multiscale=False intermittent=True factor=0.5 fullres=[10,8] keep_models_loaded=True enable_preview=True prompt='An astronaut riding a horse on mars, detailed, 8k' neg='blurry, low quality, distorted' img2img_image_present=False
2026-02-10 20:13:41 | DEBUG | lightdiffusion.server | rid=- | Batch worker: pending groups={"('./include/checkpoints\\\\juggernautXL_ragnarokBy.safetensors', False, 512, 512, False, False, 'karras', 'dpmpp_2m', 30, False, True, 0.5, 10, 8, True, False, 'None', 1.0, 'canny', './include/checkpoints\\\\sd_xl_refiner_1.0.safetensors', 25)": 1} chosen_sig=('./include/checkpoints\\juggernautXL_ragnarokBy.safetensors', False, 512, 512, False, False, 'karras', 'dpmpp_2m', 30, False, True, 0.5, 10, 8, True, False, 'None', 1.0, 'canny', './include/checkpoints\\sd_xl_refiner_1.0.safetensors', 25) group_size=1 oldest_arrival=1770750821.441
2026-02-10 20:13:41 | DEBUG | lightdiffusion.server | rid=- | Processing singleton group for signature ('./include/checkpoints\\juggernautXL_ragnarokBy.safetensors', False, 512, 512, False, False, 'karras', 'dpmpp_2m', 30, False, True, 0.5, 10, 8, True, False, 'None', 1.0, 'canny', './include/checkpoints\\sd_xl_refiner_1.0.safetensors', 25) immediately (age=0.001s). LD_BATCH_WAIT_SINGLETONS=False
2026-02-10 20:13:41 | DEBUG | lightdiffusion.server | rid=- | Processing group chosen_sig=('./include/checkpoints\\juggernautXL_ragnarokBy.safetensors', False, 512, 512, False, False, 'karras', 'dpmpp_2m', 30, False, True, 0.5, 10, 8, True, False, 'None', 1.0, 'canny', './include/checkpoints\\sd_xl_refiner_1.0.safetensors', 25) items=1 request_ids=['3d00d833']
2026-02-10 20:13:41 | INFO | lightdiffusion.server | rid=- | Broadcasting preview step 0/30
2026-02-10 20:13:43 | INFO | lightdiffusion.server | rid=- | Broadcasting preview step 0/25
2026-02-10 20:13:44 | INFO | lightdiffusion.server | rid=- | Broadcasting preview step 5/25
2026-02-10 20:13:45 | INFO | lightdiffusion.server | rid=- | Broadcasting preview step 10/25
2026-02-10 20:13:46 | INFO | lightdiffusion.server | rid=- | Broadcasting preview step 15/25
2026-02-10 20:13:47 | INFO | lightdiffusion.server | rid=- | Broadcasting preview step 20/25
2026-02-10 20:13:48 | INFO | lightdiffusion.server | rid=- | Broadcasting preview step 24/25
2026-02-10 20:13:50 | INFO | lightdiffusion.server | rid=- | Broadcasting preview step 0/5
2026-02-10 20:13:51 | INFO | lightdiffusion.server | rid=- | Broadcasting preview step 4/5
2026-02-10 20:13:54 | INFO | lightdiffusion.server | rid=- | Broadcasting preview step 0/15
2026-02-10 20:13:58 | INFO | lightdiffusion.server | rid=- | Broadcasting preview step 5/15
2026-02-10 20:14:01 | INFO | lightdiffusion.server | rid=- | Broadcasting preview step 10/15
2026-02-10 20:14:04 | INFO | lightdiffusion.server | rid=- | Broadcasting preview step 14/15
2026-02-10 20:14:15 | INFO | lightdiffusion.server | rid=02de6901 | /api/generate called
2026-02-10 20:14:15 | DEBUG | lightdiffusion.server | rid=02de6901 | Request: w=512 h=512 num_images=1 batch=1 scheduler=karras sampler=dpmpp_2m steps=30 hiresfix=True adetailer=False enhance=False img2img=False stable_fast=False reuse_seed=False realistic=False multiscale=False intermittent=True factor=0.5 fullres=[10,8] keep_models_loaded=True enable_preview=True prompt='An astronaut riding a horse on mars, detailed, 8k' neg='blurry, low quality, distorted' img2img_image_present=False
2026-02-10 20:14:15 | DEBUG | lightdiffusion.server | rid=- | Batch worker: pending groups={"('./include/checkpoints\\\\juggernautXL_ragnarokBy.safetensors', False, 512, 512, False, False, 'karras', 'dpmpp_2m', 30, False, True, 0.5, 10, 8, True, False, 'None', 1.0, 'canny', './include/checkpoints\\\\sd_xl_refiner_1.0.safetensors', 25)": 1} chosen_sig=('./include/checkpoints\\juggernautXL_ragnarokBy.safetensors', False, 512, 512, False, False, 'karras', 'dpmpp_2m', 30, False, True, 0.5, 10, 8, True, False, 'None', 1.0, 'canny', './include/checkpoints\\sd_xl_refiner_1.0.safetensors', 25) group_size=1 oldest_arrival=1770750855.176
2026-02-10 20:14:15 | DEBUG | lightdiffusion.server | rid=- | Processing singleton group for signature ('./include/checkpoints\\juggernautXL_ragnarokBy.safetensors', False, 512, 512, False, False, 'karras', 'dpmpp_2m', 30, False, True, 0.5, 10, 8, True, False, 'None', 1.0, 'canny', './include/checkpoints\\sd_xl_refiner_1.0.safetensors', 25) immediately (age=0.000s). LD_BATCH_WAIT_SINGLETONS=False
2026-02-10 20:14:15 | DEBUG | lightdiffusion.server | rid=- | Processing group chosen_sig=('./include/checkpoints\\juggernautXL_ragnarokBy.safetensors', False, 512, 512, False, False, 'karras', 'dpmpp_2m', 30, False, True, 0.5, 10, 8, True, False, 'None', 1.0, 'canny', './include/checkpoints\\sd_xl_refiner_1.0.safetensors', 25) items=1 request_ids=['02de6901']
2026-02-10 20:14:15 | INFO | lightdiffusion.server | rid=- | Broadcasting preview step 0/30
2026-02-10 20:14:17 | INFO | lightdiffusion.server | rid=- | Broadcasting preview step 0/25
2026-02-10 20:14:19 | INFO | lightdiffusion.server | rid=- | Broadcasting preview step 5/25
2026-02-10 20:14:20 | INFO | lightdiffusion.server | rid=- | Broadcasting preview step 10/25
2026-02-10 20:14:21 | INFO | lightdiffusion.server | rid=- | Broadcasting preview step 15/25
2026-02-10 20:14:22 | INFO | lightdiffusion.server | rid=- | Broadcasting preview step 20/25
2026-02-10 20:14:22 | INFO | lightdiffusion.server | rid=- | Broadcasting preview step 24/25
2026-02-10 20:14:25 | INFO | lightdiffusion.server | rid=- | Broadcasting preview step 0/5
2026-02-10 20:14:25 | INFO | lightdiffusion.server | rid=- | Broadcasting preview step 4/5
2026-02-10 20:14:26 | INFO | lightdiffusion.server | rid=- | Broadcasting preview step 0/15
2026-02-10 20:14:30 | INFO | lightdiffusion.server | rid=- | Broadcasting preview step 5/15
2026-02-10 20:14:33 | INFO | lightdiffusion.server | rid=- | Broadcasting preview step 10/15
2026-02-10 20:14:36 | INFO | lightdiffusion.server | rid=- | Broadcasting preview step 14/15
2026-02-10 20:14:43 | INFO | lightdiffusion.server | rid=f5cd9a33 | /api/generate called
2026-02-10 20:14:43 | DEBUG | lightdiffusion.server | rid=f5cd9a33 | Request: w=512 h=512 num_images=1 batch=1 scheduler=karras sampler=dpmpp_2m steps=30 hiresfix=False adetailer=True enhance=False img2img=False stable_fast=False reuse_seed=False realistic=False multiscale=False intermittent=True factor=0.5 fullres=[10,8] keep_models_loaded=True enable_preview=True prompt='a russian girl' neg='blurry, low quality, distorted' img2img_image_present=False
2026-02-10 20:14:43 | DEBUG | lightdiffusion.server | rid=- | Batch worker: pending groups={"('./include/checkpoints\\\\juggernautXL_ragnarokBy.safetensors', False, 512, 512, False, False, 'karras', 'dpmpp_2m', 30, False, True, 0.5, 10, 8, True, False, 'None', 1.0, 'canny', './include/checkpoints\\\\sd_xl_refiner_1.0.safetensors', 25)": 1} chosen_sig=('./include/checkpoints\\juggernautXL_ragnarokBy.safetensors', False, 512, 512, False, False, 'karras', 'dpmpp_2m', 30, False, True, 0.5, 10, 8, True, False, 'None', 1.0, 'canny', './include/checkpoints\\sd_xl_refiner_1.0.safetensors', 25) group_size=1 oldest_arrival=1770750883.491
2026-02-10 20:14:43 | DEBUG | lightdiffusion.server | rid=- | Processing singleton group for signature ('./include/checkpoints\\juggernautXL_ragnarokBy.safetensors', False, 512, 512, False, False, 'karras', 'dpmpp_2m', 30, False, True, 0.5, 10, 8, True, False, 'None', 1.0, 'canny', './include/checkpoints\\sd_xl_refiner_1.0.safetensors', 25) immediately (age=0.000s). LD_BATCH_WAIT_SINGLETONS=False
2026-02-10 20:14:43 | DEBUG | lightdiffusion.server | rid=- | Processing group chosen_sig=('./include/checkpoints\\juggernautXL_ragnarokBy.safetensors', False, 512, 512, False, False, 'karras', 'dpmpp_2m', 30, False, True, 0.5, 10, 8, True, False, 'None', 1.0, 'canny', './include/checkpoints\\sd_xl_refiner_1.0.safetensors', 25) items=1 request_ids=['f5cd9a33']
2026-02-10 20:14:43 | INFO | lightdiffusion.server | rid=- | Broadcasting preview step 0/30
2026-02-10 20:14:46 | INFO | lightdiffusion.server | rid=- | Broadcasting preview step 0/25
2026-02-10 20:14:47 | INFO | lightdiffusion.server | rid=- | Broadcasting preview step 5/25
2026-02-10 20:14:48 | INFO | lightdiffusion.server | rid=- | Broadcasting preview step 10/25
2026-02-10 20:14:49 | INFO | lightdiffusion.server | rid=- | Broadcasting preview step 15/25
2026-02-10 20:14:50 | INFO | lightdiffusion.server | rid=- | Broadcasting preview step 20/25
2026-02-10 20:14:51 | INFO | lightdiffusion.server | rid=- | Broadcasting preview step 24/25
2026-02-10 20:14:53 | INFO | lightdiffusion.server | rid=- | Broadcasting preview step 0/5
2026-02-10 20:14:54 | INFO | lightdiffusion.server | rid=- | Broadcasting preview step 4/5
2026-02-10 20:15:02 | INFO | lightdiffusion.server | rid=- | Broadcasting preview step 0/20
2026-02-10 20:15:03 | INFO | lightdiffusion.server | rid=- | Broadcasting preview step 5/20
2026-02-10 20:15:04 | INFO | lightdiffusion.server | rid=- | Broadcasting preview step 10/20
2026-02-10 20:15:05 | INFO | lightdiffusion.server | rid=- | Broadcasting preview step 15/20
2026-02-10 20:15:06 | INFO | lightdiffusion.server | rid=- | Broadcasting preview step 19/20
2026-02-10 20:15:26 | INFO | lightdiffusion.server | rid=- | WebSocket client disconnected (remaining: 0)
2026-02-10 20:15:26 | INFO | lightdiffusion.server | rid=- | Shutting down frontend development server...
2026-02-10 20:15:26 | INFO | lightdiffusion.server | rid=- | Frontend development server shut down
2026-02-10 20:36:55 | DEBUG | lightdiffusion.server | rid=- | server module loaded; cwd=C:\Users\Admin\Documents\LightDiffusion-Next
2026-02-10 20:36:55 | INFO | lightdiffusion.server | rid=- | Pipeline and app_instance imported successfully
2026-02-10 20:36:55 | INFO | lightdiffusion.server | rid=- | Serving frontend from C:\Users\Admin\Documents\LightDiffusion-Next\frontend\dist
2026-02-10 20:37:01 | INFO | lightdiffusion.server | rid=b5cd39c4 | /api/generate called
2026-02-10 20:37:01 | DEBUG | lightdiffusion.server | rid=b5cd39c4 | Request: w=512 h=512 num_images=1 batch=1 scheduler=ays sampler=dpmpp_sde_cfgpp steps=20 hiresfix=False adetailer=False enhance=False img2img=False stable_fast=False reuse_seed=False realistic=False multiscale=False intermittent=True factor=0.5 fullres=[10,8] keep_models_loaded=True enable_preview=True prompt='test' neg='' img2img_image_present=False
2026-02-10 20:37:01 | INFO | lightdiffusion.server | rid=- | Saved img2img image to C:\Users\Admin\AppData\Local\Temp\img2img-b84e37c9.png
2026-02-10 20:37:01 | INFO | lightdiffusion.server | rid=- | Saved img2img image to C:\Users\Admin\AppData\Local\Temp\img2img-cbbf6aa9.png
2026-02-10 20:37:01 | INFO | lightdiffusion.server | rid=7908e9c1 | /api/generate called
2026-02-10 20:37:01 | DEBUG | lightdiffusion.server | rid=7908e9c1 | Request: w=512 h=512 num_images=1 batch=1 scheduler=ays sampler=dpmpp_sde_cfgpp steps=20 hiresfix=False adetailer=False enhance=False img2img=True stable_fast=False reuse_seed=False realistic=False multiscale=False intermittent=True factor=0.5 fullres=[10,8] keep_models_loaded=True enable_preview=False prompt='test' neg='' img2img_image_present=True
2026-02-10 20:37:01 | INFO | lightdiffusion.server | rid=- | Saved img2img image to C:\Users\Admin\AppData\Local\Temp\img2img-d8d27b85.png
2026-02-10 20:37:01 | INFO | lightdiffusion.server | rid=7908e9c1 | Img2Img upload received and written to C:\Users\Admin\AppData\Local\Temp\img2img-d8d27b85.png
2026-02-10 20:37:16 | DEBUG | lightdiffusion.server | rid=- | server module loaded; cwd=C:\Users\Admin\Documents\LightDiffusion-Next
2026-02-10 20:37:16 | INFO | lightdiffusion.server | rid=- | Pipeline and app_instance imported successfully
2026-02-10 20:37:16 | INFO | lightdiffusion.server | rid=- | Serving frontend from C:\Users\Admin\Documents\LightDiffusion-Next\frontend\dist
2026-02-10 20:37:16 | DEBUG | lightdiffusion.server | rid=- | server module loaded; cwd=C:\Users\Admin\Documents\LightDiffusion-Next
2026-02-10 20:37:16 | INFO | lightdiffusion.server | rid=- | Pipeline and app_instance imported successfully
2026-02-10 20:37:16 | INFO | lightdiffusion.server | rid=- | Serving frontend from C:\Users\Admin\Documents\LightDiffusion-Next\frontend\dist
2026-02-10 20:37:16 | INFO | lightdiffusion.server | rid=- | GenerationBuffer worker task started
2026-02-10 20:37:16 | INFO | lightdiffusion.server | rid=- | Server startup complete, event loop captured for preview broadcasting
2026-02-10 20:37:16 | INFO | lightdiffusion.server | rid=- | Batching worker started; max_batch=4 timeout=0.5
2026-02-10 20:37:46 | INFO | lightdiffusion.server | rid=537a77d5 | /api/generate called
2026-02-10 20:37:46 | DEBUG | lightdiffusion.server | rid=537a77d5 | Request: w=512 h=512 num_images=1 batch=1 scheduler=ays sampler=dpmpp_sde_cfgpp steps=1 hiresfix=False adetailer=False enhance=False img2img=False stable_fast=False reuse_seed=False realistic=False multiscale=False intermittent=True factor=0.5 fullres=[10,8] keep_models_loaded=True enable_preview=False prompt='a beautiful landscape' neg='' img2img_image_present=False
2026-02-10 20:37:46 | DEBUG | lightdiffusion.server | rid=- | Batch worker: pending groups={"('None', False, 512, 512, False, False, 'ays', 'dpmpp_sde_cfgpp', 1, False, True, 0.5, 10, 8, True, False, 'None', 1.0, 'canny', '', -1)": 1} chosen_sig=('None', False, 512, 512, False, False, 'ays', 'dpmpp_sde_cfgpp', 1, False, True, 0.5, 10, 8, True, False, 'None', 1.0, 'canny', '', -1) group_size=1 oldest_arrival=1770752266.229
2026-02-10 20:37:46 | DEBUG | lightdiffusion.server | rid=- | Processing singleton group for signature ('None', False, 512, 512, False, False, 'ays', 'dpmpp_sde_cfgpp', 1, False, True, 0.5, 10, 8, True, False, 'None', 1.0, 'canny', '', -1) immediately (age=0.000s). LD_BATCH_WAIT_SINGLETONS=False
2026-02-10 20:37:46 | DEBUG | lightdiffusion.server | rid=- | Processing group chosen_sig=('None', False, 512, 512, False, False, 'ays', 'dpmpp_sde_cfgpp', 1, False, True, 0.5, 10, 8, True, False, 'None', 1.0, 'canny', '', -1) items=1 request_ids=['537a77d5']
2026-02-10 20:37:46 | DEBUG | lightdiffusion.server | rid=- | No preview clients connected, skipping broadcast
2026-02-10 20:37:47 | ERROR | lightdiffusion.server | rid=- | Batch processing failed: No such file or directory: ./include/checkpoints/DreamShaper_8_pruned.safetensors
Traceback (most recent call last):
  File "C:\Users\Admin\Documents\LightDiffusion-Next\server.py", line 416, in _worker
    await self._process_group(to_process)
  File "C:\Users\Admin\Documents\LightDiffusion-Next\server.py", line 555, in _process_group
    result = await loop.run_in_executor(None, func)
             ^^^^^^^^^^^^^^^^^^^^^^^^^^^^^^^^^^^^^^
  File "C:\Users\Admin\AppData\Local\Programs\Python\Python314\Lib\concurrent\futures\thread.py", line 86, in run
    result = ctx.run(self.task)
  File "C:\Users\Admin\AppData\Local\Programs\Python\Python314\Lib\concurrent\futures\thread.py", line 73, in run
    return fn(*args, **kwargs)
  File "C:\Users\Admin\Documents\LightDiffusion-Next\src\user\pipeline.py", line 277, in pipeline
    return pipeline_instance.run_batched(ctx, per_sample_info)
           ~~~~~~~~~~~~~~~~~~~~~~~~~~~~~^^^^^^^^^^^^^^^^^^^^^^
  File "C:\Users\Admin\Documents\LightDiffusion-Next\src\Core\Pipeline.py", line 559, in run_batched
    model = self._load_model(ctx)
  File "C:\Users\Admin\Documents\LightDiffusion-Next\src\Core\Pipeline.py", line 912, in _load_model
    model.load()
    ~~~~~~~~~~^^
  File "C:\Users\Admin\Documents\LightDiffusion-Next\src\Core\Models\SD15Model.py", line 79, in load
    result = loader.load_checkpoint(ckpt_name=path)
  File "C:\Users\Admin\Documents\LightDiffusion-Next\src\FileManaging\Loader.py", line 161, in load_checkpoint
    out = load_checkpoint_guess_config(
        ckpt_path,
    ...<2 lines>...
        embedding_directory="./include/embeddings/",
    )
  File "C:\Users\Admin\Documents\LightDiffusion-Next\src\FileManaging\Loader.py", line 32, in load_checkpoint_guess_config
    sd = util.load_torch_file(ckpt_path)
  File "C:\Users\Admin\Documents\LightDiffusion-Next\src\Utilities\util.py", line 125, in load_torch_file
    sd = safetensors.torch.load_file(ckpt, device=device.type)
  File "C:\Users\Admin\AppData\Local\Programs\Python\Python314\Lib\site-packages\safetensors\torch.py", line 336, in load_file
    with safe_open(filename, framework="pt", device=device) as f:
         ~~~~~~~~~^^^^^^^^^^^^^^^^^^^^^^^^^^^^^^^^^^^^^^^^^
FileNotFoundError: No such file or directory: ./include/checkpoints/DreamShaper_8_pruned.safetensors
2026-02-10 20:45:58 | DEBUG | lightdiffusion.server | rid=- | server module loaded; cwd=C:\Users\Admin\Documents\LightDiffusion-Next
2026-02-10 20:45:58 | INFO | lightdiffusion.server | rid=- | Pipeline and app_instance imported successfully
2026-02-10 20:45:58 | INFO | lightdiffusion.server | rid=- | Serving frontend from C:\Users\Admin\Documents\LightDiffusion-Next\frontend\dist
2026-02-10 20:45:58 | INFO | lightdiffusion.server | rid=- | Launching frontend development server...
2026-02-10 20:45:58 | INFO | lightdiffusion.server | rid=- | Frontend development server launched
2026-02-10 20:45:58 | DEBUG | lightdiffusion.server | rid=- | server module loaded; cwd=C:\Users\Admin\Documents\LightDiffusion-Next
2026-02-10 20:45:58 | INFO | lightdiffusion.server | rid=- | Pipeline and app_instance imported successfully
2026-02-10 20:45:58 | INFO | lightdiffusion.server | rid=- | Serving frontend from C:\Users\Admin\Documents\LightDiffusion-Next\frontend\dist
2026-02-10 20:45:58 | INFO | lightdiffusion.server | rid=- | GenerationBuffer worker task started
2026-02-10 20:45:58 | INFO | lightdiffusion.server | rid=- | Server startup complete, event loop captured for preview broadcasting
2026-02-10 20:45:58 | INFO | lightdiffusion.server | rid=- | Batching worker started; max_batch=4 timeout=0.5
2026-02-10 20:46:04 | INFO | lightdiffusion.server | rid=- | WebSocket client connected to /ws/preview (total: 1)
2026-02-10 20:46:08 | INFO | lightdiffusion.server | rid=- | WebSocket client disconnected (remaining: 0)
2026-02-10 20:46:08 | INFO | lightdiffusion.server | rid=- | WebSocket client connected to /ws/preview (total: 1)
2026-02-10 20:46:09 | INFO | lightdiffusion.server | rid=- | WebSocket client disconnected (remaining: 0)
2026-02-10 20:46:09 | INFO | lightdiffusion.server | rid=- | WebSocket client connected to /ws/preview (total: 1)
2026-02-10 20:46:33 | INFO | lightdiffusion.server | rid=116b1118 | /api/generate called
2026-02-10 20:46:33 | DEBUG | lightdiffusion.server | rid=116b1118 | Request: w=512 h=512 num_images=1 batch=1 scheduler=karras sampler=dpmpp_2m steps=30 hiresfix=True adetailer=False enhance=False img2img=False stable_fast=False reuse_seed=False realistic=False multiscale=False intermittent=True factor=0.5 fullres=[10,8] keep_models_loaded=True enable_preview=True prompt='An astronaut riding a horse on mars, detailed, 8k' neg='blurry, low quality, distorted' img2img_image_present=False
2026-02-10 20:46:33 | DEBUG | lightdiffusion.server | rid=- | Batch worker: pending groups={"('./include/checkpoints\\\\juggernautXL_ragnarokBy.safetensors', False, 512, 512, False, False, 'karras', 'dpmpp_2m', 30, False, True, 0.5, 10, 8, True, False, 'None', 1.0, 'canny', './include/checkpoints\\\\sd_xl_refiner_1.0.safetensors', 25)": 1} chosen_sig=('./include/checkpoints\\juggernautXL_ragnarokBy.safetensors', False, 512, 512, False, False, 'karras', 'dpmpp_2m', 30, False, True, 0.5, 10, 8, True, False, 'None', 1.0, 'canny', './include/checkpoints\\sd_xl_refiner_1.0.safetensors', 25) group_size=1 oldest_arrival=1770752793.320
2026-02-10 20:46:33 | DEBUG | lightdiffusion.server | rid=- | Processing singleton group for signature ('./include/checkpoints\\juggernautXL_ragnarokBy.safetensors', False, 512, 512, False, False, 'karras', 'dpmpp_2m', 30, False, True, 0.5, 10, 8, True, False, 'None', 1.0, 'canny', './include/checkpoints\\sd_xl_refiner_1.0.safetensors', 25) immediately (age=0.000s). LD_BATCH_WAIT_SINGLETONS=False
2026-02-10 20:46:33 | DEBUG | lightdiffusion.server | rid=- | Processing group chosen_sig=('./include/checkpoints\\juggernautXL_ragnarokBy.safetensors', False, 512, 512, False, False, 'karras', 'dpmpp_2m', 30, False, True, 0.5, 10, 8, True, False, 'None', 1.0, 'canny', './include/checkpoints\\sd_xl_refiner_1.0.safetensors', 25) items=1 request_ids=['116b1118']
2026-02-10 20:46:33 | INFO | lightdiffusion.server | rid=- | Broadcasting preview step 0/30
2026-02-10 20:46:53 | INFO | lightdiffusion.server | rid=- | Broadcasting preview step 0/25
2026-02-10 20:46:54 | INFO | lightdiffusion.server | rid=- | Broadcasting preview step 5/25
2026-02-10 20:46:55 | INFO | lightdiffusion.server | rid=- | Broadcasting preview step 10/25
2026-02-10 20:46:56 | INFO | lightdiffusion.server | rid=- | Broadcasting preview step 15/25
2026-02-10 20:46:57 | INFO | lightdiffusion.server | rid=- | Broadcasting preview step 20/25
2026-02-10 20:46:58 | INFO | lightdiffusion.server | rid=- | Broadcasting preview step 24/25
2026-02-10 20:47:11 | INFO | lightdiffusion.server | rid=- | Broadcasting preview step 0/5
2026-02-10 20:47:12 | INFO | lightdiffusion.server | rid=- | Broadcasting preview step 4/5
2026-02-10 20:47:38 | INFO | lightdiffusion.server | rid=- | Broadcasting preview step 0/15
2026-02-10 20:47:41 | INFO | lightdiffusion.server | rid=- | Broadcasting preview step 5/15
2026-02-10 20:47:45 | INFO | lightdiffusion.server | rid=- | Broadcasting preview step 10/15
2026-02-10 20:47:48 | INFO | lightdiffusion.server | rid=- | Broadcasting preview step 14/15
2026-02-10 20:48:02 | INFO | lightdiffusion.server | rid=4df73d04 | /api/generate called
2026-02-10 20:48:02 | DEBUG | lightdiffusion.server | rid=4df73d04 | Request: w=512 h=512 num_images=1 batch=1 scheduler=karras sampler=dpmpp_2m steps=30 hiresfix=False adetailer=True enhance=False img2img=False stable_fast=False reuse_seed=False realistic=False multiscale=False intermittent=True factor=0.5 fullres=[10,8] keep_models_loaded=True enable_preview=True prompt='1girl' neg='blurry, low quality, distorted' img2img_image_present=False
2026-02-10 20:48:02 | DEBUG | lightdiffusion.server | rid=- | Batch worker: pending groups={"('./include/checkpoints\\\\juggernautXL_ragnarokBy.safetensors', False, 512, 512, False, False, 'karras', 'dpmpp_2m', 30, False, True, 0.5, 10, 8, True, False, 'None', 1.0, 'canny', './include/checkpoints\\\\sd_xl_refiner_1.0.safetensors', 25)": 1} chosen_sig=('./include/checkpoints\\juggernautXL_ragnarokBy.safetensors', False, 512, 512, False, False, 'karras', 'dpmpp_2m', 30, False, True, 0.5, 10, 8, True, False, 'None', 1.0, 'canny', './include/checkpoints\\sd_xl_refiner_1.0.safetensors', 25) group_size=1 oldest_arrival=1770752882.943
2026-02-10 20:48:02 | DEBUG | lightdiffusion.server | rid=- | Processing singleton group for signature ('./include/checkpoints\\juggernautXL_ragnarokBy.safetensors', False, 512, 512, False, False, 'karras', 'dpmpp_2m', 30, False, True, 0.5, 10, 8, True, False, 'None', 1.0, 'canny', './include/checkpoints\\sd_xl_refiner_1.0.safetensors', 25) immediately (age=0.001s). LD_BATCH_WAIT_SINGLETONS=False
2026-02-10 20:48:02 | DEBUG | lightdiffusion.server | rid=- | Processing group chosen_sig=('./include/checkpoints\\juggernautXL_ragnarokBy.safetensors', False, 512, 512, False, False, 'karras', 'dpmpp_2m', 30, False, True, 0.5, 10, 8, True, False, 'None', 1.0, 'canny', './include/checkpoints\\sd_xl_refiner_1.0.safetensors', 25) items=1 request_ids=['4df73d04']
2026-02-10 20:48:02 | INFO | lightdiffusion.server | rid=- | Broadcasting preview step 0/30
2026-02-10 20:48:06 | INFO | lightdiffusion.server | rid=- | Broadcasting preview step 0/25
2026-02-10 20:48:07 | INFO | lightdiffusion.server | rid=- | Broadcasting preview step 5/25
2026-02-10 20:48:08 | INFO | lightdiffusion.server | rid=- | Broadcasting preview step 10/25
2026-02-10 20:48:09 | INFO | lightdiffusion.server | rid=- | Broadcasting preview step 15/25
2026-02-10 20:48:10 | INFO | lightdiffusion.server | rid=- | Broadcasting preview step 20/25
2026-02-10 20:48:10 | INFO | lightdiffusion.server | rid=- | Broadcasting preview step 24/25
2026-02-10 20:48:13 | INFO | lightdiffusion.server | rid=- | Broadcasting preview step 0/5
2026-02-10 20:48:13 | INFO | lightdiffusion.server | rid=- | Broadcasting preview step 4/5
2026-02-10 20:48:27 | INFO | lightdiffusion.server | rid=- | Broadcasting preview step 0/20
2026-02-10 20:48:29 | INFO | lightdiffusion.server | rid=- | Broadcasting preview step 5/20
2026-02-10 20:48:31 | INFO | lightdiffusion.server | rid=- | Broadcasting preview step 10/20
2026-02-10 20:48:33 | INFO | lightdiffusion.server | rid=- | Broadcasting preview step 15/20
2026-02-10 20:48:35 | INFO | lightdiffusion.server | rid=- | Broadcasting preview step 19/20
2026-02-10 20:49:13 | INFO | lightdiffusion.server | rid=- | WebSocket client disconnected (remaining: 0)
2026-02-10 20:49:14 | INFO | lightdiffusion.server | rid=- | Shutting down frontend development server...
2026-02-10 20:49:14 | INFO | lightdiffusion.server | rid=- | Frontend development server shut down
2026-02-10 21:24:52 | DEBUG | lightdiffusion.server | rid=- | server module loaded; cwd=C:\Users\Admin\Documents\LightDiffusion-Next
2026-02-10 21:24:52 | INFO | lightdiffusion.server | rid=- | Pipeline and app_instance imported successfully
2026-02-10 21:24:52 | INFO | lightdiffusion.server | rid=- | Serving frontend from C:\Users\Admin\Documents\LightDiffusion-Next\frontend\dist
2026-02-10 21:24:52 | INFO | lightdiffusion.server | rid=- | Launching frontend development server...
2026-02-10 21:24:52 | INFO | lightdiffusion.server | rid=- | Frontend development server launched
2026-02-10 21:24:52 | DEBUG | lightdiffusion.server | rid=- | server module loaded; cwd=C:\Users\Admin\Documents\LightDiffusion-Next
2026-02-10 21:24:52 | INFO | lightdiffusion.server | rid=- | Pipeline and app_instance imported successfully
2026-02-10 21:24:52 | INFO | lightdiffusion.server | rid=- | Serving frontend from C:\Users\Admin\Documents\LightDiffusion-Next\frontend\dist
2026-02-10 21:24:52 | INFO | lightdiffusion.server | rid=- | GenerationBuffer worker task started
2026-02-10 21:24:52 | INFO | lightdiffusion.server | rid=- | Server startup complete, event loop captured for preview broadcasting
2026-02-10 21:24:52 | INFO | lightdiffusion.server | rid=- | Batching worker started; max_batch=4 timeout=0.5
2026-02-10 21:24:57 | INFO | lightdiffusion.server | rid=- | WebSocket client connected to /ws/preview (total: 1)
2026-02-10 21:24:58 | INFO | lightdiffusion.server | rid=- | WebSocket client connected to /ws/preview (total: 2)
2026-02-10 21:24:58 | INFO | lightdiffusion.server | rid=- | WebSocket client disconnected (remaining: 1)
2026-02-10 21:24:59 | INFO | lightdiffusion.server | rid=- | WebSocket client disconnected (remaining: 0)
2026-02-10 21:24:59 | INFO | lightdiffusion.server | rid=- | WebSocket client connected to /ws/preview (total: 1)
2026-02-10 21:24:59 | INFO | lightdiffusion.server | rid=- | WebSocket client disconnected (remaining: 0)
2026-02-10 21:25:00 | INFO | lightdiffusion.server | rid=- | WebSocket client connected to /ws/preview (total: 1)
2026-02-10 21:25:12 | INFO | lightdiffusion.server | rid=49f0536a | /api/generate called
2026-02-10 21:25:12 | DEBUG | lightdiffusion.server | rid=49f0536a | Request: w=512 h=512 num_images=1 batch=1 scheduler=simple sampler=euler steps=25 hiresfix=True adetailer=False enhance=False img2img=False stable_fast=False reuse_seed=False realistic=False multiscale=False intermittent=True factor=0.5 fullres=[10,8] keep_models_loaded=True enable_preview=True prompt='An astronaut riding a horse on mars, detailed, 8k' neg='blurry, low quality, distorted' img2img_image_present=False
2026-02-10 21:25:12 | DEBUG | lightdiffusion.server | rid=- | Batch worker: pending groups={"('./include/checkpoints\\\\juggernautXL_ragnarokBy.safetensors', False, 512, 512, False, False, 'simple', 'euler', 25, False, True, 0.5, 10, 8, True, False, 'None', 1.0, 'canny', '', 15)": 1} chosen_sig=('./include/checkpoints\\juggernautXL_ragnarokBy.safetensors', False, 512, 512, False, False, 'simple', 'euler', 25, False, True, 0.5, 10, 8, True, False, 'None', 1.0, 'canny', '', 15) group_size=1 oldest_arrival=1770755112.727
2026-02-10 21:25:12 | DEBUG | lightdiffusion.server | rid=- | Processing singleton group for signature ('./include/checkpoints\\juggernautXL_ragnarokBy.safetensors', False, 512, 512, False, False, 'simple', 'euler', 25, False, True, 0.5, 10, 8, True, False, 'None', 1.0, 'canny', '', 15) immediately (age=0.000s). LD_BATCH_WAIT_SINGLETONS=False
2026-02-10 21:25:12 | DEBUG | lightdiffusion.server | rid=- | Processing group chosen_sig=('./include/checkpoints\\juggernautXL_ragnarokBy.safetensors', False, 512, 512, False, False, 'simple', 'euler', 25, False, True, 0.5, 10, 8, True, False, 'None', 1.0, 'canny', '', 15) items=1 request_ids=['49f0536a']
2026-02-10 21:25:12 | INFO | lightdiffusion.server | rid=- | Broadcasting preview step 0/25
2026-02-10 21:25:14 | INFO | lightdiffusion.server | rid=- | Interrupt requested via API
2026-02-10 21:25:20 | INFO | lightdiffusion.server | rid=a1995949 | /api/generate called
2026-02-10 21:25:20 | DEBUG | lightdiffusion.server | rid=a1995949 | Request: w=512 h=512 num_images=1 batch=1 scheduler=simple sampler=euler steps=25 hiresfix=False adetailer=False enhance=False img2img=False stable_fast=False reuse_seed=False realistic=False multiscale=False intermittent=True factor=0.5 fullres=[10,8] keep_models_loaded=True enable_preview=True prompt='An astronaut riding a horse on mars, detailed, 8k' neg='blurry, low quality, distorted' img2img_image_present=False
2026-02-10 21:25:48 | ERROR | lightdiffusion.server | rid=- | Batch processing failed: Generation interrupted
Traceback (most recent call last):
  File "C:\Users\Admin\Documents\LightDiffusion-Next\server.py", line 416, in _worker
    await self._process_group(to_process)
  File "C:\Users\Admin\Documents\LightDiffusion-Next\server.py", line 555, in _process_group
    result = await loop.run_in_executor(None, func)
             ^^^^^^^^^^^^^^^^^^^^^^^^^^^^^^^^^^^^^^
  File "C:\Users\Admin\AppData\Roaming\uv\python\cpython-3.12.12-windows-x86_64-none\Lib\concurrent\futures\thread.py", line 59, in run
    result = self.fn(*self.args, **self.kwargs)
             ^^^^^^^^^^^^^^^^^^^^^^^^^^^^^^^^^^
  File "C:\Users\Admin\Documents\LightDiffusion-Next\src\user\pipeline.py", line 277, in pipeline
    return pipeline_instance.run_batched(ctx, per_sample_info)
           ^^^^^^^^^^^^^^^^^^^^^^^^^^^^^^^^^^^^^^^^^^^^^^^^^^^
  File "C:\Users\Admin\Documents\LightDiffusion-Next\src\Core\Pipeline.py", line 784, in run_batched
    self._check_interrupt()
  File "C:\Users\Admin\Documents\LightDiffusion-Next\src\Core\Pipeline.py", line 1014, in _check_interrupt
    raise InterruptedError("Generation interrupted")
InterruptedError: Generation interrupted
2026-02-10 21:25:48 | DEBUG | lightdiffusion.server | rid=- | Batch worker: pending groups={"('./include/checkpoints\\\\juggernautXL_ragnarokBy.safetensors', False, 512, 512, False, False, 'simple', 'euler', 25, False, True, 0.5, 10, 8, True, False, 'None', 1.0, 'canny', '', 15)": 1} chosen_sig=('./include/checkpoints\\juggernautXL_ragnarokBy.safetensors', False, 512, 512, False, False, 'simple', 'euler', 25, False, True, 0.5, 10, 8, True, False, 'None', 1.0, 'canny', '', 15) group_size=1 oldest_arrival=1770755120.227
2026-02-10 21:25:48 | DEBUG | lightdiffusion.server | rid=- | Processing singleton group for signature ('./include/checkpoints\\juggernautXL_ragnarokBy.safetensors', False, 512, 512, False, False, 'simple', 'euler', 25, False, True, 0.5, 10, 8, True, False, 'None', 1.0, 'canny', '', 15) immediately (age=27.818s). LD_BATCH_WAIT_SINGLETONS=False
2026-02-10 21:25:48 | DEBUG | lightdiffusion.server | rid=- | Processing group chosen_sig=('./include/checkpoints\\juggernautXL_ragnarokBy.safetensors', False, 512, 512, False, False, 'simple', 'euler', 25, False, True, 0.5, 10, 8, True, False, 'None', 1.0, 'canny', '', 15) items=1 request_ids=['a1995949']
2026-02-10 21:25:48 | INFO | lightdiffusion.server | rid=- | Broadcasting preview step 0/25
2026-02-10 21:25:51 | INFO | lightdiffusion.server | rid=- | Broadcasting preview step 0/25
2026-02-10 21:25:53 | INFO | lightdiffusion.server | rid=- | Broadcasting preview step 5/25
2026-02-10 21:25:54 | INFO | lightdiffusion.server | rid=- | Broadcasting preview step 10/25
2026-02-10 21:25:55 | INFO | lightdiffusion.server | rid=- | Broadcasting preview step 15/25
2026-02-10 21:25:57 | INFO | lightdiffusion.server | rid=- | Broadcasting preview step 20/25
2026-02-10 21:25:58 | INFO | lightdiffusion.server | rid=- | Broadcasting preview step 24/25
2026-02-10 21:26:14 | INFO | lightdiffusion.server | rid=703ae878 | /api/generate called
2026-02-10 21:26:14 | DEBUG | lightdiffusion.server | rid=703ae878 | Request: w=512 h=512 num_images=1 batch=1 scheduler=simple sampler=euler steps=30 hiresfix=True adetailer=False enhance=False img2img=False stable_fast=False reuse_seed=False realistic=False multiscale=False intermittent=True factor=0.5 fullres=[10,8] keep_models_loaded=True enable_preview=True prompt='An astronaut riding a horse on mars, detailed, 8k' neg='blurry, low quality, distorted' img2img_image_present=False
2026-02-10 21:26:14 | DEBUG | lightdiffusion.server | rid=- | Batch worker: pending groups={"('./include/checkpoints\\\\juggernautXL_ragnarokBy.safetensors', False, 512, 512, False, False, 'simple', 'euler', 30, False, True, 0.5, 10, 8, True, False, 'None', 1.0, 'canny', './include/checkpoints\\\\sd_xl_refiner_1.0.safetensors', 25)": 1} chosen_sig=('./include/checkpoints\\juggernautXL_ragnarokBy.safetensors', False, 512, 512, False, False, 'simple', 'euler', 30, False, True, 0.5, 10, 8, True, False, 'None', 1.0, 'canny', './include/checkpoints\\sd_xl_refiner_1.0.safetensors', 25) group_size=1 oldest_arrival=1770755174.835
2026-02-10 21:26:14 | DEBUG | lightdiffusion.server | rid=- | Processing singleton group for signature ('./include/checkpoints\\juggernautXL_ragnarokBy.safetensors', False, 512, 512, False, False, 'simple', 'euler', 30, False, True, 0.5, 10, 8, True, False, 'None', 1.0, 'canny', './include/checkpoints\\sd_xl_refiner_1.0.safetensors', 25) immediately (age=0.000s). LD_BATCH_WAIT_SINGLETONS=False
2026-02-10 21:26:14 | DEBUG | lightdiffusion.server | rid=- | Processing group chosen_sig=('./include/checkpoints\\juggernautXL_ragnarokBy.safetensors', False, 512, 512, False, False, 'simple', 'euler', 30, False, True, 0.5, 10, 8, True, False, 'None', 1.0, 'canny', './include/checkpoints\\sd_xl_refiner_1.0.safetensors', 25) items=1 request_ids=['703ae878']
2026-02-10 21:26:14 | INFO | lightdiffusion.server | rid=- | Broadcasting preview step 0/30
2026-02-10 21:26:16 | INFO | lightdiffusion.server | rid=- | Broadcasting preview step 0/25
2026-02-10 21:26:17 | INFO | lightdiffusion.server | rid=- | Broadcasting preview step 5/25
2026-02-10 21:26:18 | INFO | lightdiffusion.server | rid=- | Broadcasting preview step 10/25
2026-02-10 21:26:20 | INFO | lightdiffusion.server | rid=- | Broadcasting preview step 15/25
2026-02-10 21:26:21 | INFO | lightdiffusion.server | rid=- | Broadcasting preview step 20/25
2026-02-10 21:26:22 | INFO | lightdiffusion.server | rid=- | Broadcasting preview step 24/25
2026-02-10 21:26:37 | INFO | lightdiffusion.server | rid=- | Broadcasting preview step 0/5
2026-02-10 21:26:38 | INFO | lightdiffusion.server | rid=- | Broadcasting preview step 4/5
2026-02-10 21:26:41 | INFO | lightdiffusion.server | rid=- | Broadcasting preview step 0/15
2026-02-10 21:26:45 | INFO | lightdiffusion.server | rid=- | Broadcasting preview step 5/15
2026-02-10 21:26:48 | INFO | lightdiffusion.server | rid=- | Broadcasting preview step 10/15
2026-02-10 21:26:51 | INFO | lightdiffusion.server | rid=- | Broadcasting preview step 14/15
2026-02-10 21:27:37 | INFO | lightdiffusion.server | rid=81de8fd3 | /api/generate called
2026-02-10 21:27:37 | DEBUG | lightdiffusion.server | rid=81de8fd3 | Request: w=512 h=512 num_images=1 batch=1 scheduler=simple sampler=euler steps=30 hiresfix=False adetailer=True enhance=False img2img=False stable_fast=False reuse_seed=False realistic=False multiscale=False intermittent=True factor=0.5 fullres=[10,8] keep_models_loaded=True enable_preview=True prompt='1girl, cowboy shot' neg='blurry, low quality, distorted' img2img_image_present=False
2026-02-10 21:27:37 | DEBUG | lightdiffusion.server | rid=- | Batch worker: pending groups={"('./include/checkpoints\\\\juggernautXL_ragnarokBy.safetensors', False, 512, 512, False, False, 'simple', 'euler', 30, False, True, 0.5, 10, 8, True, False, 'None', 1.0, 'canny', './include/checkpoints\\\\sd_xl_refiner_1.0.safetensors', 25)": 1} chosen_sig=('./include/checkpoints\\juggernautXL_ragnarokBy.safetensors', False, 512, 512, False, False, 'simple', 'euler', 30, False, True, 0.5, 10, 8, True, False, 'None', 1.0, 'canny', './include/checkpoints\\sd_xl_refiner_1.0.safetensors', 25) group_size=1 oldest_arrival=1770755257.280
2026-02-10 21:27:37 | DEBUG | lightdiffusion.server | rid=- | Processing singleton group for signature ('./include/checkpoints\\juggernautXL_ragnarokBy.safetensors', False, 512, 512, False, False, 'simple', 'euler', 30, False, True, 0.5, 10, 8, True, False, 'None', 1.0, 'canny', './include/checkpoints\\sd_xl_refiner_1.0.safetensors', 25) immediately (age=0.000s). LD_BATCH_WAIT_SINGLETONS=False
2026-02-10 21:27:37 | DEBUG | lightdiffusion.server | rid=- | Processing group chosen_sig=('./include/checkpoints\\juggernautXL_ragnarokBy.safetensors', False, 512, 512, False, False, 'simple', 'euler', 30, False, True, 0.5, 10, 8, True, False, 'None', 1.0, 'canny', './include/checkpoints\\sd_xl_refiner_1.0.safetensors', 25) items=1 request_ids=['81de8fd3']
2026-02-10 21:27:37 | INFO | lightdiffusion.server | rid=- | Broadcasting preview step 0/30
2026-02-10 21:27:40 | INFO | lightdiffusion.server | rid=- | Broadcasting preview step 0/25
2026-02-10 21:27:41 | INFO | lightdiffusion.server | rid=- | Broadcasting preview step 5/25
2026-02-10 21:27:41 | INFO | lightdiffusion.server | rid=- | Broadcasting preview step 10/25
2026-02-10 21:27:42 | INFO | lightdiffusion.server | rid=- | Broadcasting preview step 15/25
2026-02-10 21:27:43 | INFO | lightdiffusion.server | rid=- | Broadcasting preview step 20/25
2026-02-10 21:27:44 | INFO | lightdiffusion.server | rid=- | Broadcasting preview step 24/25
2026-02-10 21:27:46 | INFO | lightdiffusion.server | rid=- | Broadcasting preview step 0/5
2026-02-10 21:27:47 | INFO | lightdiffusion.server | rid=- | Broadcasting preview step 4/5
2026-02-10 21:27:58 | INFO | lightdiffusion.server | rid=- | Broadcasting preview step 0/20
2026-02-10 21:28:00 | INFO | lightdiffusion.server | rid=- | Broadcasting preview step 5/20
2026-02-10 21:28:02 | INFO | lightdiffusion.server | rid=- | Broadcasting preview step 10/20
2026-02-10 21:28:04 | INFO | lightdiffusion.server | rid=- | Broadcasting preview step 15/20
2026-02-10 21:28:06 | INFO | lightdiffusion.server | rid=- | Broadcasting preview step 19/20
2026-02-10 21:29:18 | INFO | lightdiffusion.server | rid=- | WebSocket client disconnected (remaining: 0)
2026-02-10 21:29:21 | INFO | lightdiffusion.server | rid=- | Shutting down frontend development server...
2026-02-10 21:29:22 | INFO | lightdiffusion.server | rid=- | Frontend development server shut down
2026-02-10 22:26:59 | DEBUG | lightdiffusion.server | rid=- | server module loaded; cwd=C:\Users\Admin\Documents\LightDiffusion-Next
2026-02-10 22:26:59 | INFO | lightdiffusion.server | rid=- | Pipeline and app_instance imported successfully
2026-02-10 22:27:00 | INFO | lightdiffusion.server | rid=- | Serving frontend from C:\Users\Admin\Documents\LightDiffusion-Next\frontend\dist
2026-02-10 22:27:00 | INFO | lightdiffusion.server | rid=- | Launching frontend development server...
2026-02-10 22:27:00 | INFO | lightdiffusion.server | rid=- | Frontend development server launched
2026-02-10 22:27:00 | DEBUG | lightdiffusion.server | rid=- | server module loaded; cwd=C:\Users\Admin\Documents\LightDiffusion-Next
2026-02-10 22:27:00 | INFO | lightdiffusion.server | rid=- | Pipeline and app_instance imported successfully
2026-02-10 22:27:00 | INFO | lightdiffusion.server | rid=- | Serving frontend from C:\Users\Admin\Documents\LightDiffusion-Next\frontend\dist
2026-02-10 22:27:00 | INFO | lightdiffusion.server | rid=- | GenerationBuffer worker task started
2026-02-10 22:27:00 | INFO | lightdiffusion.server | rid=- | Server startup complete, event loop captured for preview broadcasting
2026-02-10 22:27:00 | INFO | lightdiffusion.server | rid=- | Batching worker started; max_batch=4 timeout=0.5
2026-02-10 22:27:34 | INFO | lightdiffusion.server | rid=- | Shutting down frontend development server...
2026-02-10 22:27:34 | INFO | lightdiffusion.server | rid=- | Frontend development server shut down
2026-02-10 22:28:52 | DEBUG | lightdiffusion.server | rid=- | server module loaded; cwd=C:\Users\Admin\Documents\LightDiffusion-Next
2026-02-10 22:28:52 | INFO | lightdiffusion.server | rid=- | Pipeline and app_instance imported successfully
2026-02-10 22:28:52 | INFO | lightdiffusion.server | rid=- | Serving frontend from C:\Users\Admin\Documents\LightDiffusion-Next\frontend\dist
2026-02-10 22:28:52 | INFO | lightdiffusion.server | rid=- | Launching frontend development server...
2026-02-10 22:28:52 | INFO | lightdiffusion.server | rid=- | Frontend development server launched
2026-02-10 22:28:52 | DEBUG | lightdiffusion.server | rid=- | server module loaded; cwd=C:\Users\Admin\Documents\LightDiffusion-Next
2026-02-10 22:28:52 | INFO | lightdiffusion.server | rid=- | Pipeline and app_instance imported successfully
2026-02-10 22:28:52 | INFO | lightdiffusion.server | rid=- | Serving frontend from C:\Users\Admin\Documents\LightDiffusion-Next\frontend\dist
2026-02-10 22:28:52 | INFO | lightdiffusion.server | rid=- | GenerationBuffer worker task started
2026-02-10 22:28:52 | INFO | lightdiffusion.server | rid=- | Server startup complete, event loop captured for preview broadcasting
2026-02-10 22:28:52 | INFO | lightdiffusion.server | rid=- | Batching worker started; max_batch=4 timeout=0.5
2026-02-10 22:29:02 | INFO | lightdiffusion.server | rid=- | WebSocket client connected to /ws/preview (total: 1)
2026-02-10 22:29:37 | INFO | lightdiffusion.server | rid=b01eaf20 | /api/generate called
2026-02-10 22:29:37 | DEBUG | lightdiffusion.server | rid=b01eaf20 | Request: w=512 h=512 num_images=1 batch=1 scheduler=simple sampler=euler steps=25 hiresfix=False adetailer=False enhance=False img2img=False stable_fast=False reuse_seed=False realistic=False multiscale=False intermittent=True factor=0.5 fullres=[10,8] keep_models_loaded=True enable_preview=True prompt='an anime russian girl' neg='blurry, low quality, distorted' img2img_image_present=False
2026-02-10 22:29:37 | DEBUG | lightdiffusion.server | rid=- | Batch worker: pending groups={"('./include/checkpoints\\\\juggernautXL_ragnarokBy.safetensors', False, 512, 512, False, False, 'simple', 'euler', 25, False, True, 0.5, 10, 8, True, False, 'None', 1.0, 'canny', '', 15)": 1} chosen_sig=('./include/checkpoints\\juggernautXL_ragnarokBy.safetensors', False, 512, 512, False, False, 'simple', 'euler', 25, False, True, 0.5, 10, 8, True, False, 'None', 1.0, 'canny', '', 15) group_size=1 oldest_arrival=1770758977.666
2026-02-10 22:29:37 | DEBUG | lightdiffusion.server | rid=- | Processing singleton group for signature ('./include/checkpoints\\juggernautXL_ragnarokBy.safetensors', False, 512, 512, False, False, 'simple', 'euler', 25, False, True, 0.5, 10, 8, True, False, 'None', 1.0, 'canny', '', 15) immediately (age=0.000s). LD_BATCH_WAIT_SINGLETONS=False
2026-02-10 22:29:37 | DEBUG | lightdiffusion.server | rid=- | Processing group chosen_sig=('./include/checkpoints\\juggernautXL_ragnarokBy.safetensors', False, 512, 512, False, False, 'simple', 'euler', 25, False, True, 0.5, 10, 8, True, False, 'None', 1.0, 'canny', '', 15) items=1 request_ids=['b01eaf20']
2026-02-10 22:29:37 | INFO | lightdiffusion.server | rid=- | Broadcasting preview step 0/25
2026-02-10 22:29:52 | INFO | lightdiffusion.server | rid=- | Broadcasting preview step 0/25
2026-02-10 22:29:53 | INFO | lightdiffusion.server | rid=- | Broadcasting preview step 5/25
2026-02-10 22:29:54 | INFO | lightdiffusion.server | rid=- | Broadcasting preview step 10/25
2026-02-10 22:29:55 | INFO | lightdiffusion.server | rid=- | Broadcasting preview step 15/25
2026-02-10 22:29:56 | INFO | lightdiffusion.server | rid=- | Broadcasting preview step 20/25
2026-02-10 22:29:57 | INFO | lightdiffusion.server | rid=- | Broadcasting preview step 24/25
2026-02-10 22:32:14 | INFO | lightdiffusion.server | rid=- | WebSocket client disconnected (remaining: 0)
2026-02-10 22:32:14 | INFO | lightdiffusion.server | rid=- | Shutting down frontend development server...
2026-02-10 22:32:14 | INFO | lightdiffusion.server | rid=- | Frontend development server shut down
2026-02-10 22:47:19 | DEBUG | lightdiffusion.server | rid=- | server module loaded; cwd=C:\Users\Admin\Documents\LightDiffusion-Next
2026-02-10 22:47:19 | INFO | lightdiffusion.server | rid=- | Pipeline and app_instance imported successfully
2026-02-10 22:47:19 | INFO | lightdiffusion.server | rid=- | Serving frontend from C:\Users\Admin\Documents\LightDiffusion-Next\frontend\dist
2026-02-10 22:47:19 | INFO | lightdiffusion.server | rid=- | Launching frontend development server...
2026-02-10 22:47:19 | INFO | lightdiffusion.server | rid=- | Frontend development server launched
2026-02-10 22:47:19 | DEBUG | lightdiffusion.server | rid=- | server module loaded; cwd=C:\Users\Admin\Documents\LightDiffusion-Next
2026-02-10 22:47:19 | INFO | lightdiffusion.server | rid=- | Pipeline and app_instance imported successfully
2026-02-10 22:47:19 | INFO | lightdiffusion.server | rid=- | Serving frontend from C:\Users\Admin\Documents\LightDiffusion-Next\frontend\dist
2026-02-10 22:47:19 | INFO | lightdiffusion.server | rid=- | GenerationBuffer worker task started
2026-02-10 22:47:19 | INFO | lightdiffusion.server | rid=- | Server startup complete, event loop captured for preview broadcasting
2026-02-10 22:47:19 | INFO | lightdiffusion.server | rid=- | Batching worker started; max_batch=4 timeout=0.5
2026-02-10 22:47:28 | INFO | lightdiffusion.server | rid=- | WebSocket client connected to /ws/preview (total: 1)
2026-02-10 22:47:30 | INFO | lightdiffusion.server | rid=- | WebSocket client disconnected (remaining: 0)
2026-02-10 22:47:31 | INFO | lightdiffusion.server | rid=- | WebSocket client connected to /ws/preview (total: 1)
2026-02-10 22:47:33 | INFO | lightdiffusion.server | rid=- | WebSocket client disconnected (remaining: 0)
2026-02-10 22:47:34 | INFO | lightdiffusion.server | rid=- | WebSocket client connected to /ws/preview (total: 1)
2026-02-10 22:47:51 | INFO | lightdiffusion.server | rid=abd10c56 | /api/generate called
2026-02-10 22:47:51 | DEBUG | lightdiffusion.server | rid=abd10c56 | Request: w=512 h=512 num_images=1 batch=1 scheduler=simple sampler=euler steps=25 hiresfix=True adetailer=False enhance=False img2img=False stable_fast=False reuse_seed=False realistic=False multiscale=False intermittent=True factor=0.5 fullres=[10,8] keep_models_loaded=True enable_preview=True prompt='anime girl' neg='blurry, low quality, distorted' img2img_image_present=False
2026-02-10 22:47:51 | DEBUG | lightdiffusion.server | rid=- | Batch worker: pending groups={"('', False, 512, 512, False, False, 'simple', 'euler', 25, False, True, 0.5, 10, 8, True, False, 'None', 1.0, 'canny', '', -1)": 1} chosen_sig=('', False, 512, 512, False, False, 'simple', 'euler', 25, False, True, 0.5, 10, 8, True, False, 'None', 1.0, 'canny', '', -1) group_size=1 oldest_arrival=1770760071.977
2026-02-10 22:47:51 | DEBUG | lightdiffusion.server | rid=- | Processing singleton group for signature ('', False, 512, 512, False, False, 'simple', 'euler', 25, False, True, 0.5, 10, 8, True, False, 'None', 1.0, 'canny', '', -1) immediately (age=0.000s). LD_BATCH_WAIT_SINGLETONS=False
2026-02-10 22:47:51 | DEBUG | lightdiffusion.server | rid=- | Processing group chosen_sig=('', False, 512, 512, False, False, 'simple', 'euler', 25, False, True, 0.5, 10, 8, True, False, 'None', 1.0, 'canny', '', -1) items=1 request_ids=['abd10c56']
2026-02-10 22:47:51 | INFO | lightdiffusion.server | rid=- | Broadcasting preview step 0/25
2026-02-10 22:47:54 | ERROR | lightdiffusion.server | rid=- | Batch processing failed: No such file or directory: ./include/checkpoints/DreamShaper_8_pruned.safetensors
Traceback (most recent call last):
  File "C:\Users\Admin\Documents\LightDiffusion-Next\server.py", line 416, in _worker
    await self._process_group(to_process)
  File "C:\Users\Admin\Documents\LightDiffusion-Next\server.py", line 555, in _process_group
    result = await loop.run_in_executor(None, func)
             ^^^^^^^^^^^^^^^^^^^^^^^^^^^^^^^^^^^^^^
  File "C:\Users\Admin\AppData\Roaming\uv\python\cpython-3.12.12-windows-x86_64-none\Lib\concurrent\futures\thread.py", line 59, in run
    result = self.fn(*self.args, **self.kwargs)
             ^^^^^^^^^^^^^^^^^^^^^^^^^^^^^^^^^^
  File "C:\Users\Admin\Documents\LightDiffusion-Next\src\user\pipeline.py", line 277, in pipeline
    return pipeline_instance.run_batched(ctx, per_sample_info)
           ^^^^^^^^^^^^^^^^^^^^^^^^^^^^^^^^^^^^^^^^^^^^^^^^^^^
  File "C:\Users\Admin\Documents\LightDiffusion-Next\src\Core\Pipeline.py", line 559, in run_batched
    model = self._load_model(ctx)
            ^^^^^^^^^^^^^^^^^^^^^
  File "C:\Users\Admin\Documents\LightDiffusion-Next\src\Core\Pipeline.py", line 912, in _load_model
    model.load()
  File "C:\Users\Admin\Documents\LightDiffusion-Next\src\Core\Models\SD15Model.py", line 79, in load
    result = loader.load_checkpoint(ckpt_name=path)
             ^^^^^^^^^^^^^^^^^^^^^^^^^^^^^^^^^^^^^^
  File "C:\Users\Admin\Documents\LightDiffusion-Next\src\FileManaging\Loader.py", line 161, in load_checkpoint
    out = load_checkpoint_guess_config(
          ^^^^^^^^^^^^^^^^^^^^^^^^^^^^^
  File "C:\Users\Admin\Documents\LightDiffusion-Next\src\FileManaging\Loader.py", line 32, in load_checkpoint_guess_config
    sd = util.load_torch_file(ckpt_path)
         ^^^^^^^^^^^^^^^^^^^^^^^^^^^^^^^
  File "C:\Users\Admin\Documents\LightDiffusion-Next\src\Utilities\util.py", line 125, in load_torch_file
    sd = safetensors.torch.load_file(ckpt, device=device.type)
         ^^^^^^^^^^^^^^^^^^^^^^^^^^^^^^^^^^^^^^^^^^^^^^^^^^^^^
  File "C:\Users\Admin\Documents\LightDiffusion-Next\.venv\Lib\site-packages\safetensors\torch.py", line 336, in load_file
    with safe_open(filename, framework="pt", device=device) as f:
         ^^^^^^^^^^^^^^^^^^^^^^^^^^^^^^^^^^^^^^^^^^^^^^^^^^
FileNotFoundError: No such file or directory: ./include/checkpoints/DreamShaper_8_pruned.safetensors
2026-02-10 22:47:57 | INFO | lightdiffusion.server | rid=- | WebSocket client disconnected (remaining: 0)
2026-02-10 22:47:57 | INFO | lightdiffusion.server | rid=- | WebSocket client connected to /ws/preview (total: 1)
2026-02-10 22:48:08 | INFO | lightdiffusion.server | rid=ece49025 | /api/generate called
2026-02-10 22:48:08 | DEBUG | lightdiffusion.server | rid=ece49025 | Request: w=512 h=512 num_images=1 batch=1 scheduler=simple sampler=euler steps=25 hiresfix=False adetailer=False enhance=False img2img=False stable_fast=False reuse_seed=False realistic=False multiscale=False intermittent=True factor=0.5 fullres=[10,8] keep_models_loaded=True enable_preview=True prompt='An astronaut riding a horse on mars, detailed, 8k' neg='blurry, low quality, distorted' img2img_image_present=False
2026-02-10 22:48:08 | DEBUG | lightdiffusion.server | rid=- | Batch worker: pending groups={"('./include/checkpoints\\\\juggernautXL_ragnarokBy.safetensors', False, 512, 512, False, False, 'simple', 'euler', 25, False, True, 0.5, 10, 8, True, False, 'None', 1.0, 'canny', '', 15)": 1} chosen_sig=('./include/checkpoints\\juggernautXL_ragnarokBy.safetensors', False, 512, 512, False, False, 'simple', 'euler', 25, False, True, 0.5, 10, 8, True, False, 'None', 1.0, 'canny', '', 15) group_size=1 oldest_arrival=1770760088.735
2026-02-10 22:48:08 | DEBUG | lightdiffusion.server | rid=- | Processing singleton group for signature ('./include/checkpoints\\juggernautXL_ragnarokBy.safetensors', False, 512, 512, False, False, 'simple', 'euler', 25, False, True, 0.5, 10, 8, True, False, 'None', 1.0, 'canny', '', 15) immediately (age=0.002s). LD_BATCH_WAIT_SINGLETONS=False
2026-02-10 22:48:08 | DEBUG | lightdiffusion.server | rid=- | Processing group chosen_sig=('./include/checkpoints\\juggernautXL_ragnarokBy.safetensors', False, 512, 512, False, False, 'simple', 'euler', 25, False, True, 0.5, 10, 8, True, False, 'None', 1.0, 'canny', '', 15) items=1 request_ids=['ece49025']
2026-02-10 22:48:08 | INFO | lightdiffusion.server | rid=- | Broadcasting preview step 0/25
2026-02-10 22:48:22 | ERROR | lightdiffusion.server | rid=- | Batch processing failed: name 'cross_attention_fn' is not defined
Traceback (most recent call last):
  File "C:\Users\Admin\Documents\LightDiffusion-Next\src\cond\cond.py", line 202, in calc_cond_batch
    full_out = model.apply_model(input_x, timestep_, **c)
               ^^^^^^^^^^^^^^^^^^^^^^^^^^^^^^^^^^^^^^^^^^
  File "C:\Users\Admin\Documents\LightDiffusion-Next\src\Model\ModelBase.py", line 50, in apply_model
    output = self.diffusion_model(xc, t, context=context, control=control,
            ^^^^^^^^^^^^^^^^^^^^^^^^^^^^^^^^^^^^^^^^^^^^^^^^^^^^^^^^^^^^^
  File "C:\Users\Admin\Documents\LightDiffusion-Next\.venv\Lib\site-packages\torch\nn\modules\module.py", line 1776, in _wrapped_call_impl
    return self._call_impl(*args, **kwargs)
           ^^^^^^^^^^^^^^^^^^^^^^^^^^^^^^^^
  File "C:\Users\Admin\Documents\LightDiffusion-Next\.venv\Lib\site-packages\torch\nn\modules\module.py", line 1787, in _call_impl
    return forward_call(*args, **kwargs)
           ^^^^^^^^^^^^^^^^^^^^^^^^^^^^^
  File "C:\Users\Admin\Documents\LightDiffusion-Next\src\NeuralNetwork\unet.py", line 231, in forward
    h = ResBlock.forward_timestep_embed1(module, h, emb, context, transformer_options,
        ^^^^^^^^^^^^^^^^^^^^^^^^^^^^^^^^^^^^^^^^^^^^^^^^^^^^^^^^^^^^^^^^^^^^^^^^^^^^^^
  File "C:\Users\Admin\Documents\LightDiffusion-Next\src\AutoEncoders\ResBlock.py", line 29, in forward_timestep_embed1
    x = layer(x, context, transformer_options)
        ^^^^^^^^^^^^^^^^^^^^^^^^^^^^^^^^^^^^^^
  File "C:\Users\Admin\Documents\LightDiffusion-Next\.venv\Lib\site-packages\torch\nn\modules\module.py", line 1776, in _wrapped_call_impl
    return self._call_impl(*args, **kwargs)
           ^^^^^^^^^^^^^^^^^^^^^^^^^^^^^^^^
  File "C:\Users\Admin\Documents\LightDiffusion-Next\.venv\Lib\site-packages\torch\nn\modules\module.py", line 1787, in _call_impl
    return forward_call(*args, **kwargs)
           ^^^^^^^^^^^^^^^^^^^^^^^^^^^^^
  File "C:\Users\Admin\Documents\LightDiffusion-Next\src\NeuralNetwork\transformer.py", line 117, in forward
    x = block(x, context=context[i], transformer_options=transformer_options)
        ^^^^^^^^^^^^^^^^^^^^^^^^^^^^^^^^^^^^^^^^^^^^^^^^^^^^^^^^^^^^^^^^^^^^^
  File "C:\Users\Admin\Documents\LightDiffusion-Next\.venv\Lib\site-packages\torch\nn\modules\module.py", line 1776, in _wrapped_call_impl
    return self._call_impl(*args, **kwargs)
           ^^^^^^^^^^^^^^^^^^^^^^^^^^^^^^^^
  File "C:\Users\Admin\Documents\LightDiffusion-Next\.venv\Lib\site-packages\torch\nn\modules\module.py", line 1787, in _call_impl
    return forward_call(*args, **kwargs)
           ^^^^^^^^^^^^^^^^^^^^^^^^^^^^^
  File "C:\Users\Admin\Documents\LightDiffusion-Next\src\NeuralNetwork\transformer.py", line 60, in forward
    return sampling_util.checkpoint(self._forward, (x, context, transformer_options),
           ^^^^^^^^^^^^^^^^^^^^^^^^^^^^^^^^^^^^^^^^^^^^^^^^^^^^^^^^^^^^^^^^^^^^^^^^^^
  File "C:\Users\Admin\Documents\LightDiffusion-Next\src\sample\sampling_util.py", line 20, in checkpoint
    return func(*inputs)
           ^^^^^^^^^^^^^
  File "C:\Users\Admin\Documents\LightDiffusion-Next\src\NeuralNetwork\transformer.py", line 65, in _forward
    n = self.attn1(n, context=None, value=None)
        ^^^^^^^^^^^^^^^^^^^^^^^^^^^^^^^^^^^^^^^
  File "C:\Users\Admin\Documents\LightDiffusion-Next\.venv\Lib\site-packages\torch\nn\modules\module.py", line 1776, in _wrapped_call_impl
    return self._call_impl(*args, **kwargs)
           ^^^^^^^^^^^^^^^^^^^^^^^^^^^^^^^^
  File "C:\Users\Admin\Documents\LightDiffusion-Next\.venv\Lib\site-packages\torch\nn\modules\module.py", line 1787, in _call_impl
    return forward_call(*args, **kwargs)
           ^^^^^^^^^^^^^^^^^^^^^^^^^^^^^
  File "C:\Users\Admin\Documents\LightDiffusion-Next\src\Attention\Attention.py", line 156, in forward
    out = cross_attention_fn(q, k, v, self.heads, mask)
          ^^^^^^^^^^^^^^^^^^
NameError: name 'cross_attention_fn' is not defined. Did you mean: 'CrossAttention'?

During handling of the above exception, another exception occurred:

Traceback (most recent call last):
  File "C:\Users\Admin\Documents\LightDiffusion-Next\server.py", line 416, in _worker
    await self._process_group(to_process)
  File "C:\Users\Admin\Documents\LightDiffusion-Next\server.py", line 555, in _process_group
    result = await loop.run_in_executor(None, func)
             ^^^^^^^^^^^^^^^^^^^^^^^^^^^^^^^^^^^^^^
  File "C:\Users\Admin\AppData\Roaming\uv\python\cpython-3.12.12-windows-x86_64-none\Lib\concurrent\futures\thread.py", line 59, in run
    result = self.fn(*self.args, **self.kwargs)
             ^^^^^^^^^^^^^^^^^^^^^^^^^^^^^^^^^^
  File "C:\Users\Admin\Documents\LightDiffusion-Next\src\user\pipeline.py", line 277, in pipeline
    return pipeline_instance.run_batched(ctx, per_sample_info)
           ^^^^^^^^^^^^^^^^^^^^^^^^^^^^^^^^^^^^^^^^^^^^^^^^^^^
  File "C:\Users\Admin\Documents\LightDiffusion-Next\src\Core\Pipeline.py", line 742, in run_batched
    batch_latents = ksampler.sample(
                    ^^^^^^^^^^^^^^^^
  File "C:\Users\Admin\Documents\LightDiffusion-Next\src\sample\sampling.py", line 320, in sample
    return common_ksampler(model, seed, steps, cfg, sampler_name or self.sampler_name, scheduler or self.scheduler,
           ^^^^^^^^^^^^^^^^^^^^^^^^^^^^^^^^^^^^^^^^^^^^^^^^^^^^^^^^^^^^^^^^^^^^^^^^^^^^^^^^^^^^^^^^^^^^^^^^^^^^^^^^
  File "C:\Users\Admin\Documents\LightDiffusion-Next\src\sample\sampling.py", line 506, in common_ksampler
    samples = sample1(model, noise, steps, cfg, sampler_name, scheduler, positive, negative, latent_image,
              ^^^^^^^^^^^^^^^^^^^^^^^^^^^^^^^^^^^^^^^^^^^^^^^^^^^^^^^^^^^^^^^^^^^^^^^^^^^^^^^^^^^^^^^^^^^^
  File "C:\Users\Admin\Documents\LightDiffusion-Next\src\sample\sampling.py", line 401, in sample1
    samples = sample(model, noise, positive, negative, cfg, load_device, sampler_obj, sigmas.to(load_device),
              ^^^^^^^^^^^^^^^^^^^^^^^^^^^^^^^^^^^^^^^^^^^^^^^^^^^^^^^^^^^^^^^^^^^^^^^^^^^^^^^^^^^^^^^^^^^^^^^
  File "C:\Users\Admin\Documents\LightDiffusion-Next\src\sample\sampling.py", line 257, in sample
    return cfg_guider.sample(noise, latent_image, sampler, sigmas, denoise_mask, callback, disable_pbar, seed, pipeline=pipeline)
           ^^^^^^^^^^^^^^^^^^^^^^^^^^^^^^^^^^^^^^^^^^^^^^^^^^^^^^^^^^^^^^^^^^^^^^^^^^^^^^^^^^^^^^^^^^^^^^^^^^^^^^^^^^^^^^^^^^^^^^
  File "C:\Users\Admin\Documents\LightDiffusion-Next\src\sample\CFG.py", line 183, in sample
    output = self.inner_sample(noise.to(device), latent_image.to(device), device, sampler,
             ^^^^^^^^^^^^^^^^^^^^^^^^^^^^^^^^^^^^^^^^^^^^^^^^^^^^^^^^^^^^^^^^^^^^^^^^^^^^^
  File "C:\Users\Admin\Documents\LightDiffusion-Next\src\sample\CFG.py", line 167, in inner_sample
    samples = sampler.sample(self, sigmas, {"model_options": self.model_options, "seed": seed},
              ^^^^^^^^^^^^^^^^^^^^^^^^^^^^^^^^^^^^^^^^^^^^^^^^^^^^^^^^^^^^^^^^^^^^^^^^^^^^^^^^^
  File "C:\Users\Admin\Documents\LightDiffusion-Next\src\sample\sampling.py", line 219, in sample
    samples = sampler.sample(model_k, noise, sigmas, extra_args=extra_args, callback=callback, disable=disable_pbar)
              ^^^^^^^^^^^^^^^^^^^^^^^^^^^^^^^^^^^^^^^^^^^^^^^^^^^^^^^^^^^^^^^^^^^^^^^^^^^^^^^^^^^^^^^^^^^^^^^^^^^^^^
  File "C:\Users\Admin\Documents\LightDiffusion-Next\.venv\Lib\site-packages\torch\utils\_contextlib.py", line 124, in decorate_context
    return func(*args, **kwargs)
           ^^^^^^^^^^^^^^^^^^^^^
  File "C:\Users\Admin\Documents\LightDiffusion-Next\src\sample\BaseSampler.py", line 296, in sample
    return self._loop(model, x, sigmas, extra_args, callback, disable,
           ^^^^^^^^^^^^^^^^^^^^^^^^^^^^^^^^^^^^^^^^^^^^^^^^^^^^^^^^^^^
  File "C:\Users\Admin\Documents\LightDiffusion-Next\src\sample\BaseSampler.py", line 323, in _loop
    denoised = model(x, sigma_hat * s_in, **extra_args)
               ^^^^^^^^^^^^^^^^^^^^^^^^^^^^^^^^^^^^^^^^
  File "C:\Users\Admin\Documents\LightDiffusion-Next\src\sample\sampling.py", line 196, in __call__
    return self.inner_model(x, sigma, model_options=model_options, seed=seed)
           ^^^^^^^^^^^^^^^^^^^^^^^^^^^^^^^^^^^^^^^^^^^^^^^^^^^^^^^^^^^^^^^^^^
  File "C:\Users\Admin\Documents\LightDiffusion-Next\src\sample\CFG.py", line 130, in __call__
    return self.predict_noise(*args, **kwargs)
           ^^^^^^^^^^^^^^^^^^^^^^^^^^^^^^^^^^^
  File "C:\Users\Admin\Documents\LightDiffusion-Next\src\sample\CFG.py", line 137, in predict_noise
    result = sampling_function(self.inner_model, x, timestep,
            ^^^^^^^^^^^^^^^^^^^^^^^^^^^^^^^^^^^^^^^^^^^^^^^^
  File "C:\Users\Admin\Documents\LightDiffusion-Next\src\sample\CFG.py", line 42, in sampling_function
    cond_outputs = cond.calc_cond_batch(model, [condo, uncond_], x, timestep, model_options)
                   ^^^^^^^^^^^^^^^^^^^^^^^^^^^^^^^^^^^^^^^^^^^^^^^^^^^^^^^^^^^^^^^^^^^^^^^^^
  File "C:\Users\Admin\Documents\LightDiffusion-Next\src\cond\cond.py", line 219, in calc_cond_batch
    output_parts = _run_model_per_chunk(model, x_in, timestep, input_x_list, c_list, batch_sizes, batch_indices_list, cond_or_uncond, model_options)
                   ^^^^^^^^^^^^^^^^^^^^^^^^^^^^^^^^^^^^^^^^^^^^^^^^^^^^^^^^^^^^^^^^^^^^^^^^^^^^^^^^^^^^^^^^^^^^^^^^^^^^^^^^^^^^^^^^^^^^^^^^^^^^^^^^^
  File "C:\Users\Admin\Documents\LightDiffusion-Next\src\cond\cond.py", line 108, in _run_model_per_chunk
    out_j = model.apply_model(single_input, timestep_j, **c_chunk)
            ^^^^^^^^^^^^^^^^^^^^^^^^^^^^^^^^^^^^^^^^^^^^^^^^^^^^^^
  File "C:\Users\Admin\Documents\LightDiffusion-Next\src\Model\ModelBase.py", line 50, in apply_model
    output = self.diffusion_model(xc, t, context=context, control=control,
            ^^^^^^^^^^^^^^^^^^^^^^^^^^^^^^^^^^^^^^^^^^^^^^^^^^^^^^^^^^^^^
  File "C:\Users\Admin\Documents\LightDiffusion-Next\.venv\Lib\site-packages\torch\nn\modules\module.py", line 1776, in _wrapped_call_impl
    return self._call_impl(*args, **kwargs)
           ^^^^^^^^^^^^^^^^^^^^^^^^^^^^^^^^
  File "C:\Users\Admin\Documents\LightDiffusion-Next\.venv\Lib\site-packages\torch\nn\modules\module.py", line 1787, in _call_impl
    return forward_call(*args, **kwargs)
           ^^^^^^^^^^^^^^^^^^^^^^^^^^^^^
  File "C:\Users\Admin\Documents\LightDiffusion-Next\src\NeuralNetwork\unet.py", line 231, in forward
    h = ResBlock.forward_timestep_embed1(module, h, emb, context, transformer_options,
        ^^^^^^^^^^^^^^^^^^^^^^^^^^^^^^^^^^^^^^^^^^^^^^^^^^^^^^^^^^^^^^^^^^^^^^^^^^^^^^
  File "C:\Users\Admin\Documents\LightDiffusion-Next\src\AutoEncoders\ResBlock.py", line 29, in forward_timestep_embed1
    x = layer(x, context, transformer_options)
        ^^^^^^^^^^^^^^^^^^^^^^^^^^^^^^^^^^^^^^
  File "C:\Users\Admin\Documents\LightDiffusion-Next\.venv\Lib\site-packages\torch\nn\modules\module.py", line 1776, in _wrapped_call_impl
    return self._call_impl(*args, **kwargs)
           ^^^^^^^^^^^^^^^^^^^^^^^^^^^^^^^^
  File "C:\Users\Admin\Documents\LightDiffusion-Next\.venv\Lib\site-packages\torch\nn\modules\module.py", line 1787, in _call_impl
    return forward_call(*args, **kwargs)
           ^^^^^^^^^^^^^^^^^^^^^^^^^^^^^
  File "C:\Users\Admin\Documents\LightDiffusion-Next\src\NeuralNetwork\transformer.py", line 117, in forward
    x = block(x, context=context[i], transformer_options=transformer_options)
        ^^^^^^^^^^^^^^^^^^^^^^^^^^^^^^^^^^^^^^^^^^^^^^^^^^^^^^^^^^^^^^^^^^^^^
  File "C:\Users\Admin\Documents\LightDiffusion-Next\.venv\Lib\site-packages\torch\nn\modules\module.py", line 1776, in _wrapped_call_impl
    return self._call_impl(*args, **kwargs)
           ^^^^^^^^^^^^^^^^^^^^^^^^^^^^^^^^
  File "C:\Users\Admin\Documents\LightDiffusion-Next\.venv\Lib\site-packages\torch\nn\modules\module.py", line 1787, in _call_impl
    return forward_call(*args, **kwargs)
           ^^^^^^^^^^^^^^^^^^^^^^^^^^^^^
  File "C:\Users\Admin\Documents\LightDiffusion-Next\src\NeuralNetwork\transformer.py", line 60, in forward
    return sampling_util.checkpoint(self._forward, (x, context, transformer_options),
           ^^^^^^^^^^^^^^^^^^^^^^^^^^^^^^^^^^^^^^^^^^^^^^^^^^^^^^^^^^^^^^^^^^^^^^^^^^
  File "C:\Users\Admin\Documents\LightDiffusion-Next\src\sample\sampling_util.py", line 20, in checkpoint
    return func(*inputs)
           ^^^^^^^^^^^^^
  File "C:\Users\Admin\Documents\LightDiffusion-Next\src\NeuralNetwork\transformer.py", line 65, in _forward
    n = self.attn1(n, context=None, value=None)
        ^^^^^^^^^^^^^^^^^^^^^^^^^^^^^^^^^^^^^^^
  File "C:\Users\Admin\Documents\LightDiffusion-Next\.venv\Lib\site-packages\torch\nn\modules\module.py", line 1776, in _wrapped_call_impl
    return self._call_impl(*args, **kwargs)
           ^^^^^^^^^^^^^^^^^^^^^^^^^^^^^^^^
  File "C:\Users\Admin\Documents\LightDiffusion-Next\.venv\Lib\site-packages\torch\nn\modules\module.py", line 1787, in _call_impl
    return forward_call(*args, **kwargs)
           ^^^^^^^^^^^^^^^^^^^^^^^^^^^^^
  File "C:\Users\Admin\Documents\LightDiffusion-Next\src\Attention\Attention.py", line 156, in forward
    out = cross_attention_fn(q, k, v, self.heads, mask)
          ^^^^^^^^^^^^^^^^^^
NameError: name 'cross_attention_fn' is not defined. Did you mean: 'CrossAttention'?
2026-02-10 22:48:28 | INFO | lightdiffusion.server | rid=- | WebSocket client disconnected (remaining: 0)
2026-02-10 22:49:26 | INFO | lightdiffusion.server | rid=- | Shutting down frontend development server...
2026-02-10 22:49:26 | INFO | lightdiffusion.server | rid=- | Frontend development server shut down
2026-02-10 22:49:34 | DEBUG | lightdiffusion.server | rid=- | server module loaded; cwd=C:\Users\Admin\Documents\LightDiffusion-Next
2026-02-10 22:49:34 | INFO | lightdiffusion.server | rid=- | Pipeline and app_instance imported successfully
2026-02-10 22:49:34 | INFO | lightdiffusion.server | rid=- | Serving frontend from C:\Users\Admin\Documents\LightDiffusion-Next\frontend\dist
2026-02-10 22:49:34 | INFO | lightdiffusion.server | rid=- | Launching frontend development server...
2026-02-10 22:49:34 | INFO | lightdiffusion.server | rid=- | Frontend development server launched
2026-02-10 22:49:34 | DEBUG | lightdiffusion.server | rid=- | server module loaded; cwd=C:\Users\Admin\Documents\LightDiffusion-Next
2026-02-10 22:49:34 | INFO | lightdiffusion.server | rid=- | Pipeline and app_instance imported successfully
2026-02-10 22:49:34 | INFO | lightdiffusion.server | rid=- | Serving frontend from C:\Users\Admin\Documents\LightDiffusion-Next\frontend\dist
2026-02-10 22:49:34 | INFO | lightdiffusion.server | rid=- | GenerationBuffer worker task started
2026-02-10 22:49:34 | INFO | lightdiffusion.server | rid=- | Server startup complete, event loop captured for preview broadcasting
2026-02-10 22:49:34 | INFO | lightdiffusion.server | rid=- | Batching worker started; max_batch=4 timeout=0.5
2026-02-10 22:49:35 | INFO | lightdiffusion.server | rid=- | WebSocket client connected to /ws/preview (total: 1)
2026-02-10 22:49:36 | INFO | lightdiffusion.server | rid=- | WebSocket client disconnected (remaining: 0)
2026-02-10 22:49:36 | INFO | lightdiffusion.server | rid=- | WebSocket client connected to /ws/preview (total: 1)
2026-02-10 22:49:47 | INFO | lightdiffusion.server | rid=- | WebSocket client disconnected (remaining: 0)
2026-02-10 22:49:47 | INFO | lightdiffusion.server | rid=- | WebSocket client connected to /ws/preview (total: 1)
2026-02-10 22:53:50 | INFO | lightdiffusion.server | rid=a2dbb832 | /api/generate called
2026-02-10 22:53:50 | DEBUG | lightdiffusion.server | rid=a2dbb832 | Request: w=512 h=512 num_images=1 batch=1 scheduler=simple sampler=euler steps=25 hiresfix=False adetailer=False enhance=False img2img=False stable_fast=False reuse_seed=False realistic=False multiscale=False intermittent=True factor=0.5 fullres=[10,8] keep_models_loaded=True enable_preview=True prompt='An astronaut riding a horse on mars, detailed, 8k' neg='blurry, low quality, distorted' img2img_image_present=False
2026-02-10 22:53:50 | DEBUG | lightdiffusion.server | rid=- | Batch worker: pending groups={"('', False, 512, 512, False, False, 'simple', 'euler', 25, False, True, 0.5, 10, 8, True, False, 'None', 1.0, 'canny', '', -1)": 1} chosen_sig=('', False, 512, 512, False, False, 'simple', 'euler', 25, False, True, 0.5, 10, 8, True, False, 'None', 1.0, 'canny', '', -1) group_size=1 oldest_arrival=1770760430.252
2026-02-10 22:53:50 | DEBUG | lightdiffusion.server | rid=- | Processing singleton group for signature ('', False, 512, 512, False, False, 'simple', 'euler', 25, False, True, 0.5, 10, 8, True, False, 'None', 1.0, 'canny', '', -1) immediately (age=0.000s). LD_BATCH_WAIT_SINGLETONS=False
2026-02-10 22:53:50 | DEBUG | lightdiffusion.server | rid=- | Processing group chosen_sig=('', False, 512, 512, False, False, 'simple', 'euler', 25, False, True, 0.5, 10, 8, True, False, 'None', 1.0, 'canny', '', -1) items=1 request_ids=['a2dbb832']
2026-02-10 22:53:50 | INFO | lightdiffusion.server | rid=- | Broadcasting preview step 0/25
2026-02-10 22:53:53 | ERROR | lightdiffusion.server | rid=- | Batch processing failed: No such file or directory: ./include/checkpoints/DreamShaper_8_pruned.safetensors
Traceback (most recent call last):
  File "C:\Users\Admin\Documents\LightDiffusion-Next\server.py", line 416, in _worker
    await self._process_group(to_process)
  File "C:\Users\Admin\Documents\LightDiffusion-Next\server.py", line 555, in _process_group
    result = await loop.run_in_executor(None, func)
             ^^^^^^^^^^^^^^^^^^^^^^^^^^^^^^^^^^^^^^
  File "C:\Users\Admin\AppData\Roaming\uv\python\cpython-3.12.12-windows-x86_64-none\Lib\concurrent\futures\thread.py", line 59, in run
    result = self.fn(*self.args, **self.kwargs)
             ^^^^^^^^^^^^^^^^^^^^^^^^^^^^^^^^^^
  File "C:\Users\Admin\Documents\LightDiffusion-Next\src\user\pipeline.py", line 277, in pipeline
    return pipeline_instance.run_batched(ctx, per_sample_info)
           ^^^^^^^^^^^^^^^^^^^^^^^^^^^^^^^^^^^^^^^^^^^^^^^^^^^
  File "C:\Users\Admin\Documents\LightDiffusion-Next\src\Core\Pipeline.py", line 559, in run_batched
    model = self._load_model(ctx)
            ^^^^^^^^^^^^^^^^^^^^^
  File "C:\Users\Admin\Documents\LightDiffusion-Next\src\Core\Pipeline.py", line 912, in _load_model
    model.load()
  File "C:\Users\Admin\Documents\LightDiffusion-Next\src\Core\Models\SD15Model.py", line 79, in load
    result = loader.load_checkpoint(ckpt_name=path)
             ^^^^^^^^^^^^^^^^^^^^^^^^^^^^^^^^^^^^^^
  File "C:\Users\Admin\Documents\LightDiffusion-Next\src\FileManaging\Loader.py", line 161, in load_checkpoint
    out = load_checkpoint_guess_config(
          ^^^^^^^^^^^^^^^^^^^^^^^^^^^^^
  File "C:\Users\Admin\Documents\LightDiffusion-Next\src\FileManaging\Loader.py", line 32, in load_checkpoint_guess_config
    sd = util.load_torch_file(ckpt_path)
         ^^^^^^^^^^^^^^^^^^^^^^^^^^^^^^^
  File "C:\Users\Admin\Documents\LightDiffusion-Next\src\Utilities\util.py", line 125, in load_torch_file
    sd = safetensors.torch.load_file(ckpt, device=device.type)
         ^^^^^^^^^^^^^^^^^^^^^^^^^^^^^^^^^^^^^^^^^^^^^^^^^^^^^
  File "C:\Users\Admin\Documents\LightDiffusion-Next\.venv\Lib\site-packages\safetensors\torch.py", line 336, in load_file
    with safe_open(filename, framework="pt", device=device) as f:
         ^^^^^^^^^^^^^^^^^^^^^^^^^^^^^^^^^^^^^^^^^^^^^^^^^^
FileNotFoundError: No such file or directory: ./include/checkpoints/DreamShaper_8_pruned.safetensors
2026-02-10 22:54:02 | INFO | lightdiffusion.server | rid=- | Interrupt requested via API
2026-02-10 22:54:08 | INFO | lightdiffusion.server | rid=e725806f | /api/generate called
2026-02-10 22:54:08 | DEBUG | lightdiffusion.server | rid=e725806f | Request: w=512 h=512 num_images=1 batch=1 scheduler=simple sampler=euler steps=25 hiresfix=False adetailer=False enhance=False img2img=False stable_fast=False reuse_seed=False realistic=False multiscale=False intermittent=True factor=0.5 fullres=[10,8] keep_models_loaded=True enable_preview=True prompt='An astronaut riding a horse on mars, detailed, 8k' neg='blurry, low quality, distorted' img2img_image_present=False
2026-02-10 22:54:08 | DEBUG | lightdiffusion.server | rid=- | Batch worker: pending groups={"('./include/checkpoints\\\\juggernautXL_ragnarokBy.safetensors', False, 512, 512, False, False, 'simple', 'euler', 25, False, True, 0.5, 10, 8, True, False, 'None', 1.0, 'canny', './include/checkpoints\\\\sd_xl_refiner_1.0.safetensors', 20)": 1} chosen_sig=('./include/checkpoints\\juggernautXL_ragnarokBy.safetensors', False, 512, 512, False, False, 'simple', 'euler', 25, False, True, 0.5, 10, 8, True, False, 'None', 1.0, 'canny', './include/checkpoints\\sd_xl_refiner_1.0.safetensors', 20) group_size=1 oldest_arrival=1770760448.020
2026-02-10 22:54:08 | DEBUG | lightdiffusion.server | rid=- | Processing singleton group for signature ('./include/checkpoints\\juggernautXL_ragnarokBy.safetensors', False, 512, 512, False, False, 'simple', 'euler', 25, False, True, 0.5, 10, 8, True, False, 'None', 1.0, 'canny', './include/checkpoints\\sd_xl_refiner_1.0.safetensors', 20) immediately (age=0.000s). LD_BATCH_WAIT_SINGLETONS=False
2026-02-10 22:54:08 | DEBUG | lightdiffusion.server | rid=- | Processing group chosen_sig=('./include/checkpoints\\juggernautXL_ragnarokBy.safetensors', False, 512, 512, False, False, 'simple', 'euler', 25, False, True, 0.5, 10, 8, True, False, 'None', 1.0, 'canny', './include/checkpoints\\sd_xl_refiner_1.0.safetensors', 20) items=1 request_ids=['e725806f']
2026-02-10 22:54:08 | INFO | lightdiffusion.server | rid=- | Broadcasting preview step 0/25
2026-02-10 22:54:16 | INFO | lightdiffusion.server | rid=- | Broadcasting preview step 0/20
2026-02-10 22:54:17 | INFO | lightdiffusion.server | rid=- | Broadcasting preview step 5/20
2026-02-10 22:54:18 | INFO | lightdiffusion.server | rid=- | Broadcasting preview step 10/20
2026-02-10 22:54:19 | INFO | lightdiffusion.server | rid=- | Broadcasting preview step 15/20
2026-02-10 22:54:19 | INFO | lightdiffusion.server | rid=- | Broadcasting preview step 19/20
2026-02-10 22:54:34 | INFO | lightdiffusion.server | rid=- | Broadcasting preview step 0/5
2026-02-10 22:54:34 | INFO | lightdiffusion.server | rid=- | Broadcasting preview step 4/5
2026-02-10 22:55:48 | INFO | lightdiffusion.server | rid=c9b08752 | /api/generate called
2026-02-10 22:55:48 | DEBUG | lightdiffusion.server | rid=c9b08752 | Request: w=512 h=512 num_images=1 batch=1 scheduler=simple sampler=euler steps=25 hiresfix=True adetailer=False enhance=False img2img=False stable_fast=False reuse_seed=False realistic=False multiscale=False intermittent=True factor=0.5 fullres=[10,8] keep_models_loaded=True enable_preview=True prompt='An astronaut riding a horse on mars, detailed, 8k' neg='blurry, low quality, distorted' img2img_image_present=False
2026-02-10 22:55:48 | DEBUG | lightdiffusion.server | rid=- | Batch worker: pending groups={"('./include/checkpoints\\\\juggernautXL_ragnarokBy.safetensors', False, 512, 512, False, False, 'simple', 'euler', 25, False, True, 0.5, 10, 8, True, False, 'None', 1.0, 'canny', './include/checkpoints\\\\sd_xl_refiner_1.0.safetensors', 20)": 1} chosen_sig=('./include/checkpoints\\juggernautXL_ragnarokBy.safetensors', False, 512, 512, False, False, 'simple', 'euler', 25, False, True, 0.5, 10, 8, True, False, 'None', 1.0, 'canny', './include/checkpoints\\sd_xl_refiner_1.0.safetensors', 20) group_size=1 oldest_arrival=1770760548.596
2026-02-10 22:55:48 | DEBUG | lightdiffusion.server | rid=- | Processing singleton group for signature ('./include/checkpoints\\juggernautXL_ragnarokBy.safetensors', False, 512, 512, False, False, 'simple', 'euler', 25, False, True, 0.5, 10, 8, True, False, 'None', 1.0, 'canny', './include/checkpoints\\sd_xl_refiner_1.0.safetensors', 20) immediately (age=0.000s). LD_BATCH_WAIT_SINGLETONS=False
2026-02-10 22:55:48 | DEBUG | lightdiffusion.server | rid=- | Processing group chosen_sig=('./include/checkpoints\\juggernautXL_ragnarokBy.safetensors', False, 512, 512, False, False, 'simple', 'euler', 25, False, True, 0.5, 10, 8, True, False, 'None', 1.0, 'canny', './include/checkpoints\\sd_xl_refiner_1.0.safetensors', 20) items=1 request_ids=['c9b08752']
2026-02-10 22:55:48 | INFO | lightdiffusion.server | rid=- | Broadcasting preview step 0/25
2026-02-10 22:55:51 | INFO | lightdiffusion.server | rid=- | Broadcasting preview step 0/20
2026-02-10 22:55:52 | INFO | lightdiffusion.server | rid=- | Broadcasting preview step 5/20
2026-02-10 22:55:53 | INFO | lightdiffusion.server | rid=- | Broadcasting preview step 10/20
2026-02-10 22:55:54 | INFO | lightdiffusion.server | rid=- | Broadcasting preview step 15/20
2026-02-10 22:55:54 | INFO | lightdiffusion.server | rid=- | Broadcasting preview step 19/20
2026-02-10 22:55:56 | INFO | lightdiffusion.server | rid=- | Broadcasting preview step 0/5
2026-02-10 22:55:57 | INFO | lightdiffusion.server | rid=- | Broadcasting preview step 4/5
2026-02-10 22:56:00 | INFO | lightdiffusion.server | rid=- | Broadcasting preview step 0/12
2026-02-10 22:56:04 | INFO | lightdiffusion.server | rid=- | Broadcasting preview step 5/12
2026-02-10 22:56:07 | INFO | lightdiffusion.server | rid=- | Broadcasting preview step 10/12
2026-02-10 22:56:08 | INFO | lightdiffusion.server | rid=- | Broadcasting preview step 11/12
2026-02-10 22:56:31 | INFO | lightdiffusion.server | rid=f63dbf28 | /api/generate called
2026-02-10 22:56:31 | DEBUG | lightdiffusion.server | rid=f63dbf28 | Request: w=512 h=512 num_images=1 batch=1 scheduler=simple sampler=euler steps=25 hiresfix=False adetailer=True enhance=False img2img=False stable_fast=False reuse_seed=False realistic=False multiscale=False intermittent=True factor=0.5 fullres=[10,8] keep_models_loaded=True enable_preview=True prompt='anime girl' neg='blurry, low quality, distorted' img2img_image_present=False
2026-02-10 22:56:31 | DEBUG | lightdiffusion.server | rid=- | Batch worker: pending groups={"('./include/checkpoints\\\\juggernautXL_ragnarokBy.safetensors', False, 512, 512, False, False, 'simple', 'euler', 25, False, True, 0.5, 10, 8, True, False, 'None', 1.0, 'canny', './include/checkpoints\\\\sd_xl_refiner_1.0.safetensors', 20)": 1} chosen_sig=('./include/checkpoints\\juggernautXL_ragnarokBy.safetensors', False, 512, 512, False, False, 'simple', 'euler', 25, False, True, 0.5, 10, 8, True, False, 'None', 1.0, 'canny', './include/checkpoints\\sd_xl_refiner_1.0.safetensors', 20) group_size=1 oldest_arrival=1770760591.705
2026-02-10 22:56:31 | DEBUG | lightdiffusion.server | rid=- | Processing singleton group for signature ('./include/checkpoints\\juggernautXL_ragnarokBy.safetensors', False, 512, 512, False, False, 'simple', 'euler', 25, False, True, 0.5, 10, 8, True, False, 'None', 1.0, 'canny', './include/checkpoints\\sd_xl_refiner_1.0.safetensors', 20) immediately (age=0.000s). LD_BATCH_WAIT_SINGLETONS=False
2026-02-10 22:56:31 | DEBUG | lightdiffusion.server | rid=- | Processing group chosen_sig=('./include/checkpoints\\juggernautXL_ragnarokBy.safetensors', False, 512, 512, False, False, 'simple', 'euler', 25, False, True, 0.5, 10, 8, True, False, 'None', 1.0, 'canny', './include/checkpoints\\sd_xl_refiner_1.0.safetensors', 20) items=1 request_ids=['f63dbf28']
2026-02-10 22:56:31 | INFO | lightdiffusion.server | rid=- | Broadcasting preview step 0/25
2026-02-10 22:56:34 | INFO | lightdiffusion.server | rid=- | Broadcasting preview step 0/20
2026-02-10 22:56:35 | INFO | lightdiffusion.server | rid=- | Broadcasting preview step 5/20
2026-02-10 22:56:36 | INFO | lightdiffusion.server | rid=- | Broadcasting preview step 10/20
2026-02-10 22:56:37 | INFO | lightdiffusion.server | rid=- | Broadcasting preview step 15/20
2026-02-10 22:56:37 | INFO | lightdiffusion.server | rid=- | Broadcasting preview step 19/20
2026-02-10 22:56:39 | INFO | lightdiffusion.server | rid=- | Broadcasting preview step 0/5
2026-02-10 22:56:40 | INFO | lightdiffusion.server | rid=- | Broadcasting preview step 4/5
2026-02-10 22:56:51 | INFO | lightdiffusion.server | rid=- | Broadcasting preview step 0/20
2026-02-10 22:56:54 | INFO | lightdiffusion.server | rid=- | Broadcasting preview step 5/20
2026-02-10 22:56:56 | INFO | lightdiffusion.server | rid=- | Broadcasting preview step 10/20
2026-02-10 22:56:59 | INFO | lightdiffusion.server | rid=- | Broadcasting preview step 15/20
2026-02-10 22:57:01 | INFO | lightdiffusion.server | rid=- | Broadcasting preview step 19/20
2026-02-10 22:57:11 | INFO | lightdiffusion.server | rid=- | Interrupt requested via API
2026-02-10 22:58:27 | INFO | lightdiffusion.server | rid=- | WebSocket client disconnected (remaining: 0)
2026-02-10 22:58:30 | INFO | lightdiffusion.server | rid=- | Shutting down frontend development server...
2026-02-10 22:58:30 | INFO | lightdiffusion.server | rid=- | Frontend development server shut down
2026-02-10 23:00:34 | DEBUG | lightdiffusion.server | rid=- | server module loaded; cwd=C:\Users\Admin\Documents\LightDiffusion-Next
2026-02-10 23:00:34 | INFO | lightdiffusion.server | rid=- | Pipeline and app_instance imported successfully
2026-02-10 23:00:34 | INFO | lightdiffusion.server | rid=- | Serving frontend from C:\Users\Admin\Documents\LightDiffusion-Next\frontend\dist
2026-02-10 23:00:34 | INFO | lightdiffusion.server | rid=- | Launching frontend development server...
2026-02-10 23:00:34 | INFO | lightdiffusion.server | rid=- | Frontend development server launched
2026-02-10 23:00:34 | DEBUG | lightdiffusion.server | rid=- | server module loaded; cwd=C:\Users\Admin\Documents\LightDiffusion-Next
2026-02-10 23:00:34 | INFO | lightdiffusion.server | rid=- | Pipeline and app_instance imported successfully
2026-02-10 23:00:34 | INFO | lightdiffusion.server | rid=- | Serving frontend from C:\Users\Admin\Documents\LightDiffusion-Next\frontend\dist
2026-02-10 23:00:34 | INFO | lightdiffusion.server | rid=- | GenerationBuffer worker task started
2026-02-10 23:00:34 | INFO | lightdiffusion.server | rid=- | Server startup complete, event loop captured for preview broadcasting
2026-02-10 23:00:34 | INFO | lightdiffusion.server | rid=- | Batching worker started; max_batch=4 timeout=0.5
2026-02-10 23:00:35 | INFO | lightdiffusion.server | rid=- | WebSocket client connected to /ws/preview (total: 1)
2026-02-10 23:00:40 | INFO | lightdiffusion.server | rid=- | WebSocket client disconnected (remaining: 0)
2026-02-10 23:00:41 | INFO | lightdiffusion.server | rid=- | WebSocket client connected to /ws/preview (total: 1)
2026-02-10 23:01:05 | INFO | lightdiffusion.server | rid=- | WebSocket client disconnected (remaining: 0)
2026-02-10 23:01:05 | INFO | lightdiffusion.server | rid=- | WebSocket client connected to /ws/preview (total: 1)
2026-02-10 23:02:50 | INFO | lightdiffusion.server | rid=c22abd22 | /api/generate called
2026-02-10 23:02:50 | DEBUG | lightdiffusion.server | rid=c22abd22 | Request: w=512 h=512 num_images=1 batch=1 scheduler=simple sampler=euler steps=25 hiresfix=False adetailer=True enhance=False img2img=False stable_fast=False reuse_seed=False realistic=False multiscale=False intermittent=True factor=0.5 fullres=[10,8] keep_models_loaded=True enable_preview=True prompt='An astronaut riding a horse on mars, detailed, 8k' neg='blurry, low quality, distorted' img2img_image_present=False
2026-02-10 23:02:50 | DEBUG | lightdiffusion.server | rid=- | Batch worker: pending groups={"('./include/checkpoints\\\\juggernautXL_ragnarokBy.safetensors', False, 512, 512, False, False, 'simple', 'euler', 25, False, True, 0.5, 10, 8, True, False, 'None', 1.0, 'canny', './include/checkpoints\\\\sd_xl_refiner_1.0.safetensors', 20)": 1} chosen_sig=('./include/checkpoints\\juggernautXL_ragnarokBy.safetensors', False, 512, 512, False, False, 'simple', 'euler', 25, False, True, 0.5, 10, 8, True, False, 'None', 1.0, 'canny', './include/checkpoints\\sd_xl_refiner_1.0.safetensors', 20) group_size=1 oldest_arrival=1770760970.103
2026-02-10 23:02:50 | DEBUG | lightdiffusion.server | rid=- | Processing singleton group for signature ('./include/checkpoints\\juggernautXL_ragnarokBy.safetensors', False, 512, 512, False, False, 'simple', 'euler', 25, False, True, 0.5, 10, 8, True, False, 'None', 1.0, 'canny', './include/checkpoints\\sd_xl_refiner_1.0.safetensors', 20) immediately (age=0.001s). LD_BATCH_WAIT_SINGLETONS=False
2026-02-10 23:02:50 | DEBUG | lightdiffusion.server | rid=- | Processing group chosen_sig=('./include/checkpoints\\juggernautXL_ragnarokBy.safetensors', False, 512, 512, False, False, 'simple', 'euler', 25, False, True, 0.5, 10, 8, True, False, 'None', 1.0, 'canny', './include/checkpoints\\sd_xl_refiner_1.0.safetensors', 20) items=1 request_ids=['c22abd22']
2026-02-10 23:02:50 | INFO | lightdiffusion.server | rid=- | Broadcasting preview step 0/25
2026-02-10 23:03:08 | INFO | lightdiffusion.server | rid=- | Broadcasting preview step 0/20
2026-02-10 23:03:10 | INFO | lightdiffusion.server | rid=- | Broadcasting preview step 5/20
2026-02-10 23:03:11 | INFO | lightdiffusion.server | rid=- | Broadcasting preview step 10/20
2026-02-10 23:03:13 | INFO | lightdiffusion.server | rid=- | Broadcasting preview step 15/20
2026-02-10 23:03:14 | INFO | lightdiffusion.server | rid=- | Broadcasting preview step 19/20
2026-02-10 23:03:33 | INFO | lightdiffusion.server | rid=- | Broadcasting preview step 0/5
2026-02-10 23:03:35 | INFO | lightdiffusion.server | rid=- | Broadcasting preview step 4/5
2026-02-10 23:04:19 | INFO | lightdiffusion.server | rid=- | Broadcasting preview step 0/20
2026-02-10 23:04:19 | INFO | lightdiffusion.server | rid=- | Broadcasting preview step 5/20
2026-02-10 23:04:20 | INFO | lightdiffusion.server | rid=- | Broadcasting preview step 10/20
2026-02-10 23:04:21 | INFO | lightdiffusion.server | rid=- | Broadcasting preview step 15/20
2026-02-10 23:04:22 | INFO | lightdiffusion.server | rid=- | Broadcasting preview step 19/20
2026-02-10 23:07:32 | INFO | lightdiffusion.server | rid=- | WebSocket client disconnected (remaining: 0)
2026-02-10 23:07:32 | INFO | lightdiffusion.server | rid=- | Shutting down frontend development server...
2026-02-10 23:07:32 | INFO | lightdiffusion.server | rid=- | Frontend development server shut down
2026-02-10 23:07:39 | DEBUG | lightdiffusion.server | rid=- | server module loaded; cwd=C:\Users\Admin\Documents\LightDiffusion-Next
2026-02-10 23:07:39 | INFO | lightdiffusion.server | rid=- | Pipeline and app_instance imported successfully
2026-02-10 23:07:40 | INFO | lightdiffusion.server | rid=- | Serving frontend from C:\Users\Admin\Documents\LightDiffusion-Next\frontend\dist
2026-02-10 23:07:40 | INFO | lightdiffusion.server | rid=- | Launching frontend development server...
2026-02-10 23:07:40 | INFO | lightdiffusion.server | rid=- | Frontend development server launched
2026-02-10 23:07:40 | DEBUG | lightdiffusion.server | rid=- | server module loaded; cwd=C:\Users\Admin\Documents\LightDiffusion-Next
2026-02-10 23:07:40 | INFO | lightdiffusion.server | rid=- | Pipeline and app_instance imported successfully
2026-02-10 23:07:40 | INFO | lightdiffusion.server | rid=- | Serving frontend from C:\Users\Admin\Documents\LightDiffusion-Next\frontend\dist
2026-02-10 23:07:40 | INFO | lightdiffusion.server | rid=- | GenerationBuffer worker task started
2026-02-10 23:07:40 | INFO | lightdiffusion.server | rid=- | Server startup complete, event loop captured for preview broadcasting
2026-02-10 23:07:40 | INFO | lightdiffusion.server | rid=- | Batching worker started; max_batch=4 timeout=0.5
2026-02-10 23:07:41 | INFO | lightdiffusion.server | rid=- | WebSocket client connected to /ws/preview (total: 1)
2026-02-10 23:07:41 | INFO | lightdiffusion.server | rid=- | WebSocket client disconnected (remaining: 0)
2026-02-10 23:07:41 | INFO | lightdiffusion.server | rid=- | WebSocket client connected to /ws/preview (total: 1)
2026-02-10 23:08:00 | INFO | lightdiffusion.server | rid=c6875dd3 | /api/generate called
2026-02-10 23:08:00 | DEBUG | lightdiffusion.server | rid=c6875dd3 | Request: w=512 h=512 num_images=1 batch=1 scheduler=simple sampler=euler steps=25 hiresfix=False adetailer=True enhance=False img2img=False stable_fast=False reuse_seed=False realistic=False multiscale=False intermittent=True factor=0.5 fullres=[10,8] keep_models_loaded=True enable_preview=True prompt='An astronaut riding a horse on mars, detailed, 8k' neg='blurry, low quality, distorted' img2img_image_present=False
2026-02-10 23:08:00 | DEBUG | lightdiffusion.server | rid=- | Batch worker: pending groups={"('./include/checkpoints\\\\juggernautXL_ragnarokBy.safetensors', False, 512, 512, False, False, 'simple', 'euler', 25, False, True, 0.5, 10, 8, True, False, 'None', 1.0, 'canny', '', 15)": 1} chosen_sig=('./include/checkpoints\\juggernautXL_ragnarokBy.safetensors', False, 512, 512, False, False, 'simple', 'euler', 25, False, True, 0.5, 10, 8, True, False, 'None', 1.0, 'canny', '', 15) group_size=1 oldest_arrival=1770761280.083
2026-02-10 23:08:00 | DEBUG | lightdiffusion.server | rid=- | Processing singleton group for signature ('./include/checkpoints\\juggernautXL_ragnarokBy.safetensors', False, 512, 512, False, False, 'simple', 'euler', 25, False, True, 0.5, 10, 8, True, False, 'None', 1.0, 'canny', '', 15) immediately (age=0.000s). LD_BATCH_WAIT_SINGLETONS=False
2026-02-10 23:08:00 | DEBUG | lightdiffusion.server | rid=- | Processing group chosen_sig=('./include/checkpoints\\juggernautXL_ragnarokBy.safetensors', False, 512, 512, False, False, 'simple', 'euler', 25, False, True, 0.5, 10, 8, True, False, 'None', 1.0, 'canny', '', 15) items=1 request_ids=['c6875dd3']
2026-02-10 23:08:00 | INFO | lightdiffusion.server | rid=- | Broadcasting preview step 0/25
2026-02-10 23:08:19 | INFO | lightdiffusion.server | rid=- | Broadcasting preview step 0/25
2026-02-10 23:08:20 | INFO | lightdiffusion.server | rid=- | Broadcasting preview step 5/25
2026-02-10 23:08:21 | INFO | lightdiffusion.server | rid=- | Broadcasting preview step 10/25
2026-02-10 23:08:22 | INFO | lightdiffusion.server | rid=- | Broadcasting preview step 15/25
2026-02-10 23:08:23 | INFO | lightdiffusion.server | rid=- | Broadcasting preview step 20/25
2026-02-10 23:08:23 | INFO | lightdiffusion.server | rid=- | Broadcasting preview step 24/25
2026-02-10 23:08:53 | INFO | lightdiffusion.server | rid=- | Broadcasting preview step 0/20
2026-02-10 23:08:54 | INFO | lightdiffusion.server | rid=- | Broadcasting preview step 5/20
2026-02-10 23:08:55 | INFO | lightdiffusion.server | rid=- | Broadcasting preview step 10/20
2026-02-10 23:08:55 | INFO | lightdiffusion.server | rid=- | Broadcasting preview step 15/20
2026-02-10 23:08:56 | INFO | lightdiffusion.server | rid=- | Broadcasting preview step 19/20
2026-02-10 23:11:00 | INFO | lightdiffusion.server | rid=- | WebSocket client disconnected (remaining: 0)
2026-02-10 23:11:00 | INFO | lightdiffusion.server | rid=- | Shutting down frontend development server...
2026-02-10 23:11:01 | INFO | lightdiffusion.server | rid=- | Frontend development server shut down
2026-02-10 23:11:09 | DEBUG | lightdiffusion.server | rid=- | server module loaded; cwd=C:\Users\Admin\Documents\LightDiffusion-Next
2026-02-10 23:11:09 | INFO | lightdiffusion.server | rid=- | Pipeline and app_instance imported successfully
2026-02-10 23:11:09 | INFO | lightdiffusion.server | rid=- | Serving frontend from C:\Users\Admin\Documents\LightDiffusion-Next\frontend\dist
2026-02-10 23:11:09 | INFO | lightdiffusion.server | rid=- | Launching frontend development server...
2026-02-10 23:11:09 | INFO | lightdiffusion.server | rid=- | Frontend development server launched
2026-02-10 23:11:09 | DEBUG | lightdiffusion.server | rid=- | server module loaded; cwd=C:\Users\Admin\Documents\LightDiffusion-Next
2026-02-10 23:11:09 | INFO | lightdiffusion.server | rid=- | Pipeline and app_instance imported successfully
2026-02-10 23:11:09 | INFO | lightdiffusion.server | rid=- | Serving frontend from C:\Users\Admin\Documents\LightDiffusion-Next\frontend\dist
2026-02-10 23:11:09 | INFO | lightdiffusion.server | rid=- | GenerationBuffer worker task started
2026-02-10 23:11:09 | INFO | lightdiffusion.server | rid=- | Server startup complete, event loop captured for preview broadcasting
2026-02-10 23:11:09 | INFO | lightdiffusion.server | rid=- | Batching worker started; max_batch=4 timeout=0.5
2026-02-10 23:11:10 | INFO | lightdiffusion.server | rid=- | WebSocket client connected to /ws/preview (total: 1)
2026-02-10 23:11:10 | INFO | lightdiffusion.server | rid=- | WebSocket client disconnected (remaining: 0)
2026-02-10 23:11:11 | INFO | lightdiffusion.server | rid=- | WebSocket client connected to /ws/preview (total: 1)
2026-02-10 23:11:36 | INFO | lightdiffusion.server | rid=58e2f04e | /api/generate called
2026-02-10 23:11:36 | DEBUG | lightdiffusion.server | rid=58e2f04e | Request: w=512 h=512 num_images=1 batch=1 scheduler=simple sampler=euler steps=25 hiresfix=False adetailer=True enhance=False img2img=False stable_fast=False reuse_seed=False realistic=False multiscale=False intermittent=True factor=0.5 fullres=[10,8] keep_models_loaded=True enable_preview=True prompt='An astronaut riding a horse on mars, detailed, 8k' neg='blurry, low quality, distorted' img2img_image_present=False
2026-02-10 23:11:36 | DEBUG | lightdiffusion.server | rid=- | Batch worker: pending groups={"('./include/checkpoints\\\\juggernautXL_ragnarokBy.safetensors', False, 512, 512, False, False, 'simple', 'euler', 25, False, True, 0.5, 10, 8, True, False, 'None', 1.0, 'canny', '', 15)": 1} chosen_sig=('./include/checkpoints\\juggernautXL_ragnarokBy.safetensors', False, 512, 512, False, False, 'simple', 'euler', 25, False, True, 0.5, 10, 8, True, False, 'None', 1.0, 'canny', '', 15) group_size=1 oldest_arrival=1770761496.626
2026-02-10 23:11:36 | DEBUG | lightdiffusion.server | rid=- | Processing singleton group for signature ('./include/checkpoints\\juggernautXL_ragnarokBy.safetensors', False, 512, 512, False, False, 'simple', 'euler', 25, False, True, 0.5, 10, 8, True, False, 'None', 1.0, 'canny', '', 15) immediately (age=0.000s). LD_BATCH_WAIT_SINGLETONS=False
2026-02-10 23:11:36 | DEBUG | lightdiffusion.server | rid=- | Processing group chosen_sig=('./include/checkpoints\\juggernautXL_ragnarokBy.safetensors', False, 512, 512, False, False, 'simple', 'euler', 25, False, True, 0.5, 10, 8, True, False, 'None', 1.0, 'canny', '', 15) items=1 request_ids=['58e2f04e']
2026-02-10 23:11:36 | INFO | lightdiffusion.server | rid=- | Broadcasting preview step 0/25
2026-02-10 23:11:53 | INFO | lightdiffusion.server | rid=- | Broadcasting preview step 0/25
2026-02-10 23:11:55 | INFO | lightdiffusion.server | rid=- | Broadcasting preview step 5/25
2026-02-10 23:11:58 | INFO | lightdiffusion.server | rid=- | Broadcasting preview step 10/25
2026-02-10 23:12:00 | INFO | lightdiffusion.server | rid=- | Broadcasting preview step 15/25
2026-02-10 23:12:01 | INFO | lightdiffusion.server | rid=- | Broadcasting preview step 20/25
2026-02-10 23:12:03 | INFO | lightdiffusion.server | rid=- | Broadcasting preview step 24/25
2026-02-10 23:12:37 | INFO | lightdiffusion.server | rid=- | Broadcasting preview step 0/20
2026-02-10 23:12:38 | INFO | lightdiffusion.server | rid=- | Broadcasting preview step 5/20
2026-02-10 23:12:40 | INFO | lightdiffusion.server | rid=- | Broadcasting preview step 10/20
2026-02-10 23:12:42 | INFO | lightdiffusion.server | rid=- | Broadcasting preview step 15/20
2026-02-10 23:12:43 | INFO | lightdiffusion.server | rid=- | Broadcasting preview step 19/20
2026-02-10 23:18:21 | INFO | lightdiffusion.server | rid=- | WebSocket client disconnected (remaining: 0)
2026-02-10 23:18:21 | INFO | lightdiffusion.server | rid=- | Shutting down frontend development server...
2026-02-10 23:18:21 | INFO | lightdiffusion.server | rid=- | Frontend development server shut down
2026-02-10 23:18:28 | DEBUG | lightdiffusion.server | rid=- | server module loaded; cwd=C:\Users\Admin\Documents\LightDiffusion-Next
2026-02-10 23:18:28 | INFO | lightdiffusion.server | rid=- | Pipeline and app_instance imported successfully
2026-02-10 23:18:28 | INFO | lightdiffusion.server | rid=- | Serving frontend from C:\Users\Admin\Documents\LightDiffusion-Next\frontend\dist
2026-02-10 23:18:28 | INFO | lightdiffusion.server | rid=- | Launching frontend development server...
2026-02-10 23:18:28 | INFO | lightdiffusion.server | rid=- | Frontend development server launched
2026-02-10 23:18:29 | DEBUG | lightdiffusion.server | rid=- | server module loaded; cwd=C:\Users\Admin\Documents\LightDiffusion-Next
2026-02-10 23:18:29 | INFO | lightdiffusion.server | rid=- | Pipeline and app_instance imported successfully
2026-02-10 23:18:29 | INFO | lightdiffusion.server | rid=- | Serving frontend from C:\Users\Admin\Documents\LightDiffusion-Next\frontend\dist
2026-02-10 23:18:29 | INFO | lightdiffusion.server | rid=- | GenerationBuffer worker task started
2026-02-10 23:18:29 | INFO | lightdiffusion.server | rid=- | Server startup complete, event loop captured for preview broadcasting
2026-02-10 23:18:29 | INFO | lightdiffusion.server | rid=- | Batching worker started; max_batch=4 timeout=0.5
2026-02-10 23:18:29 | INFO | lightdiffusion.server | rid=- | WebSocket client connected to /ws/preview (total: 1)
2026-02-10 23:18:30 | INFO | lightdiffusion.server | rid=- | WebSocket client disconnected (remaining: 0)
2026-02-10 23:18:30 | INFO | lightdiffusion.server | rid=- | WebSocket client connected to /ws/preview (total: 1)
2026-02-10 23:18:34 | INFO | lightdiffusion.server | rid=- | WebSocket client disconnected (remaining: 0)
2026-02-10 23:18:34 | INFO | lightdiffusion.server | rid=- | WebSocket client connected to /ws/preview (total: 1)
2026-02-10 23:20:01 | INFO | lightdiffusion.server | rid=7949c6d2 | /api/generate called
2026-02-10 23:20:01 | DEBUG | lightdiffusion.server | rid=7949c6d2 | Request: w=512 h=512 num_images=1 batch=1 scheduler=simple sampler=euler steps=25 hiresfix=False adetailer=True enhance=False img2img=False stable_fast=False reuse_seed=False realistic=False multiscale=False intermittent=True factor=0.5 fullres=[10,8] keep_models_loaded=True enable_preview=True prompt='An astronaut riding a horse on mars, detailed, 8k' neg='blurry, low quality, distorted' img2img_image_present=False
2026-02-10 23:20:01 | DEBUG | lightdiffusion.server | rid=- | Batch worker: pending groups={"('./include/checkpoints\\\\juggernautXL_ragnarokBy.safetensors', False, 512, 512, False, False, 'simple', 'euler', 25, False, True, 0.5, 10, 8, True, False, 'None', 1.0, 'canny', '', 15)": 1} chosen_sig=('./include/checkpoints\\juggernautXL_ragnarokBy.safetensors', False, 512, 512, False, False, 'simple', 'euler', 25, False, True, 0.5, 10, 8, True, False, 'None', 1.0, 'canny', '', 15) group_size=1 oldest_arrival=1770762001.563
2026-02-10 23:20:01 | DEBUG | lightdiffusion.server | rid=- | Processing singleton group for signature ('./include/checkpoints\\juggernautXL_ragnarokBy.safetensors', False, 512, 512, False, False, 'simple', 'euler', 25, False, True, 0.5, 10, 8, True, False, 'None', 1.0, 'canny', '', 15) immediately (age=0.000s). LD_BATCH_WAIT_SINGLETONS=False
2026-02-10 23:20:01 | DEBUG | lightdiffusion.server | rid=- | Processing group chosen_sig=('./include/checkpoints\\juggernautXL_ragnarokBy.safetensors', False, 512, 512, False, False, 'simple', 'euler', 25, False, True, 0.5, 10, 8, True, False, 'None', 1.0, 'canny', '', 15) items=1 request_ids=['7949c6d2']
2026-02-10 23:20:01 | INFO | lightdiffusion.server | rid=- | Broadcasting preview step 0/25
2026-02-10 23:20:16 | INFO | lightdiffusion.server | rid=- | Broadcasting preview step 0/25
2026-02-10 23:20:18 | INFO | lightdiffusion.server | rid=- | Broadcasting preview step 5/25
2026-02-10 23:20:20 | INFO | lightdiffusion.server | rid=- | Broadcasting preview step 10/25
2026-02-10 23:20:22 | INFO | lightdiffusion.server | rid=- | Broadcasting preview step 15/25
2026-02-10 23:20:24 | INFO | lightdiffusion.server | rid=- | Broadcasting preview step 20/25
2026-02-10 23:20:26 | INFO | lightdiffusion.server | rid=- | Broadcasting preview step 24/25
2026-02-10 23:21:00 | INFO | lightdiffusion.server | rid=- | Broadcasting preview step 0/20
2026-02-10 23:21:00 | INFO | lightdiffusion.server | rid=- | Broadcasting preview step 5/20
2026-02-10 23:21:01 | INFO | lightdiffusion.server | rid=- | Broadcasting preview step 10/20
2026-02-10 23:21:02 | INFO | lightdiffusion.server | rid=- | Broadcasting preview step 15/20
2026-02-10 23:21:03 | INFO | lightdiffusion.server | rid=- | Broadcasting preview step 19/20
2026-02-10 23:23:10 | INFO | lightdiffusion.server | rid=- | WebSocket client disconnected (remaining: 0)
2026-02-10 23:23:10 | INFO | lightdiffusion.server | rid=- | Shutting down frontend development server...
2026-02-10 23:23:10 | INFO | lightdiffusion.server | rid=- | Frontend development server shut down
2026-02-10 23:24:28 | DEBUG | lightdiffusion.server | rid=- | server module loaded; cwd=C:\Users\Admin\Documents\LightDiffusion-Next
2026-02-10 23:24:28 | INFO | lightdiffusion.server | rid=- | Pipeline and app_instance imported successfully
2026-02-10 23:24:28 | INFO | lightdiffusion.server | rid=- | Serving frontend from C:\Users\Admin\Documents\LightDiffusion-Next\frontend\dist
2026-02-10 23:24:28 | INFO | lightdiffusion.server | rid=- | Launching frontend development server...
2026-02-10 23:24:28 | INFO | lightdiffusion.server | rid=- | Frontend development server launched
2026-02-10 23:24:28 | DEBUG | lightdiffusion.server | rid=- | server module loaded; cwd=C:\Users\Admin\Documents\LightDiffusion-Next
2026-02-10 23:24:28 | INFO | lightdiffusion.server | rid=- | Pipeline and app_instance imported successfully
2026-02-10 23:24:28 | INFO | lightdiffusion.server | rid=- | Serving frontend from C:\Users\Admin\Documents\LightDiffusion-Next\frontend\dist
2026-02-10 23:24:28 | INFO | lightdiffusion.server | rid=- | GenerationBuffer worker task started
2026-02-10 23:24:28 | INFO | lightdiffusion.server | rid=- | Server startup complete, event loop captured for preview broadcasting
2026-02-10 23:24:28 | INFO | lightdiffusion.server | rid=- | Batching worker started; max_batch=4 timeout=0.5
2026-02-10 23:24:29 | INFO | lightdiffusion.server | rid=- | WebSocket client connected to /ws/preview (total: 1)
2026-02-10 23:24:33 | INFO | lightdiffusion.server | rid=- | WebSocket client disconnected (remaining: 0)
2026-02-10 23:24:33 | INFO | lightdiffusion.server | rid=- | WebSocket client connected to /ws/preview (total: 1)
2026-02-10 23:25:16 | INFO | lightdiffusion.server | rid=e337335a | /api/generate called
2026-02-10 23:25:16 | DEBUG | lightdiffusion.server | rid=e337335a | Request: w=512 h=512 num_images=1 batch=1 scheduler=simple sampler=euler steps=25 hiresfix=False adetailer=True enhance=False img2img=False stable_fast=False reuse_seed=False realistic=False multiscale=False intermittent=True factor=0.5 fullres=[10,8] keep_models_loaded=True enable_preview=True prompt='An astronaut riding a horse on mars, detailed, 8k' neg='blurry, low quality, distorted' img2img_image_present=False
2026-02-10 23:25:16 | DEBUG | lightdiffusion.server | rid=- | Batch worker: pending groups={"('./include/checkpoints\\\\juggernautXL_ragnarokBy.safetensors', False, 512, 512, False, False, 'simple', 'euler', 25, False, True, 0.5, 10, 8, True, False, 'None', 1.0, 'canny', '', 15)": 1} chosen_sig=('./include/checkpoints\\juggernautXL_ragnarokBy.safetensors', False, 512, 512, False, False, 'simple', 'euler', 25, False, True, 0.5, 10, 8, True, False, 'None', 1.0, 'canny', '', 15) group_size=1 oldest_arrival=1770762316.666
2026-02-10 23:25:16 | DEBUG | lightdiffusion.server | rid=- | Processing singleton group for signature ('./include/checkpoints\\juggernautXL_ragnarokBy.safetensors', False, 512, 512, False, False, 'simple', 'euler', 25, False, True, 0.5, 10, 8, True, False, 'None', 1.0, 'canny', '', 15) immediately (age=0.000s). LD_BATCH_WAIT_SINGLETONS=False
2026-02-10 23:25:16 | DEBUG | lightdiffusion.server | rid=- | Processing group chosen_sig=('./include/checkpoints\\juggernautXL_ragnarokBy.safetensors', False, 512, 512, False, False, 'simple', 'euler', 25, False, True, 0.5, 10, 8, True, False, 'None', 1.0, 'canny', '', 15) items=1 request_ids=['e337335a']
2026-02-10 23:25:16 | INFO | lightdiffusion.server | rid=- | Broadcasting preview step 0/25
2026-02-10 23:25:26 | INFO | lightdiffusion.server | rid=- | Broadcasting preview step 0/25
2026-02-10 23:25:27 | INFO | lightdiffusion.server | rid=- | Broadcasting preview step 5/25
2026-02-10 23:25:28 | INFO | lightdiffusion.server | rid=- | Broadcasting preview step 10/25
2026-02-10 23:25:29 | INFO | lightdiffusion.server | rid=- | Broadcasting preview step 15/25
2026-02-10 23:25:30 | INFO | lightdiffusion.server | rid=- | Broadcasting preview step 20/25
2026-02-10 23:25:30 | INFO | lightdiffusion.server | rid=- | Broadcasting preview step 24/25
2026-02-10 23:26:00 | INFO | lightdiffusion.server | rid=- | Broadcasting preview step 0/20
2026-02-10 23:26:02 | INFO | lightdiffusion.server | rid=- | Broadcasting preview step 5/20
2026-02-10 23:26:04 | INFO | lightdiffusion.server | rid=- | Broadcasting preview step 10/20
2026-02-10 23:26:06 | INFO | lightdiffusion.server | rid=- | Broadcasting preview step 15/20
2026-02-10 23:26:08 | INFO | lightdiffusion.server | rid=- | Broadcasting preview step 19/20
2026-02-10 23:30:34 | INFO | lightdiffusion.server | rid=- | WebSocket client disconnected (remaining: 0)
2026-02-10 23:30:34 | INFO | lightdiffusion.server | rid=- | Shutting down frontend development server...
2026-02-10 23:30:34 | INFO | lightdiffusion.server | rid=- | Frontend development server shut down
2026-02-10 23:30:41 | DEBUG | lightdiffusion.server | rid=- | server module loaded; cwd=C:\Users\Admin\Documents\LightDiffusion-Next
2026-02-10 23:30:41 | INFO | lightdiffusion.server | rid=- | Pipeline and app_instance imported successfully
2026-02-10 23:30:41 | INFO | lightdiffusion.server | rid=- | Serving frontend from C:\Users\Admin\Documents\LightDiffusion-Next\frontend\dist
2026-02-10 23:30:41 | INFO | lightdiffusion.server | rid=- | Launching frontend development server...
2026-02-10 23:30:41 | INFO | lightdiffusion.server | rid=- | Frontend development server launched
2026-02-10 23:30:41 | DEBUG | lightdiffusion.server | rid=- | server module loaded; cwd=C:\Users\Admin\Documents\LightDiffusion-Next
2026-02-10 23:30:41 | INFO | lightdiffusion.server | rid=- | Pipeline and app_instance imported successfully
2026-02-10 23:30:41 | INFO | lightdiffusion.server | rid=- | Serving frontend from C:\Users\Admin\Documents\LightDiffusion-Next\frontend\dist
2026-02-10 23:30:41 | INFO | lightdiffusion.server | rid=- | GenerationBuffer worker task started
2026-02-10 23:30:41 | INFO | lightdiffusion.server | rid=- | Server startup complete, event loop captured for preview broadcasting
2026-02-10 23:30:41 | INFO | lightdiffusion.server | rid=- | Batching worker started; max_batch=4 timeout=0.5
2026-02-10 23:30:43 | INFO | lightdiffusion.server | rid=- | WebSocket client connected to /ws/preview (total: 1)
2026-02-10 23:30:46 | INFO | lightdiffusion.server | rid=- | WebSocket client disconnected (remaining: 0)
2026-02-10 23:30:46 | INFO | lightdiffusion.server | rid=- | WebSocket client connected to /ws/preview (total: 1)
2026-02-10 23:31:50 | INFO | lightdiffusion.server | rid=710dd0d7 | /api/generate called
2026-02-10 23:31:50 | DEBUG | lightdiffusion.server | rid=710dd0d7 | Request: w=512 h=512 num_images=1 batch=1 scheduler=simple sampler=euler steps=25 hiresfix=False adetailer=True enhance=False img2img=False stable_fast=False reuse_seed=False realistic=False multiscale=False intermittent=True factor=0.5 fullres=[10,8] keep_models_loaded=True enable_preview=True prompt='An astronaut riding a horse on mars, detailed, 8k' neg='blurry, low quality, distorted' img2img_image_present=False
2026-02-10 23:31:50 | DEBUG | lightdiffusion.server | rid=- | Batch worker: pending groups={"('./include/checkpoints\\\\juggernautXL_ragnarokBy.safetensors', False, 512, 512, False, False, 'simple', 'euler', 25, False, True, 0.5, 10, 8, True, False, 'None', 1.0, 'canny', '', 15)": 1} chosen_sig=('./include/checkpoints\\juggernautXL_ragnarokBy.safetensors', False, 512, 512, False, False, 'simple', 'euler', 25, False, True, 0.5, 10, 8, True, False, 'None', 1.0, 'canny', '', 15) group_size=1 oldest_arrival=1770762710.460
2026-02-10 23:31:50 | DEBUG | lightdiffusion.server | rid=- | Processing singleton group for signature ('./include/checkpoints\\juggernautXL_ragnarokBy.safetensors', False, 512, 512, False, False, 'simple', 'euler', 25, False, True, 0.5, 10, 8, True, False, 'None', 1.0, 'canny', '', 15) immediately (age=0.000s). LD_BATCH_WAIT_SINGLETONS=False
2026-02-10 23:31:50 | DEBUG | lightdiffusion.server | rid=- | Processing group chosen_sig=('./include/checkpoints\\juggernautXL_ragnarokBy.safetensors', False, 512, 512, False, False, 'simple', 'euler', 25, False, True, 0.5, 10, 8, True, False, 'None', 1.0, 'canny', '', 15) items=1 request_ids=['710dd0d7']
2026-02-10 23:31:50 | INFO | lightdiffusion.server | rid=- | Broadcasting preview step 0/25
2026-02-10 23:32:02 | INFO | lightdiffusion.server | rid=- | Broadcasting preview step 0/25
2026-02-10 23:32:03 | INFO | lightdiffusion.server | rid=- | Broadcasting preview step 5/25
2026-02-10 23:32:04 | INFO | lightdiffusion.server | rid=- | Broadcasting preview step 10/25
2026-02-10 23:32:06 | INFO | lightdiffusion.server | rid=- | Broadcasting preview step 15/25
2026-02-10 23:32:09 | INFO | lightdiffusion.server | rid=- | Broadcasting preview step 20/25
2026-02-10 23:32:10 | INFO | lightdiffusion.server | rid=- | Broadcasting preview step 24/25
2026-02-10 23:32:48 | INFO | lightdiffusion.server | rid=- | Broadcasting preview step 0/20
2026-02-10 23:32:50 | INFO | lightdiffusion.server | rid=- | Broadcasting preview step 5/20
2026-02-10 23:32:52 | INFO | lightdiffusion.server | rid=- | Broadcasting preview step 10/20
2026-02-10 23:32:54 | INFO | lightdiffusion.server | rid=- | Broadcasting preview step 15/20
2026-02-10 23:32:55 | INFO | lightdiffusion.server | rid=- | Broadcasting preview step 19/20
2026-02-10 23:35:58 | INFO | lightdiffusion.server | rid=- | WebSocket client disconnected (remaining: 0)
2026-02-10 23:35:58 | INFO | lightdiffusion.server | rid=- | Shutting down frontend development server...
2026-02-10 23:35:58 | INFO | lightdiffusion.server | rid=- | Frontend development server shut down
2026-02-10 23:36:06 | DEBUG | lightdiffusion.server | rid=- | server module loaded; cwd=C:\Users\Admin\Documents\LightDiffusion-Next
2026-02-10 23:36:06 | INFO | lightdiffusion.server | rid=- | Pipeline and app_instance imported successfully
2026-02-10 23:36:06 | INFO | lightdiffusion.server | rid=- | Serving frontend from C:\Users\Admin\Documents\LightDiffusion-Next\frontend\dist
2026-02-10 23:36:06 | INFO | lightdiffusion.server | rid=- | Launching frontend development server...
2026-02-10 23:36:06 | INFO | lightdiffusion.server | rid=- | Frontend development server launched
2026-02-10 23:36:06 | DEBUG | lightdiffusion.server | rid=- | server module loaded; cwd=C:\Users\Admin\Documents\LightDiffusion-Next
2026-02-10 23:36:06 | INFO | lightdiffusion.server | rid=- | Pipeline and app_instance imported successfully
2026-02-10 23:36:06 | INFO | lightdiffusion.server | rid=- | Serving frontend from C:\Users\Admin\Documents\LightDiffusion-Next\frontend\dist
2026-02-10 23:36:06 | INFO | lightdiffusion.server | rid=- | GenerationBuffer worker task started
2026-02-10 23:36:06 | INFO | lightdiffusion.server | rid=- | Server startup complete, event loop captured for preview broadcasting
2026-02-10 23:36:06 | INFO | lightdiffusion.server | rid=- | Batching worker started; max_batch=4 timeout=0.5
2026-02-10 23:36:08 | INFO | lightdiffusion.server | rid=- | WebSocket client connected to /ws/preview (total: 1)
2026-02-10 23:36:08 | INFO | lightdiffusion.server | rid=- | WebSocket client disconnected (remaining: 0)
2026-02-10 23:36:08 | INFO | lightdiffusion.server | rid=- | WebSocket client connected to /ws/preview (total: 1)
2026-02-10 23:39:32 | INFO | lightdiffusion.server | rid=15d58e03 | /api/generate called
2026-02-10 23:39:32 | DEBUG | lightdiffusion.server | rid=15d58e03 | Request: w=512 h=512 num_images=1 batch=1 scheduler=simple sampler=euler steps=25 hiresfix=False adetailer=True enhance=False img2img=False stable_fast=False reuse_seed=False realistic=False multiscale=False intermittent=True factor=0.5 fullres=[10,8] keep_models_loaded=True enable_preview=True prompt='An astronaut riding a horse on mars, detailed, 8k' neg='blurry, low quality, distorted' img2img_image_present=False
2026-02-10 23:39:32 | DEBUG | lightdiffusion.server | rid=- | Batch worker: pending groups={"('./include/checkpoints\\\\juggernautXL_ragnarokBy.safetensors', False, 512, 512, False, False, 'simple', 'euler', 25, False, True, 0.5, 10, 8, True, False, 'None', 1.0, 'canny', '', 15)": 1} chosen_sig=('./include/checkpoints\\juggernautXL_ragnarokBy.safetensors', False, 512, 512, False, False, 'simple', 'euler', 25, False, True, 0.5, 10, 8, True, False, 'None', 1.0, 'canny', '', 15) group_size=1 oldest_arrival=1770763172.513
2026-02-10 23:39:32 | DEBUG | lightdiffusion.server | rid=- | Processing singleton group for signature ('./include/checkpoints\\juggernautXL_ragnarokBy.safetensors', False, 512, 512, False, False, 'simple', 'euler', 25, False, True, 0.5, 10, 8, True, False, 'None', 1.0, 'canny', '', 15) immediately (age=0.000s). LD_BATCH_WAIT_SINGLETONS=False
2026-02-10 23:39:32 | DEBUG | lightdiffusion.server | rid=- | Processing group chosen_sig=('./include/checkpoints\\juggernautXL_ragnarokBy.safetensors', False, 512, 512, False, False, 'simple', 'euler', 25, False, True, 0.5, 10, 8, True, False, 'None', 1.0, 'canny', '', 15) items=1 request_ids=['15d58e03']
2026-02-10 23:39:32 | INFO | lightdiffusion.server | rid=- | Broadcasting preview step 0/25
2026-02-10 23:39:44 | INFO | lightdiffusion.server | rid=- | Broadcasting preview step 0/25
2026-02-10 23:39:47 | INFO | lightdiffusion.server | rid=- | Broadcasting preview step 5/25
2026-02-10 23:39:48 | INFO | lightdiffusion.server | rid=- | Broadcasting preview step 10/25
2026-02-10 23:39:51 | INFO | lightdiffusion.server | rid=- | Broadcasting preview step 15/25
2026-02-10 23:39:53 | INFO | lightdiffusion.server | rid=- | Broadcasting preview step 20/25
2026-02-10 23:39:55 | INFO | lightdiffusion.server | rid=- | Broadcasting preview step 24/25
2026-02-10 23:40:36 | INFO | lightdiffusion.server | rid=- | Broadcasting preview step 0/20
2026-02-10 23:40:38 | INFO | lightdiffusion.server | rid=- | Broadcasting preview step 5/20
2026-02-10 23:40:39 | INFO | lightdiffusion.server | rid=- | Broadcasting preview step 10/20
2026-02-10 23:40:40 | INFO | lightdiffusion.server | rid=- | Broadcasting preview step 15/20
2026-02-10 23:40:41 | INFO | lightdiffusion.server | rid=- | Broadcasting preview step 19/20
2026-02-10 23:42:58 | INFO | lightdiffusion.server | rid=- | WebSocket client disconnected (remaining: 0)
2026-02-10 23:42:58 | INFO | lightdiffusion.server | rid=- | Shutting down frontend development server...
2026-02-10 23:42:58 | INFO | lightdiffusion.server | rid=- | Frontend development server shut down
2026-02-10 23:43:04 | DEBUG | lightdiffusion.server | rid=- | server module loaded; cwd=C:\Users\Admin\Documents\LightDiffusion-Next
2026-02-10 23:43:04 | INFO | lightdiffusion.server | rid=- | Pipeline and app_instance imported successfully
2026-02-10 23:43:04 | INFO | lightdiffusion.server | rid=- | Serving frontend from C:\Users\Admin\Documents\LightDiffusion-Next\frontend\dist
2026-02-10 23:43:04 | INFO | lightdiffusion.server | rid=- | Launching frontend development server...
2026-02-10 23:43:04 | INFO | lightdiffusion.server | rid=- | Frontend development server launched
2026-02-10 23:43:04 | DEBUG | lightdiffusion.server | rid=- | server module loaded; cwd=C:\Users\Admin\Documents\LightDiffusion-Next
2026-02-10 23:43:04 | INFO | lightdiffusion.server | rid=- | Pipeline and app_instance imported successfully
2026-02-10 23:43:04 | INFO | lightdiffusion.server | rid=- | Serving frontend from C:\Users\Admin\Documents\LightDiffusion-Next\frontend\dist
2026-02-10 23:43:04 | INFO | lightdiffusion.server | rid=- | GenerationBuffer worker task started
2026-02-10 23:43:04 | INFO | lightdiffusion.server | rid=- | Server startup complete, event loop captured for preview broadcasting
2026-02-10 23:43:04 | INFO | lightdiffusion.server | rid=- | Batching worker started; max_batch=4 timeout=0.5
2026-02-10 23:43:05 | INFO | lightdiffusion.server | rid=- | WebSocket client connected to /ws/preview (total: 1)
2026-02-10 23:43:19 | INFO | lightdiffusion.server | rid=7f212d81 | /api/generate called
2026-02-10 23:43:19 | DEBUG | lightdiffusion.server | rid=7f212d81 | Request: w=512 h=512 num_images=1 batch=1 scheduler=simple sampler=euler steps=25 hiresfix=False adetailer=True enhance=False img2img=False stable_fast=False reuse_seed=False realistic=False multiscale=False intermittent=True factor=0.5 fullres=[10,8] keep_models_loaded=True enable_preview=True prompt='An astronaut riding a horse on mars, detailed, 8k' neg='blurry, low quality, distorted' img2img_image_present=False
2026-02-10 23:43:19 | DEBUG | lightdiffusion.server | rid=- | Batch worker: pending groups={"('./include/checkpoints\\\\juggernautXL_ragnarokBy.safetensors', False, 512, 512, False, False, 'simple', 'euler', 25, False, True, 0.5, 10, 8, True, False, 'None', 1.0, 'canny', '', 15)": 1} chosen_sig=('./include/checkpoints\\juggernautXL_ragnarokBy.safetensors', False, 512, 512, False, False, 'simple', 'euler', 25, False, True, 0.5, 10, 8, True, False, 'None', 1.0, 'canny', '', 15) group_size=1 oldest_arrival=1770763399.109
2026-02-10 23:43:19 | DEBUG | lightdiffusion.server | rid=- | Processing singleton group for signature ('./include/checkpoints\\juggernautXL_ragnarokBy.safetensors', False, 512, 512, False, False, 'simple', 'euler', 25, False, True, 0.5, 10, 8, True, False, 'None', 1.0, 'canny', '', 15) immediately (age=0.000s). LD_BATCH_WAIT_SINGLETONS=False
2026-02-10 23:43:19 | DEBUG | lightdiffusion.server | rid=- | Processing group chosen_sig=('./include/checkpoints\\juggernautXL_ragnarokBy.safetensors', False, 512, 512, False, False, 'simple', 'euler', 25, False, True, 0.5, 10, 8, True, False, 'None', 1.0, 'canny', '', 15) items=1 request_ids=['7f212d81']
2026-02-10 23:43:19 | INFO | lightdiffusion.server | rid=- | Broadcasting preview step 0/25
2026-02-10 23:43:30 | INFO | lightdiffusion.server | rid=- | Broadcasting preview step 0/25
2026-02-10 23:43:31 | INFO | lightdiffusion.server | rid=- | Broadcasting preview step 5/25
2026-02-10 23:43:32 | INFO | lightdiffusion.server | rid=- | Broadcasting preview step 10/25
2026-02-10 23:43:33 | INFO | lightdiffusion.server | rid=- | Broadcasting preview step 15/25
2026-02-10 23:43:34 | INFO | lightdiffusion.server | rid=- | Broadcasting preview step 20/25
2026-02-10 23:43:34 | INFO | lightdiffusion.server | rid=- | Broadcasting preview step 24/25
2026-02-10 23:44:17 | INFO | lightdiffusion.server | rid=- | Broadcasting preview step 0/20
2026-02-10 23:44:19 | INFO | lightdiffusion.server | rid=- | Broadcasting preview step 5/20
2026-02-10 23:44:19 | INFO | lightdiffusion.server | rid=- | WebSocket client disconnected (remaining: 0)
2026-02-10 23:44:21 | DEBUG | lightdiffusion.server | rid=- | No preview clients connected, skipping broadcast
2026-02-10 23:44:46 | INFO | lightdiffusion.server | rid=- | Shutting down frontend development server...
2026-02-10 23:44:46 | INFO | lightdiffusion.server | rid=- | Frontend development server shut down
2026-02-10 23:55:54 | DEBUG | lightdiffusion.server | rid=- | server module loaded; cwd=C:\Users\Admin\Documents\LightDiffusion-Next
2026-02-10 23:55:54 | INFO | lightdiffusion.server | rid=- | Pipeline and app_instance imported successfully
2026-02-10 23:55:54 | INFO | lightdiffusion.server | rid=- | Serving frontend from C:\Users\Admin\Documents\LightDiffusion-Next\frontend\dist
2026-02-10 23:55:55 | DEBUG | lightdiffusion.server | rid=- | server module loaded; cwd=C:\Users\Admin\Documents\LightDiffusion-Next
2026-02-10 23:55:55 | INFO | lightdiffusion.server | rid=- | Pipeline and app_instance imported successfully
2026-02-10 23:55:55 | INFO | lightdiffusion.server | rid=- | Serving frontend from C:\Users\Admin\Documents\LightDiffusion-Next\frontend\dist
2026-02-10 23:55:55 | INFO | lightdiffusion.server | rid=- | GenerationBuffer worker task started
2026-02-10 23:55:55 | INFO | lightdiffusion.server | rid=- | Server startup complete, event loop captured for preview broadcasting
2026-02-10 23:55:55 | INFO | lightdiffusion.server | rid=- | Batching worker started; max_batch=4 timeout=0.5
2026-02-10 23:55:57 | DEBUG | lightdiffusion.server | rid=c9f6e4ea | telemetry requested
2026-02-10 23:55:59 | INFO | lightdiffusion.server | rid=4b519f3d | /api/generate called
2026-02-10 23:55:59 | DEBUG | lightdiffusion.server | rid=4b519f3d | Request: w=1024 h=1024 num_images=1 batch=1 scheduler=ays sampler=dpmpp_2m_cfgpp steps=20 hiresfix=False adetailer=True enhance=False img2img=False stable_fast=False reuse_seed=False realistic=False multiscale=False intermittent=True factor=0.5 fullres=[10,8] keep_models_loaded=True enable_preview=False prompt='an astronaut riding a horse on mars, masterpiece, high quality' neg='blurry, low quality, distorted' img2img_image_present=False
2026-02-10 23:55:59 | DEBUG | lightdiffusion.server | rid=- | Batch worker: pending groups={"('./include/checkpoints/juggernautXL_ragnarokBy.safetensors', False, 1024, 1024, False, False, 'ays', 'dpmpp_2m_cfgpp', 20, False, True, 0.5, 10, 8, True, False, 'None', 1.0, 'canny', 'None', -1)": 1} chosen_sig=('./include/checkpoints/juggernautXL_ragnarokBy.safetensors', False, 1024, 1024, False, False, 'ays', 'dpmpp_2m_cfgpp', 20, False, True, 0.5, 10, 8, True, False, 'None', 1.0, 'canny', 'None', -1) group_size=1 oldest_arrival=1770764159.131
2026-02-10 23:55:59 | DEBUG | lightdiffusion.server | rid=- | Processing singleton group for signature ('./include/checkpoints/juggernautXL_ragnarokBy.safetensors', False, 1024, 1024, False, False, 'ays', 'dpmpp_2m_cfgpp', 20, False, True, 0.5, 10, 8, True, False, 'None', 1.0, 'canny', 'None', -1) immediately (age=0.000s). LD_BATCH_WAIT_SINGLETONS=False
2026-02-10 23:55:59 | DEBUG | lightdiffusion.server | rid=- | Processing group chosen_sig=('./include/checkpoints/juggernautXL_ragnarokBy.safetensors', False, 1024, 1024, False, False, 'ays', 'dpmpp_2m_cfgpp', 20, False, True, 0.5, 10, 8, True, False, 'None', 1.0, 'canny', 'None', -1) items=1 request_ids=['4b519f3d']
2026-02-10 23:55:59 | DEBUG | lightdiffusion.server | rid=- | No preview clients connected, skipping broadcast
2026-02-10 23:56:37 | DEBUG | lightdiffusion.server | rid=- | No preview clients connected, skipping broadcast
2026-02-10 23:56:49 | DEBUG | lightdiffusion.server | rid=- | No preview clients connected, skipping broadcast
2026-02-10 23:56:58 | ERROR | lightdiffusion.server | rid=- | Batch processing failed: Input type (float) and bias type (struct c10::BFloat16) should be the same
Traceback (most recent call last):
  File "C:\Users\Admin\Documents\LightDiffusion-Next\server.py", line 416, in _worker
    await self._process_group(to_process)
  File "C:\Users\Admin\Documents\LightDiffusion-Next\server.py", line 555, in _process_group
    result = await loop.run_in_executor(None, func)
             ^^^^^^^^^^^^^^^^^^^^^^^^^^^^^^^^^^^^^^
  File "C:\Users\Admin\AppData\Local\Programs\Python\Python314\Lib\concurrent\futures\thread.py", line 86, in run
    result = ctx.run(self.task)
  File "C:\Users\Admin\AppData\Local\Programs\Python\Python314\Lib\concurrent\futures\thread.py", line 73, in run
    return fn(*args, **kwargs)
  File "C:\Users\Admin\Documents\LightDiffusion-Next\src\user\pipeline.py", line 277, in pipeline
    return pipeline_instance.run_batched(ctx, per_sample_info)
           ~~~~~~~~~~~~~~~~~~~~~~~~~~~~~^^^^^^^^^^^^^^^^^^^^^^
  File "C:\Users\Admin\Documents\LightDiffusion-Next\src\Core\Pipeline.py", line 774, in run_batched
    images = model.decode(batch_latents[0]["samples"])
  File "C:\Users\Admin\Documents\LightDiffusion-Next\src\Core\Models\SDXLModel.py", line 304, in decode
    result = decoder.decode(
        samples=samples,
        vae=self.vae,
        flux=getattr(self.vae, "flux", False),
    )
  File "C:\Users\Admin\Documents\LightDiffusion-Next\src\AutoEncoders\VariationalAE.py", line 356, in decode
    out = vae.decode(samples["samples"], flux=flux)
  File "C:\Users\Admin\AppData\Local\Programs\Python\Python314\Lib\site-packages\torch\utils\_contextlib.py", line 124, in decorate_context
    return func(*args, **kwargs)
  File "C:\Users\Admin\Documents\LightDiffusion-Next\src\AutoEncoders\VariationalAE.py", line 258, in decode
    return self.decode_tiled(samples_in, flux=flux)
           ~~~~~~~~~~~~~~~~~^^^^^^^^^^^^^^^^^^^^^^^
  File "C:\Users\Admin\AppData\Local\Programs\Python\Python314\Lib\site-packages\torch\utils\_contextlib.py", line 124, in decorate_context
    return func(*args, **kwargs)
  File "C:\Users\Admin\Documents\LightDiffusion-Next\src\AutoEncoders\VariationalAE.py", line 300, in decode_tiled
    result = self.process_output(util.tiled_scale(samples, decode_fn, tile_x, tile_y, overlap,
                                 ~~~~~~~~~~~~~~~~^^^^^^^^^^^^^^^^^^^^^^^^^^^^^^^^^^^^^^^^^^^^^
                                                 self.upscale_ratio, 3, self.output_device)).movedim(1, -1)
                                                 ^^^^^^^^^^^^^^^^^^^^^^^^^^^^^^^^^^^^^^^^^^
  File "C:\Users\Admin\Documents\LightDiffusion-Next\src\Utilities\util.py", line 394, in tiled_scale
    return tiled_scale_multidim(samples, function, (tile_y, tile_x), overlap=overlap,
                                 upscale_amount=upscale_amount, out_channels=out_channels,
                                 output_device=output_device, pbar=pbar)
  File "C:\Users\Admin\AppData\Local\Programs\Python\Python314\Lib\site-packages\torch\utils\_contextlib.py", line 124, in decorate_context
    return func(*args, **kwargs)
  File "C:\Users\Admin\Documents\LightDiffusion-Next\src\Utilities\util.py", line 347, in tiled_scale_multidim
    output[b:b+1] = function(s).to(output_device)
                    ~~~~~~~~^^^
  File "C:\Users\Admin\Documents\LightDiffusion-Next\src\AutoEncoders\VariationalAE.py", line 298, in decode_fn
    return self.first_stage_model.decode(t, flux=flux).float()
           ~~~~~~~~~~~~~~~~~~~~~~~~~~~~~^^^^^^^^^^^^^^
  File "C:\Users\Admin\Documents\LightDiffusion-Next\src\AutoEncoders\VariationalAE.py", line 62, in decode
    return self.decoder(z, **kwargs) if flux else self.decoder(self.post_quant_conv(z), **kwargs)
                                                               ~~~~~~~~~~~~~~~~~~~~^^^
  File "C:\Users\Admin\AppData\Local\Programs\Python\Python314\Lib\site-packages\torch\nn\modules\module.py", line 1776, in _wrapped_call_impl
    return self._call_impl(*args, **kwargs)
           ~~~~~~~~~~~~~~~^^^^^^^^^^^^^^^^^
  File "C:\Users\Admin\AppData\Local\Programs\Python\Python314\Lib\site-packages\torch\nn\modules\module.py", line 1787, in _call_impl
    return forward_call(*args, **kwargs)
  File "C:\Users\Admin\Documents\LightDiffusion-Next\src\cond\cast.py", line 76, in forward
    return self.forward_cast_weights(*args, **kwargs) if self.comfy_cast_weights else super().forward(*args, **kwargs)
                                                                                      ~~~~~~~~~~~~~~~^^^^^^^^^^^^^^^^^
  File "C:\Users\Admin\AppData\Local\Programs\Python\Python314\Lib\site-packages\torch\nn\modules\conv.py", line 553, in forward
    return self._conv_forward(input, self.weight, self.bias)
           ~~~~~~~~~~~~~~~~~~^^^^^^^^^^^^^^^^^^^^^^^^^^^^^^^
  File "C:\Users\Admin\AppData\Local\Programs\Python\Python314\Lib\site-packages\torch\nn\modules\conv.py", line 548, in _conv_forward
    return F.conv2d(
           ~~~~~~~~^
        input, weight, bias, self.stride, self.padding, self.dilation, self.groups
        ^^^^^^^^^^^^^^^^^^^^^^^^^^^^^^^^^^^^^^^^^^^^^^^^^^^^^^^^^^^^^^^^^^^^^^^^^^
    )
    ^
RuntimeError: Input type (float) and bias type (struct c10::BFloat16) should be the same
2026-02-10 23:58:18 | DEBUG | lightdiffusion.server | rid=- | server module loaded; cwd=C:\Users\Admin\Documents\LightDiffusion-Next
2026-02-10 23:58:18 | INFO | lightdiffusion.server | rid=- | Pipeline and app_instance imported successfully
2026-02-10 23:58:18 | INFO | lightdiffusion.server | rid=- | Serving frontend from C:\Users\Admin\Documents\LightDiffusion-Next\frontend\dist
2026-02-10 23:58:18 | INFO | lightdiffusion.server | rid=- | Launching frontend development server...
2026-02-10 23:58:18 | INFO | lightdiffusion.server | rid=- | Frontend development server launched
2026-02-10 23:58:18 | DEBUG | lightdiffusion.server | rid=- | server module loaded; cwd=C:\Users\Admin\Documents\LightDiffusion-Next
2026-02-10 23:58:18 | INFO | lightdiffusion.server | rid=- | Pipeline and app_instance imported successfully
2026-02-10 23:58:18 | INFO | lightdiffusion.server | rid=- | Serving frontend from C:\Users\Admin\Documents\LightDiffusion-Next\frontend\dist
2026-02-10 23:58:18 | INFO | lightdiffusion.server | rid=- | GenerationBuffer worker task started
2026-02-10 23:58:18 | INFO | lightdiffusion.server | rid=- | Server startup complete, event loop captured for preview broadcasting
2026-02-10 23:58:18 | INFO | lightdiffusion.server | rid=- | Batching worker started; max_batch=4 timeout=0.5
2026-02-10 23:58:21 | INFO | lightdiffusion.server | rid=- | WebSocket client connected to /ws/preview (total: 1)
2026-02-10 23:58:34 | INFO | lightdiffusion.server | rid=197b602f | /api/generate called
2026-02-10 23:58:34 | DEBUG | lightdiffusion.server | rid=197b602f | Request: w=512 h=512 num_images=1 batch=1 scheduler=simple sampler=euler steps=25 hiresfix=False adetailer=True enhance=False img2img=False stable_fast=False reuse_seed=False realistic=False multiscale=False intermittent=True factor=0.5 fullres=[10,8] keep_models_loaded=True enable_preview=True prompt='An astronaut riding a horse on mars, detailed, 8k' neg='blurry, low quality, distorted' img2img_image_present=False
2026-02-10 23:58:34 | DEBUG | lightdiffusion.server | rid=- | Batch worker: pending groups={"('./include/checkpoints\\\\juggernautXL_ragnarokBy.safetensors', False, 512, 512, False, False, 'simple', 'euler', 25, False, True, 0.5, 10, 8, True, False, 'None', 1.0, 'canny', '', 15)": 1} chosen_sig=('./include/checkpoints\\juggernautXL_ragnarokBy.safetensors', False, 512, 512, False, False, 'simple', 'euler', 25, False, True, 0.5, 10, 8, True, False, 'None', 1.0, 'canny', '', 15) group_size=1 oldest_arrival=1770764314.722
2026-02-10 23:58:34 | DEBUG | lightdiffusion.server | rid=- | Processing singleton group for signature ('./include/checkpoints\\juggernautXL_ragnarokBy.safetensors', False, 512, 512, False, False, 'simple', 'euler', 25, False, True, 0.5, 10, 8, True, False, 'None', 1.0, 'canny', '', 15) immediately (age=0.001s). LD_BATCH_WAIT_SINGLETONS=False
2026-02-10 23:58:34 | DEBUG | lightdiffusion.server | rid=- | Processing group chosen_sig=('./include/checkpoints\\juggernautXL_ragnarokBy.safetensors', False, 512, 512, False, False, 'simple', 'euler', 25, False, True, 0.5, 10, 8, True, False, 'None', 1.0, 'canny', '', 15) items=1 request_ids=['197b602f']
2026-02-10 23:58:34 | INFO | lightdiffusion.server | rid=- | Broadcasting preview step 0/25
2026-02-10 23:58:48 | INFO | lightdiffusion.server | rid=- | Broadcasting preview step 0/25
2026-02-10 23:58:50 | INFO | lightdiffusion.server | rid=- | Broadcasting preview step 5/25
2026-02-10 23:58:52 | INFO | lightdiffusion.server | rid=- | Broadcasting preview step 10/25
2026-02-10 23:58:53 | INFO | lightdiffusion.server | rid=- | Broadcasting preview step 15/25
2026-02-10 23:58:55 | INFO | lightdiffusion.server | rid=- | Broadcasting preview step 20/25
2026-02-10 23:58:56 | INFO | lightdiffusion.server | rid=- | Broadcasting preview step 24/25
2026-02-10 23:58:56 | ERROR | lightdiffusion.server | rid=- | Batch processing failed: Input type (float) and bias type (struct c10::BFloat16) should be the same
Traceback (most recent call last):
  File "C:\Users\Admin\Documents\LightDiffusion-Next\server.py", line 416, in _worker
    await self._process_group(to_process)
  File "C:\Users\Admin\Documents\LightDiffusion-Next\server.py", line 555, in _process_group
    result = await loop.run_in_executor(None, func)
             ^^^^^^^^^^^^^^^^^^^^^^^^^^^^^^^^^^^^^^
  File "C:\Users\Admin\AppData\Roaming\uv\python\cpython-3.12.12-windows-x86_64-none\Lib\concurrent\futures\thread.py", line 59, in run
    result = self.fn(*self.args, **self.kwargs)
             ^^^^^^^^^^^^^^^^^^^^^^^^^^^^^^^^^^
  File "C:\Users\Admin\Documents\LightDiffusion-Next\src\user\pipeline.py", line 277, in pipeline
    return pipeline_instance.run_batched(ctx, per_sample_info)
           ^^^^^^^^^^^^^^^^^^^^^^^^^^^^^^^^^^^^^^^^^^^^^^^^^^^
  File "C:\Users\Admin\Documents\LightDiffusion-Next\src\Core\Pipeline.py", line 774, in run_batched
    images = model.decode(batch_latents[0]["samples"])
             ^^^^^^^^^^^^^^^^^^^^^^^^^^^^^^^^^^^^^^^^^
  File "C:\Users\Admin\Documents\LightDiffusion-Next\src\Core\Models\SDXLModel.py", line 304, in decode
    result = decoder.decode(
             ^^^^^^^^^^^^^^^
  File "C:\Users\Admin\Documents\LightDiffusion-Next\src\AutoEncoders\VariationalAE.py", line 356, in decode
    out = vae.decode(samples["samples"], flux=flux)
          ^^^^^^^^^^^^^^^^^^^^^^^^^^^^^^^^^^^^^^^^^
  File "C:\Users\Admin\Documents\LightDiffusion-Next\.venv\Lib\site-packages\torch\utils\_contextlib.py", line 124, in decorate_context
    return func(*args, **kwargs)
           ^^^^^^^^^^^^^^^^^^^^^
  File "C:\Users\Admin\Documents\LightDiffusion-Next\src\AutoEncoders\VariationalAE.py", line 276, in decode
    decoded = self.first_stage_model.decode(s, flux=flux)
              ^^^^^^^^^^^^^^^^^^^^^^^^^^^^^^^^^^^^^^^^^^^
  File "C:\Users\Admin\Documents\LightDiffusion-Next\src\AutoEncoders\VariationalAE.py", line 62, in decode
    return self.decoder(z, **kwargs) if flux else self.decoder(self.post_quant_conv(z), **kwargs)
                                                               ^^^^^^^^^^^^^^^^^^^^^^^
  File "C:\Users\Admin\Documents\LightDiffusion-Next\.venv\Lib\site-packages\torch\nn\modules\module.py", line 1776, in _wrapped_call_impl
    return self._call_impl(*args, **kwargs)
           ^^^^^^^^^^^^^^^^^^^^^^^^^^^^^^^^
  File "C:\Users\Admin\Documents\LightDiffusion-Next\.venv\Lib\site-packages\torch\nn\modules\module.py", line 1787, in _call_impl
    return forward_call(*args, **kwargs)
           ^^^^^^^^^^^^^^^^^^^^^^^^^^^^^
  File "C:\Users\Admin\Documents\LightDiffusion-Next\src\cond\cast.py", line 76, in forward
    return self.forward_cast_weights(*args, **kwargs) if self.comfy_cast_weights else super().forward(*args, **kwargs)
                                                                                      ^^^^^^^^^^^^^^^^^^^^^^^^^^^^^^^^
  File "C:\Users\Admin\Documents\LightDiffusion-Next\.venv\Lib\site-packages\torch\nn\modules\conv.py", line 553, in forward
    return self._conv_forward(input, self.weight, self.bias)
           ^^^^^^^^^^^^^^^^^^^^^^^^^^^^^^^^^^^^^^^^^^^^^^^^^
  File "C:\Users\Admin\Documents\LightDiffusion-Next\.venv\Lib\site-packages\torch\nn\modules\conv.py", line 548, in _conv_forward
    return F.conv2d(
           ^^^^^^^^^
RuntimeError: Input type (float) and bias type (struct c10::BFloat16) should be the same
2026-02-10 23:59:15 | INFO | lightdiffusion.server | rid=- | WebSocket client disconnected (remaining: 0)
2026-02-11 00:00:45 | INFO | lightdiffusion.server | rid=- | Shutting down frontend development server...
2026-02-11 00:00:45 | INFO | lightdiffusion.server | rid=- | Frontend development server shut down
2026-02-11 00:00:50 | DEBUG | lightdiffusion.server | rid=- | server module loaded; cwd=C:\Users\Admin\Documents\LightDiffusion-Next
2026-02-11 00:00:50 | INFO | lightdiffusion.server | rid=- | Pipeline and app_instance imported successfully
2026-02-11 00:00:50 | INFO | lightdiffusion.server | rid=- | Serving frontend from C:\Users\Admin\Documents\LightDiffusion-Next\frontend\dist
2026-02-11 00:00:50 | INFO | lightdiffusion.server | rid=- | Launching frontend development server...
2026-02-11 00:00:50 | INFO | lightdiffusion.server | rid=- | Frontend development server launched
2026-02-11 00:00:50 | DEBUG | lightdiffusion.server | rid=- | server module loaded; cwd=C:\Users\Admin\Documents\LightDiffusion-Next
2026-02-11 00:00:50 | INFO | lightdiffusion.server | rid=- | Pipeline and app_instance imported successfully
2026-02-11 00:00:50 | INFO | lightdiffusion.server | rid=- | Serving frontend from C:\Users\Admin\Documents\LightDiffusion-Next\frontend\dist
2026-02-11 00:00:50 | INFO | lightdiffusion.server | rid=- | GenerationBuffer worker task started
2026-02-11 00:00:50 | INFO | lightdiffusion.server | rid=- | Server startup complete, event loop captured for preview broadcasting
2026-02-11 00:00:50 | INFO | lightdiffusion.server | rid=- | Batching worker started; max_batch=4 timeout=0.5
2026-02-11 00:00:52 | INFO | lightdiffusion.server | rid=- | WebSocket client connected to /ws/preview (total: 1)
2026-02-11 00:01:12 | INFO | lightdiffusion.server | rid=99cdb9f5 | /api/generate called
2026-02-11 00:01:12 | DEBUG | lightdiffusion.server | rid=99cdb9f5 | Request: w=512 h=512 num_images=1 batch=1 scheduler=simple sampler=euler steps=25 hiresfix=False adetailer=True enhance=False img2img=False stable_fast=False reuse_seed=False realistic=False multiscale=False intermittent=True factor=0.5 fullres=[10,8] keep_models_loaded=True enable_preview=True prompt='An astronaut riding a horse on mars, detailed, 8k' neg='blurry, low quality, distorted' img2img_image_present=False
2026-02-11 00:01:12 | DEBUG | lightdiffusion.server | rid=- | Batch worker: pending groups={"('./include/checkpoints\\\\juggernautXL_ragnarokBy.safetensors', False, 512, 512, False, False, 'simple', 'euler', 25, False, True, 0.5, 10, 8, True, False, 'None', 1.0, 'canny', '', 15)": 1} chosen_sig=('./include/checkpoints\\juggernautXL_ragnarokBy.safetensors', False, 512, 512, False, False, 'simple', 'euler', 25, False, True, 0.5, 10, 8, True, False, 'None', 1.0, 'canny', '', 15) group_size=1 oldest_arrival=1770764472.245
2026-02-11 00:01:12 | DEBUG | lightdiffusion.server | rid=- | Processing singleton group for signature ('./include/checkpoints\\juggernautXL_ragnarokBy.safetensors', False, 512, 512, False, False, 'simple', 'euler', 25, False, True, 0.5, 10, 8, True, False, 'None', 1.0, 'canny', '', 15) immediately (age=0.000s). LD_BATCH_WAIT_SINGLETONS=False
2026-02-11 00:01:12 | DEBUG | lightdiffusion.server | rid=- | Processing group chosen_sig=('./include/checkpoints\\juggernautXL_ragnarokBy.safetensors', False, 512, 512, False, False, 'simple', 'euler', 25, False, True, 0.5, 10, 8, True, False, 'None', 1.0, 'canny', '', 15) items=1 request_ids=['99cdb9f5']
2026-02-11 00:01:12 | INFO | lightdiffusion.server | rid=- | Broadcasting preview step 0/25
2026-02-11 00:01:24 | INFO | lightdiffusion.server | rid=- | Broadcasting preview step 0/25
2026-02-11 00:01:25 | INFO | lightdiffusion.server | rid=- | Broadcasting preview step 5/25
2026-02-11 00:01:28 | INFO | lightdiffusion.server | rid=- | Broadcasting preview step 10/25
2026-02-11 00:01:30 | INFO | lightdiffusion.server | rid=- | Broadcasting preview step 15/25
2026-02-11 00:01:33 | INFO | lightdiffusion.server | rid=- | Broadcasting preview step 20/25
2026-02-11 00:01:34 | INFO | lightdiffusion.server | rid=- | Broadcasting preview step 24/25
2026-02-11 00:03:40 | INFO | lightdiffusion.server | rid=- | WebSocket client disconnected (remaining: 0)
2026-02-11 00:03:40 | INFO | lightdiffusion.server | rid=- | Shutting down frontend development server...
2026-02-11 00:03:40 | INFO | lightdiffusion.server | rid=- | Frontend development server shut down
2026-02-11 00:04:17 | DEBUG | lightdiffusion.server | rid=- | server module loaded; cwd=C:\Users\Admin\Documents\LightDiffusion-Next
2026-02-11 00:04:17 | INFO | lightdiffusion.server | rid=- | Pipeline and app_instance imported successfully
2026-02-11 00:04:17 | INFO | lightdiffusion.server | rid=- | Serving frontend from C:\Users\Admin\Documents\LightDiffusion-Next\frontend\dist
2026-02-11 00:04:17 | INFO | lightdiffusion.server | rid=- | Launching frontend development server...
2026-02-11 00:04:17 | INFO | lightdiffusion.server | rid=- | Frontend development server launched
2026-02-11 00:04:17 | DEBUG | lightdiffusion.server | rid=- | server module loaded; cwd=C:\Users\Admin\Documents\LightDiffusion-Next
2026-02-11 00:04:17 | INFO | lightdiffusion.server | rid=- | Pipeline and app_instance imported successfully
2026-02-11 00:04:17 | INFO | lightdiffusion.server | rid=- | Serving frontend from C:\Users\Admin\Documents\LightDiffusion-Next\frontend\dist
2026-02-11 00:04:17 | INFO | lightdiffusion.server | rid=- | GenerationBuffer worker task started
2026-02-11 00:04:17 | INFO | lightdiffusion.server | rid=- | Server startup complete, event loop captured for preview broadcasting
2026-02-11 00:04:17 | INFO | lightdiffusion.server | rid=- | Batching worker started; max_batch=4 timeout=0.5
2026-02-11 00:04:21 | INFO | lightdiffusion.server | rid=- | WebSocket client connected to /ws/preview (total: 1)
2026-02-11 00:04:53 | INFO | lightdiffusion.server | rid=7bf8f0e7 | /api/generate called
2026-02-11 00:04:53 | DEBUG | lightdiffusion.server | rid=7bf8f0e7 | Request: w=512 h=512 num_images=1 batch=1 scheduler=simple sampler=euler steps=25 hiresfix=False adetailer=True enhance=False img2img=False stable_fast=False reuse_seed=False realistic=False multiscale=False intermittent=True factor=0.5 fullres=[10,8] keep_models_loaded=True enable_preview=True prompt='An astronaut riding a horse on mars, detailed, 8k' neg='blurry, low quality, distorted' img2img_image_present=False
2026-02-11 00:04:53 | DEBUG | lightdiffusion.server | rid=- | Batch worker: pending groups={"('./include/checkpoints\\\\juggernautXL_ragnarokBy.safetensors', False, 512, 512, False, False, 'simple', 'euler', 25, False, True, 0.5, 10, 8, True, False, 'None', 1.0, 'canny', '', 15)": 1} chosen_sig=('./include/checkpoints\\juggernautXL_ragnarokBy.safetensors', False, 512, 512, False, False, 'simple', 'euler', 25, False, True, 0.5, 10, 8, True, False, 'None', 1.0, 'canny', '', 15) group_size=1 oldest_arrival=1770764693.899
2026-02-11 00:04:53 | DEBUG | lightdiffusion.server | rid=- | Processing singleton group for signature ('./include/checkpoints\\juggernautXL_ragnarokBy.safetensors', False, 512, 512, False, False, 'simple', 'euler', 25, False, True, 0.5, 10, 8, True, False, 'None', 1.0, 'canny', '', 15) immediately (age=0.000s). LD_BATCH_WAIT_SINGLETONS=False
2026-02-11 00:04:53 | DEBUG | lightdiffusion.server | rid=- | Processing group chosen_sig=('./include/checkpoints\\juggernautXL_ragnarokBy.safetensors', False, 512, 512, False, False, 'simple', 'euler', 25, False, True, 0.5, 10, 8, True, False, 'None', 1.0, 'canny', '', 15) items=1 request_ids=['7bf8f0e7']
2026-02-11 00:04:53 | INFO | lightdiffusion.server | rid=- | Broadcasting preview step 0/25
2026-02-11 00:05:08 | INFO | lightdiffusion.server | rid=- | Broadcasting preview step 0/25
2026-02-11 00:05:11 | INFO | lightdiffusion.server | rid=- | Broadcasting preview step 5/25
2026-02-11 00:05:14 | INFO | lightdiffusion.server | rid=- | Broadcasting preview step 10/25
2026-02-11 00:05:15 | INFO | lightdiffusion.server | rid=- | Broadcasting preview step 15/25
2026-02-11 00:05:16 | INFO | lightdiffusion.server | rid=- | Broadcasting preview step 20/25
2026-02-11 00:05:17 | INFO | lightdiffusion.server | rid=- | Broadcasting preview step 24/25
2026-02-11 00:05:46 | INFO | lightdiffusion.server | rid=- | Broadcasting preview step 0/20
2026-02-11 00:05:47 | INFO | lightdiffusion.server | rid=- | Broadcasting preview step 5/20
2026-02-11 00:05:49 | INFO | lightdiffusion.server | rid=- | Broadcasting preview step 10/20
2026-02-11 00:05:50 | INFO | lightdiffusion.server | rid=- | Broadcasting preview step 15/20
2026-02-11 00:05:51 | INFO | lightdiffusion.server | rid=- | Broadcasting preview step 19/20
2026-02-11 00:09:07 | INFO | lightdiffusion.server | rid=- | WebSocket client disconnected (remaining: 0)
2026-02-11 00:52:53 | INFO | lightdiffusion.server | rid=- | Shutting down frontend development server...
2026-02-11 00:52:53 | INFO | lightdiffusion.server | rid=- | Frontend development server shut down
2026-02-11 00:53:11 | DEBUG | lightdiffusion.server | rid=- | server module loaded; cwd=C:\Users\Admin\Documents\LightDiffusion-Next
2026-02-11 00:53:11 | INFO | lightdiffusion.server | rid=- | Pipeline and app_instance imported successfully
2026-02-11 00:53:11 | INFO | lightdiffusion.server | rid=- | Serving frontend from C:\Users\Admin\Documents\LightDiffusion-Next\frontend\dist
2026-02-11 00:53:11 | INFO | lightdiffusion.server | rid=- | Launching frontend development server...
2026-02-11 00:53:11 | INFO | lightdiffusion.server | rid=- | Frontend development server launched
2026-02-11 00:53:11 | DEBUG | lightdiffusion.server | rid=- | server module loaded; cwd=C:\Users\Admin\Documents\LightDiffusion-Next
2026-02-11 00:53:11 | INFO | lightdiffusion.server | rid=- | Pipeline and app_instance imported successfully
2026-02-11 00:53:11 | INFO | lightdiffusion.server | rid=- | Serving frontend from C:\Users\Admin\Documents\LightDiffusion-Next\frontend\dist
2026-02-11 00:53:11 | INFO | lightdiffusion.server | rid=- | GenerationBuffer worker task started
2026-02-11 00:53:11 | INFO | lightdiffusion.server | rid=- | Server startup complete, event loop captured for preview broadcasting
2026-02-11 00:53:11 | INFO | lightdiffusion.server | rid=- | Batching worker started; max_batch=4 timeout=0.5
2026-02-11 00:53:15 | INFO | lightdiffusion.server | rid=- | WebSocket client connected to /ws/preview (total: 1)
2026-02-11 00:53:49 | INFO | lightdiffusion.server | rid=40b672cc | /api/generate called
2026-02-11 00:53:49 | DEBUG | lightdiffusion.server | rid=40b672cc | Request: w=512 h=512 num_images=1 batch=1 scheduler=simple sampler=euler steps=25 hiresfix=False adetailer=True enhance=False img2img=False stable_fast=False reuse_seed=False realistic=False multiscale=False intermittent=True factor=0.5 fullres=[10,8] keep_models_loaded=True enable_preview=True prompt='An astronaut riding a horse on mars, detailed, 8k' neg='blurry, low quality, distorted' img2img_image_present=False
2026-02-11 00:53:49 | DEBUG | lightdiffusion.server | rid=- | Batch worker: pending groups={"('./include/checkpoints\\\\juggernautXL_ragnarokBy.safetensors', False, 512, 512, False, False, 'simple', 'euler', 25, False, True, 0.5, 10, 8, True, False, 'None', 1.0, 'canny', '', 15)": 1} chosen_sig=('./include/checkpoints\\juggernautXL_ragnarokBy.safetensors', False, 512, 512, False, False, 'simple', 'euler', 25, False, True, 0.5, 10, 8, True, False, 'None', 1.0, 'canny', '', 15) group_size=1 oldest_arrival=1770767629.588
2026-02-11 00:53:49 | DEBUG | lightdiffusion.server | rid=- | Processing singleton group for signature ('./include/checkpoints\\juggernautXL_ragnarokBy.safetensors', False, 512, 512, False, False, 'simple', 'euler', 25, False, True, 0.5, 10, 8, True, False, 'None', 1.0, 'canny', '', 15) immediately (age=0.000s). LD_BATCH_WAIT_SINGLETONS=False
2026-02-11 00:53:49 | DEBUG | lightdiffusion.server | rid=- | Processing group chosen_sig=('./include/checkpoints\\juggernautXL_ragnarokBy.safetensors', False, 512, 512, False, False, 'simple', 'euler', 25, False, True, 0.5, 10, 8, True, False, 'None', 1.0, 'canny', '', 15) items=1 request_ids=['40b672cc']
2026-02-11 00:53:49 | INFO | lightdiffusion.server | rid=- | Broadcasting preview step 0/25
2026-02-11 00:54:01 | INFO | lightdiffusion.server | rid=- | Broadcasting preview step 0/25
2026-02-11 00:54:01 | INFO | lightdiffusion.server | rid=- | Broadcasting preview step 5/25
2026-02-11 00:54:02 | INFO | lightdiffusion.server | rid=- | Broadcasting preview step 10/25
2026-02-11 00:54:03 | INFO | lightdiffusion.server | rid=- | Broadcasting preview step 15/25
2026-02-11 00:54:04 | INFO | lightdiffusion.server | rid=- | Broadcasting preview step 20/25
2026-02-11 00:54:05 | INFO | lightdiffusion.server | rid=- | Broadcasting preview step 24/25
2026-02-11 00:56:23 | INFO | lightdiffusion.server | rid=- | WebSocket client disconnected (remaining: 0)
2026-02-11 00:56:24 | INFO | lightdiffusion.server | rid=- | Shutting down frontend development server...
2026-02-11 00:56:24 | INFO | lightdiffusion.server | rid=- | Frontend development server shut down
2026-02-11 00:56:28 | DEBUG | lightdiffusion.server | rid=- | server module loaded; cwd=C:\Users\Admin\Documents\LightDiffusion-Next
2026-02-11 00:56:28 | INFO | lightdiffusion.server | rid=- | Pipeline and app_instance imported successfully
2026-02-11 00:56:28 | INFO | lightdiffusion.server | rid=- | Serving frontend from C:\Users\Admin\Documents\LightDiffusion-Next\frontend\dist
2026-02-11 00:56:28 | INFO | lightdiffusion.server | rid=- | Launching frontend development server...
2026-02-11 00:56:28 | INFO | lightdiffusion.server | rid=- | Frontend development server launched
2026-02-11 00:56:28 | DEBUG | lightdiffusion.server | rid=- | server module loaded; cwd=C:\Users\Admin\Documents\LightDiffusion-Next
2026-02-11 00:56:28 | INFO | lightdiffusion.server | rid=- | Pipeline and app_instance imported successfully
2026-02-11 00:56:28 | INFO | lightdiffusion.server | rid=- | Serving frontend from C:\Users\Admin\Documents\LightDiffusion-Next\frontend\dist
2026-02-11 00:56:28 | INFO | lightdiffusion.server | rid=- | GenerationBuffer worker task started
2026-02-11 00:56:28 | INFO | lightdiffusion.server | rid=- | Server startup complete, event loop captured for preview broadcasting
2026-02-11 00:56:28 | INFO | lightdiffusion.server | rid=- | Batching worker started; max_batch=4 timeout=0.5
2026-02-11 00:56:33 | INFO | lightdiffusion.server | rid=- | WebSocket client connected to /ws/preview (total: 1)
2026-02-11 00:56:41 | INFO | lightdiffusion.server | rid=942a7a4e | /api/generate called
2026-02-11 00:56:41 | DEBUG | lightdiffusion.server | rid=942a7a4e | Request: w=512 h=512 num_images=1 batch=1 scheduler=simple sampler=euler steps=25 hiresfix=False adetailer=True enhance=False img2img=False stable_fast=False reuse_seed=False realistic=False multiscale=False intermittent=True factor=0.5 fullres=[10,8] keep_models_loaded=True enable_preview=True prompt='An astronaut riding a horse on mars, detailed, 8k' neg='blurry, low quality, distorted' img2img_image_present=False
2026-02-11 00:56:41 | DEBUG | lightdiffusion.server | rid=- | Batch worker: pending groups={"('./include/checkpoints\\\\juggernautXL_ragnarokBy.safetensors', False, 512, 512, False, False, 'simple', 'euler', 25, False, True, 0.5, 10, 8, True, False, 'None', 1.0, 'canny', '', 15)": 1} chosen_sig=('./include/checkpoints\\juggernautXL_ragnarokBy.safetensors', False, 512, 512, False, False, 'simple', 'euler', 25, False, True, 0.5, 10, 8, True, False, 'None', 1.0, 'canny', '', 15) group_size=1 oldest_arrival=1770767801.406
2026-02-11 00:56:41 | DEBUG | lightdiffusion.server | rid=- | Processing singleton group for signature ('./include/checkpoints\\juggernautXL_ragnarokBy.safetensors', False, 512, 512, False, False, 'simple', 'euler', 25, False, True, 0.5, 10, 8, True, False, 'None', 1.0, 'canny', '', 15) immediately (age=0.001s). LD_BATCH_WAIT_SINGLETONS=False
2026-02-11 00:56:41 | DEBUG | lightdiffusion.server | rid=- | Processing group chosen_sig=('./include/checkpoints\\juggernautXL_ragnarokBy.safetensors', False, 512, 512, False, False, 'simple', 'euler', 25, False, True, 0.5, 10, 8, True, False, 'None', 1.0, 'canny', '', 15) items=1 request_ids=['942a7a4e']
2026-02-11 00:56:41 | INFO | lightdiffusion.server | rid=- | Broadcasting preview step 0/25
2026-02-11 00:56:49 | INFO | lightdiffusion.server | rid=- | Broadcasting preview step 0/25
2026-02-11 00:56:50 | INFO | lightdiffusion.server | rid=- | Broadcasting preview step 5/25
2026-02-11 00:56:51 | INFO | lightdiffusion.server | rid=- | Broadcasting preview step 10/25
2026-02-11 00:56:52 | INFO | lightdiffusion.server | rid=- | Broadcasting preview step 15/25
2026-02-11 00:56:53 | INFO | lightdiffusion.server | rid=- | Broadcasting preview step 20/25
2026-02-11 00:56:53 | INFO | lightdiffusion.server | rid=- | Broadcasting preview step 24/25
2026-02-11 00:57:09 | INFO | lightdiffusion.server | rid=- | Broadcasting preview step 0/20
2026-02-11 00:57:10 | INFO | lightdiffusion.server | rid=- | Broadcasting preview step 5/20
2026-02-11 00:57:11 | INFO | lightdiffusion.server | rid=- | Broadcasting preview step 10/20
2026-02-11 00:57:12 | INFO | lightdiffusion.server | rid=- | Broadcasting preview step 15/20
2026-02-11 00:57:13 | INFO | lightdiffusion.server | rid=- | Broadcasting preview step 19/20
2026-02-11 00:59:03 | INFO | lightdiffusion.server | rid=19a44fe9 | /api/generate called
2026-02-11 00:59:03 | DEBUG | lightdiffusion.server | rid=19a44fe9 | Request: w=512 h=512 num_images=1 batch=1 scheduler=simple sampler=euler steps=25 hiresfix=False adetailer=True enhance=False img2img=False stable_fast=False reuse_seed=False realistic=False multiscale=False intermittent=True factor=0.5 fullres=[10,8] keep_models_loaded=True enable_preview=True prompt='An astronaut riding a horse on mars, detailed, 8k' neg='blurry, low quality, distorted' img2img_image_present=False
2026-02-11 00:59:03 | DEBUG | lightdiffusion.server | rid=- | Batch worker: pending groups={"('./include/checkpoints\\\\juggernautXL_ragnarokBy.safetensors', False, 512, 512, False, False, 'simple', 'euler', 25, False, True, 0.5, 10, 8, True, False, 'None', 1.0, 'canny', '', 15)": 1} chosen_sig=('./include/checkpoints\\juggernautXL_ragnarokBy.safetensors', False, 512, 512, False, False, 'simple', 'euler', 25, False, True, 0.5, 10, 8, True, False, 'None', 1.0, 'canny', '', 15) group_size=1 oldest_arrival=1770767943.069
2026-02-11 00:59:03 | DEBUG | lightdiffusion.server | rid=- | Processing singleton group for signature ('./include/checkpoints\\juggernautXL_ragnarokBy.safetensors', False, 512, 512, False, False, 'simple', 'euler', 25, False, True, 0.5, 10, 8, True, False, 'None', 1.0, 'canny', '', 15) immediately (age=0.000s). LD_BATCH_WAIT_SINGLETONS=False
2026-02-11 00:59:03 | DEBUG | lightdiffusion.server | rid=- | Processing group chosen_sig=('./include/checkpoints\\juggernautXL_ragnarokBy.safetensors', False, 512, 512, False, False, 'simple', 'euler', 25, False, True, 0.5, 10, 8, True, False, 'None', 1.0, 'canny', '', 15) items=1 request_ids=['19a44fe9']
2026-02-11 00:59:03 | INFO | lightdiffusion.server | rid=- | Broadcasting preview step 0/25
2026-02-11 00:59:05 | INFO | lightdiffusion.server | rid=- | Broadcasting preview step 0/25
2026-02-11 00:59:05 | INFO | lightdiffusion.server | rid=- | Broadcasting preview step 5/25
2026-02-11 00:59:06 | INFO | lightdiffusion.server | rid=- | Broadcasting preview step 10/25
2026-02-11 00:59:07 | INFO | lightdiffusion.server | rid=- | Broadcasting preview step 15/25
2026-02-11 00:59:08 | INFO | lightdiffusion.server | rid=- | Broadcasting preview step 20/25
2026-02-11 00:59:09 | INFO | lightdiffusion.server | rid=- | Broadcasting preview step 24/25
2026-02-11 00:59:18 | INFO | lightdiffusion.server | rid=- | Broadcasting preview step 0/20
2026-02-11 00:59:19 | INFO | lightdiffusion.server | rid=- | Broadcasting preview step 5/20
2026-02-11 00:59:20 | INFO | lightdiffusion.server | rid=- | Broadcasting preview step 10/20
2026-02-11 00:59:21 | INFO | lightdiffusion.server | rid=- | Broadcasting preview step 15/20
2026-02-11 00:59:22 | INFO | lightdiffusion.server | rid=- | Broadcasting preview step 19/20
2026-02-11 00:59:39 | INFO | lightdiffusion.server | rid=- | WebSocket client disconnected (remaining: 0)
2026-02-11 00:59:39 | INFO | lightdiffusion.server | rid=- | Shutting down frontend development server...
2026-02-11 00:59:39 | INFO | lightdiffusion.server | rid=- | Frontend development server shut down
2026-02-11 01:29:03 | DEBUG | lightdiffusion.server | rid=- | server module loaded; cwd=C:\Users\Admin\Documents\LightDiffusion-Next
2026-02-11 01:29:03 | INFO | lightdiffusion.server | rid=- | Pipeline and app_instance imported successfully
2026-02-11 01:29:03 | INFO | lightdiffusion.server | rid=- | Serving frontend from C:\Users\Admin\Documents\LightDiffusion-Next\frontend\dist
2026-02-11 01:29:03 | INFO | lightdiffusion.server | rid=- | Launching frontend development server...
2026-02-11 01:29:03 | INFO | lightdiffusion.server | rid=- | Frontend development server launched
2026-02-11 01:29:03 | DEBUG | lightdiffusion.server | rid=- | server module loaded; cwd=C:\Users\Admin\Documents\LightDiffusion-Next
2026-02-11 01:29:03 | INFO | lightdiffusion.server | rid=- | Pipeline and app_instance imported successfully
2026-02-11 01:29:03 | INFO | lightdiffusion.server | rid=- | Serving frontend from C:\Users\Admin\Documents\LightDiffusion-Next\frontend\dist
2026-02-11 01:29:03 | INFO | lightdiffusion.server | rid=- | GenerationBuffer worker task started
2026-02-11 01:29:03 | INFO | lightdiffusion.server | rid=- | Server startup complete, event loop captured for preview broadcasting
2026-02-11 01:29:03 | INFO | lightdiffusion.server | rid=- | Batching worker started; max_batch=4 timeout=0.5
2026-02-11 01:29:08 | INFO | lightdiffusion.server | rid=bb4399d7 | /api/generate called
2026-02-11 01:29:08 | DEBUG | lightdiffusion.server | rid=bb4399d7 | Request: w=512 h=512 num_images=1 batch=1 scheduler=simple sampler=euler steps=25 hiresfix=False adetailer=True enhance=False img2img=False stable_fast=False reuse_seed=False realistic=False multiscale=False intermittent=True factor=0.5 fullres=[10,8] keep_models_loaded=True enable_preview=True prompt='An astronaut riding a horse on mars, detailed, 8k' neg='blurry, low quality, distorted' img2img_image_present=False
2026-02-11 01:29:08 | DEBUG | lightdiffusion.server | rid=- | Batch worker: pending groups={"('./include/checkpoints\\\\juggernautXL_ragnarokBy.safetensors', False, 512, 512, False, False, 'simple', 'euler', 25, False, True, 0.5, 10, 8, True, False, 'None', 1.0, 'canny', '', 15)": 1} chosen_sig=('./include/checkpoints\\juggernautXL_ragnarokBy.safetensors', False, 512, 512, False, False, 'simple', 'euler', 25, False, True, 0.5, 10, 8, True, False, 'None', 1.0, 'canny', '', 15) group_size=1 oldest_arrival=1770769748.234
2026-02-11 01:29:08 | DEBUG | lightdiffusion.server | rid=- | Processing singleton group for signature ('./include/checkpoints\\juggernautXL_ragnarokBy.safetensors', False, 512, 512, False, False, 'simple', 'euler', 25, False, True, 0.5, 10, 8, True, False, 'None', 1.0, 'canny', '', 15) immediately (age=0.000s). LD_BATCH_WAIT_SINGLETONS=False
2026-02-11 01:29:08 | DEBUG | lightdiffusion.server | rid=- | Processing group chosen_sig=('./include/checkpoints\\juggernautXL_ragnarokBy.safetensors', False, 512, 512, False, False, 'simple', 'euler', 25, False, True, 0.5, 10, 8, True, False, 'None', 1.0, 'canny', '', 15) items=1 request_ids=['bb4399d7']
2026-02-11 01:29:08 | DEBUG | lightdiffusion.server | rid=- | No preview clients connected, skipping broadcast
2026-02-11 01:29:14 | ERROR | lightdiffusion.server | rid=- | Batch processing failed: name 'model' is not defined
Traceback (most recent call last):
  File "C:\Users\Admin\Documents\LightDiffusion-Next\server.py", line 416, in _worker
    await self._process_group(to_process)
  File "C:\Users\Admin\Documents\LightDiffusion-Next\server.py", line 555, in _process_group
    result = await loop.run_in_executor(None, func)
             ^^^^^^^^^^^^^^^^^^^^^^^^^^^^^^^^^^^^^^
  File "C:\Users\Admin\AppData\Roaming\uv\python\cpython-3.12.12-windows-x86_64-none\Lib\concurrent\futures\thread.py", line 59, in run
    result = self.fn(*self.args, **self.kwargs)
             ^^^^^^^^^^^^^^^^^^^^^^^^^^^^^^^^^^
  File "C:\Users\Admin\Documents\LightDiffusion-Next\src\user\pipeline.py", line 277, in pipeline
    return pipeline_instance.run_batched(ctx, per_sample_info)
           ^^^^^^^^^^^^^^^^^^^^^^^^^^^^^^^^^^^^^^^^^^^^^^^^^^^
  File "C:\Users\Admin\Documents\LightDiffusion-Next\src\Core\Pipeline.py", line 742, in run_batched
    batch_latents = ksampler.sample(
                    ^^^^^^^^^^^^^^^^
  File "C:\Users\Admin\Documents\LightDiffusion-Next\src\sample\sampling.py", line 320, in sample
    return common_ksampler(model, seed, steps, cfg, sampler_name or self.sampler_name, scheduler or self.scheduler,
           ^^^^^^^^^^^^^^^^^^^^^^^^^^^^^^^^^^^^^^^^^^^^^^^^^^^^^^^^^^^^^^^^^^^^^^^^^^^^^^^^^^^^^^^^^^^^^^^^^^^^^^^^
  File "C:\Users\Admin\Documents\LightDiffusion-Next\src\sample\sampling.py", line 506, in common_ksampler
    samples = sample1(model, noise, steps, cfg, sampler_name, scheduler, positive, negative, latent_image,
              ^^^^^^^^^^^^^^^^^^^^^^^^^^^^^^^^^^^^^^^^^^^^^^^^^^^^^^^^^^^^^^^^^^^^^^^^^^^^^^^^^^^^^^^^^^^^
  File "C:\Users\Admin\Documents\LightDiffusion-Next\src\sample\sampling.py", line 401, in sample1
    samples = sample(model, noise, positive, negative, cfg, load_device, sampler_obj, sigmas.to(load_device),
              ^^^^^^^^^^^^^^^^^^^^^^^^^^^^^^^^^^^^^^^^^^^^^^^^^^^^^^^^^^^^^^^^^^^^^^^^^^^^^^^^^^^^^^^^^^^^^^^
  File "C:\Users\Admin\Documents\LightDiffusion-Next\src\sample\sampling.py", line 257, in sample
    return cfg_guider.sample(noise, latent_image, sampler, sigmas, denoise_mask, callback, disable_pbar, seed, pipeline=pipeline)
           ^^^^^^^^^^^^^^^^^^^^^^^^^^^^^^^^^^^^^^^^^^^^^^^^^^^^^^^^^^^^^^^^^^^^^^^^^^^^^^^^^^^^^^^^^^^^^^^^^^^^^^^^^^^^^^^^^^^^^^
  File "C:\Users\Admin\Documents\LightDiffusion-Next\src\sample\CFG.py", line 192, in sample
    output = self.inner_sample(noise.to(device), scaled_latent,
            ^^^^^^^^^^^^^^^^^^^^^^^^^^^^^^^^^^^^^^^^^^^^^^^^^^
  File "C:\Users\Admin\Documents\LightDiffusion-Next\src\sample\CFG.py", line 168, in inner_sample
    samples = sampler.sample(self, sigmas, {"model_options": self.model_options, "seed": seed},
              ^^^^^^^^^^^^^^^^^^^^^^^^^^^^^^^^^^^^^^^^^^^^^^^^^^^^^^^^^^^^^^^^^^^^^^^^^^^^^^^^^
  File "C:\Users\Admin\Documents\LightDiffusion-Next\src\sample\sampling.py", line 219, in sample
    samples = sampler.sample(model_k, noise, sigmas, extra_args=extra_args, callback=callback, disable=disable_pbar)
              ^^^^^^^^^^^^^^^^^^^^^^^^^^^^^^^^^^^^^^^^^^^^^^^^^^^^^^^^^^^^^^^^^^^^^^^^^^^^^^^^^^^^^^^^^^^^^^^^^^^^^^
  File "C:\Users\Admin\Documents\LightDiffusion-Next\.venv\Lib\site-packages\torch\utils\_contextlib.py", line 124, in decorate_context
    return func(*args, **kwargs)
           ^^^^^^^^^^^^^^^^^^^^^
  File "C:\Users\Admin\Documents\LightDiffusion-Next\src\sample\BaseSampler.py", line 296, in sample
    return self._loop(model, x, sigmas, extra_args, callback, disable,
           ^^^^^^^^^^^^^^^^^^^^^^^^^^^^^^^^^^^^^^^^^^^^^^^^^^^^^^^^^^^
  File "C:\Users\Admin\Documents\LightDiffusion-Next\src\sample\BaseSampler.py", line 328, in _loop
    denoised = model(x, sigma_hat * s_in, **extra_args)
               ^^^^^^^^^^^^^^^^^^^^^^^^^^^^^^^^^^^^^^^^
  File "C:\Users\Admin\Documents\LightDiffusion-Next\src\sample\sampling.py", line 196, in __call__
    return self.inner_model(x, sigma, model_options=model_options, seed=seed)
           ^^^^^^^^^^^^^^^^^^^^^^^^^^^^^^^^^^^^^^^^^^^^^^^^^^^^^^^^^^^^^^^^^^
  File "C:\Users\Admin\Documents\LightDiffusion-Next\src\sample\CFG.py", line 135, in __call__
    return self.predict_noise(*args, **kwargs)
           ^^^^^^^^^^^^^^^^^^^^^^^^^^^^^^^^^^^
  File "C:\Users\Admin\Documents\LightDiffusion-Next\src\sample\CFG.py", line 142, in predict_noise
    result = sampling_function(self.inner_model, x, timestep,
            ^^^^^^^^^^^^^^^^^^^^^^^^^^^^^^^^^^^^^^^^^^^^^^^^
  File "C:\Users\Admin\Documents\LightDiffusion-Next\src\sample\CFG.py", line 42, in sampling_function
    cond_outputs = cond.calc_cond_batch(model, [condo, uncond_], x, timestep, model_options)
                   ^^^^^^^^^^^^^^^^^^^^^^^^^^^^^^^^^^^^^^^^^^^^^^^^^^^^^^^^^^^^^^^^^^^^^^^^^
  File "C:\Users\Admin\Documents\LightDiffusion-Next\src\cond\cond.py", line 172, in calc_cond_batch
    p = ksampler_util.get_area_and_mult(x, x_in, timestep)
        ^^^^^^^^^^^^^^^^^^^^^^^^^^^^^^^^^^^^^^^^^^^^^^^^^^
  File "C:\Users\Admin\Documents\LightDiffusion-Next\src\sample\ksampler_util.py", line 109, in get_area_and_mult
    noise=input_x, latent_image=getattr(model, "latent_image", None))
                                        ^^^^^
NameError: name 'model' is not defined
2026-02-11 01:31:42 | INFO | lightdiffusion.server | rid=- | Shutting down frontend development server...
2026-02-11 01:31:42 | INFO | lightdiffusion.server | rid=- | Frontend development server shut down
2026-02-11 01:31:50 | DEBUG | lightdiffusion.server | rid=- | server module loaded; cwd=C:\Users\Admin\Documents\LightDiffusion-Next
2026-02-11 01:31:50 | INFO | lightdiffusion.server | rid=- | Pipeline and app_instance imported successfully
2026-02-11 01:31:50 | INFO | lightdiffusion.server | rid=- | Serving frontend from C:\Users\Admin\Documents\LightDiffusion-Next\frontend\dist
2026-02-11 01:31:50 | INFO | lightdiffusion.server | rid=- | Launching frontend development server...
2026-02-11 01:31:50 | INFO | lightdiffusion.server | rid=- | Frontend development server launched
2026-02-11 01:31:50 | DEBUG | lightdiffusion.server | rid=- | server module loaded; cwd=C:\Users\Admin\Documents\LightDiffusion-Next
2026-02-11 01:31:50 | INFO | lightdiffusion.server | rid=- | Pipeline and app_instance imported successfully
2026-02-11 01:31:50 | INFO | lightdiffusion.server | rid=- | Serving frontend from C:\Users\Admin\Documents\LightDiffusion-Next\frontend\dist
2026-02-11 01:31:50 | INFO | lightdiffusion.server | rid=- | GenerationBuffer worker task started
2026-02-11 01:31:50 | INFO | lightdiffusion.server | rid=- | Server startup complete, event loop captured for preview broadcasting
2026-02-11 01:31:50 | INFO | lightdiffusion.server | rid=- | Batching worker started; max_batch=4 timeout=0.5
2026-02-11 07:22:52 | DEBUG | lightdiffusion.server | rid=- | server module loaded; cwd=C:\Users\Admin\Documents\LightDiffusion-Next
2026-02-11 07:22:52 | INFO | lightdiffusion.server | rid=- | Pipeline and app_instance imported successfully
2026-02-11 07:22:52 | INFO | lightdiffusion.server | rid=- | Serving frontend from C:\Users\Admin\Documents\LightDiffusion-Next\frontend\dist
2026-02-11 07:22:52 | INFO | lightdiffusion.server | rid=- | Launching frontend development server...
2026-02-11 07:22:52 | INFO | lightdiffusion.server | rid=- | Frontend development server launched
2026-02-11 07:22:52 | DEBUG | lightdiffusion.server | rid=- | server module loaded; cwd=C:\Users\Admin\Documents\LightDiffusion-Next
2026-02-11 07:22:52 | INFO | lightdiffusion.server | rid=- | Pipeline and app_instance imported successfully
2026-02-11 07:22:52 | INFO | lightdiffusion.server | rid=- | Serving frontend from C:\Users\Admin\Documents\LightDiffusion-Next\frontend\dist
2026-02-11 07:22:52 | INFO | lightdiffusion.server | rid=- | GenerationBuffer worker task started
2026-02-11 07:22:52 | INFO | lightdiffusion.server | rid=- | Server startup complete, event loop captured for preview broadcasting
2026-02-11 07:22:52 | INFO | lightdiffusion.server | rid=- | Batching worker started; max_batch=4 timeout=0.5
2026-02-11 07:23:00 | INFO | lightdiffusion.server | rid=- | WebSocket client connected to /ws/preview (total: 1)
2026-02-11 07:23:36 | INFO | lightdiffusion.server | rid=e12cc413 | /api/generate called
2026-02-11 07:23:36 | DEBUG | lightdiffusion.server | rid=e12cc413 | Request: w=512 h=512 num_images=1 batch=1 scheduler=simple sampler=euler steps=25 hiresfix=True adetailer=False enhance=False img2img=False stable_fast=False reuse_seed=False realistic=False multiscale=False intermittent=True factor=0.5 fullres=[10,8] keep_models_loaded=True enable_preview=True prompt='An astronaut riding a horse on mars, detailed, 8k' neg='blurry, low quality, distorted' img2img_image_present=False
2026-02-11 07:23:36 | DEBUG | lightdiffusion.server | rid=- | Batch worker: pending groups={"('', False, 512, 512, False, False, 'simple', 'euler', 25, False, True, 0.5, 10, 8, True, False, 'None', 1.0, 'canny', '', -1)": 1} chosen_sig=('', False, 512, 512, False, False, 'simple', 'euler', 25, False, True, 0.5, 10, 8, True, False, 'None', 1.0, 'canny', '', -1) group_size=1 oldest_arrival=1770791016.558
2026-02-11 07:23:36 | DEBUG | lightdiffusion.server | rid=- | Processing singleton group for signature ('', False, 512, 512, False, False, 'simple', 'euler', 25, False, True, 0.5, 10, 8, True, False, 'None', 1.0, 'canny', '', -1) immediately (age=0.000s). LD_BATCH_WAIT_SINGLETONS=False
2026-02-11 07:23:36 | DEBUG | lightdiffusion.server | rid=- | Processing group chosen_sig=('', False, 512, 512, False, False, 'simple', 'euler', 25, False, True, 0.5, 10, 8, True, False, 'None', 1.0, 'canny', '', -1) items=1 request_ids=['e12cc413']
2026-02-11 07:23:36 | INFO | lightdiffusion.server | rid=- | Broadcasting preview step 0/25
2026-02-11 07:23:48 | ERROR | lightdiffusion.server | rid=- | Batch processing failed: No such file or directory: ./include/checkpoints/DreamShaper_8_pruned.safetensors
Traceback (most recent call last):
  File "C:\Users\Admin\Documents\LightDiffusion-Next\server.py", line 416, in _worker
    await self._process_group(to_process)
  File "C:\Users\Admin\Documents\LightDiffusion-Next\server.py", line 555, in _process_group
    result = await loop.run_in_executor(None, func)
             ^^^^^^^^^^^^^^^^^^^^^^^^^^^^^^^^^^^^^^
  File "C:\Users\Admin\AppData\Roaming\uv\python\cpython-3.12.12-windows-x86_64-none\Lib\concurrent\futures\thread.py", line 59, in run
    result = self.fn(*self.args, **self.kwargs)
             ^^^^^^^^^^^^^^^^^^^^^^^^^^^^^^^^^^
  File "C:\Users\Admin\Documents\LightDiffusion-Next\src\user\pipeline.py", line 277, in pipeline
    return pipeline_instance.run_batched(ctx, per_sample_info)
           ^^^^^^^^^^^^^^^^^^^^^^^^^^^^^^^^^^^^^^^^^^^^^^^^^^^
  File "C:\Users\Admin\Documents\LightDiffusion-Next\src\Core\Pipeline.py", line 559, in run_batched
    model = self._load_model(ctx)
            ^^^^^^^^^^^^^^^^^^^^^
  File "C:\Users\Admin\Documents\LightDiffusion-Next\src\Core\Pipeline.py", line 912, in _load_model
    model.load()
  File "C:\Users\Admin\Documents\LightDiffusion-Next\src\Core\Models\SD15Model.py", line 79, in load
    result = loader.load_checkpoint(ckpt_name=path)
             ^^^^^^^^^^^^^^^^^^^^^^^^^^^^^^^^^^^^^^
  File "C:\Users\Admin\Documents\LightDiffusion-Next\src\FileManaging\Loader.py", line 161, in load_checkpoint
    out = load_checkpoint_guess_config(
          ^^^^^^^^^^^^^^^^^^^^^^^^^^^^^
  File "C:\Users\Admin\Documents\LightDiffusion-Next\src\FileManaging\Loader.py", line 32, in load_checkpoint_guess_config
    sd = util.load_torch_file(ckpt_path)
         ^^^^^^^^^^^^^^^^^^^^^^^^^^^^^^^
  File "C:\Users\Admin\Documents\LightDiffusion-Next\src\Utilities\util.py", line 125, in load_torch_file
    sd = safetensors.torch.load_file(ckpt, device=device.type)
         ^^^^^^^^^^^^^^^^^^^^^^^^^^^^^^^^^^^^^^^^^^^^^^^^^^^^^
  File "C:\Users\Admin\Documents\LightDiffusion-Next\.venv\Lib\site-packages\safetensors\torch.py", line 336, in load_file
    with safe_open(filename, framework="pt", device=device) as f:
         ^^^^^^^^^^^^^^^^^^^^^^^^^^^^^^^^^^^^^^^^^^^^^^^^^^
FileNotFoundError: No such file or directory: ./include/checkpoints/DreamShaper_8_pruned.safetensors
2026-02-11 07:24:21 | INFO | lightdiffusion.server | rid=- | Interrupt requested via API
2026-02-11 07:24:32 | INFO | lightdiffusion.server | rid=1c9c7cf4 | /api/generate called
2026-02-11 07:24:32 | DEBUG | lightdiffusion.server | rid=1c9c7cf4 | Request: w=512 h=512 num_images=1 batch=1 scheduler=simple sampler=euler steps=25 hiresfix=True adetailer=False enhance=False img2img=False stable_fast=False reuse_seed=False realistic=False multiscale=False intermittent=True factor=0.5 fullres=[10,8] keep_models_loaded=True enable_preview=True prompt='An astronaut riding a horse on mars, detailed, 8k' neg='blurry, low quality, distorted' img2img_image_present=False
2026-02-11 07:24:32 | DEBUG | lightdiffusion.server | rid=- | Batch worker: pending groups={"('./include/checkpoints\\\\juggernautXL_ragnarokBy.safetensors', False, 512, 512, False, False, 'simple', 'euler', 25, False, True, 0.5, 10, 8, True, False, 'None', 1.0, 'canny', './include/checkpoints\\\\sd_xl_refiner_1.0.safetensors', 20)": 1} chosen_sig=('./include/checkpoints\\juggernautXL_ragnarokBy.safetensors', False, 512, 512, False, False, 'simple', 'euler', 25, False, True, 0.5, 10, 8, True, False, 'None', 1.0, 'canny', './include/checkpoints\\sd_xl_refiner_1.0.safetensors', 20) group_size=1 oldest_arrival=1770791072.931
2026-02-11 07:24:32 | DEBUG | lightdiffusion.server | rid=- | Processing singleton group for signature ('./include/checkpoints\\juggernautXL_ragnarokBy.safetensors', False, 512, 512, False, False, 'simple', 'euler', 25, False, True, 0.5, 10, 8, True, False, 'None', 1.0, 'canny', './include/checkpoints\\sd_xl_refiner_1.0.safetensors', 20) immediately (age=0.000s). LD_BATCH_WAIT_SINGLETONS=False
2026-02-11 07:24:32 | DEBUG | lightdiffusion.server | rid=- | Processing group chosen_sig=('./include/checkpoints\\juggernautXL_ragnarokBy.safetensors', False, 512, 512, False, False, 'simple', 'euler', 25, False, True, 0.5, 10, 8, True, False, 'None', 1.0, 'canny', './include/checkpoints\\sd_xl_refiner_1.0.safetensors', 20) items=1 request_ids=['1c9c7cf4']
2026-02-11 07:24:32 | INFO | lightdiffusion.server | rid=- | Broadcasting preview step 0/25
2026-02-11 07:24:49 | INFO | lightdiffusion.server | rid=- | Broadcasting preview step 0/20
2026-02-11 07:24:49 | INFO | lightdiffusion.server | rid=- | Broadcasting preview step 5/20
2026-02-11 07:24:50 | INFO | lightdiffusion.server | rid=- | Broadcasting preview step 10/20
2026-02-11 07:24:51 | INFO | lightdiffusion.server | rid=- | Broadcasting preview step 15/20
2026-02-11 07:24:52 | INFO | lightdiffusion.server | rid=- | Broadcasting preview step 19/20
2026-02-11 07:25:05 | INFO | lightdiffusion.server | rid=- | Broadcasting preview step 0/5
2026-02-11 07:25:05 | INFO | lightdiffusion.server | rid=- | Broadcasting preview step 4/5
2026-02-11 07:25:39 | INFO | lightdiffusion.server | rid=- | Broadcasting preview step 0/12
2026-02-11 07:25:42 | INFO | lightdiffusion.server | rid=- | Broadcasting preview step 5/12
2026-02-11 07:25:46 | INFO | lightdiffusion.server | rid=- | Broadcasting preview step 10/12
2026-02-11 07:25:46 | INFO | lightdiffusion.server | rid=- | Broadcasting preview step 11/12
2026-02-11 07:28:18 | INFO | lightdiffusion.server | rid=- | WebSocket client disconnected (remaining: 0)
2026-02-11 07:39:12 | INFO | lightdiffusion.server | rid=- | Shutting down frontend development server...
2026-02-11 07:39:12 | INFO | lightdiffusion.server | rid=- | Frontend development server shut down
2026-02-11 09:19:20 | DEBUG | lightdiffusion.server | rid=- | server module loaded; cwd=C:\Users\Admin\Documents\LightDiffusion-Next
2026-02-11 09:19:20 | INFO | lightdiffusion.server | rid=- | Pipeline and app_instance imported successfully
2026-02-11 09:19:20 | INFO | lightdiffusion.server | rid=- | Serving frontend from C:\Users\Admin\Documents\LightDiffusion-Next\frontend\dist
2026-02-11 09:19:20 | DEBUG | lightdiffusion.server | rid=- | server module loaded; cwd=C:\Users\Admin\Documents\LightDiffusion-Next
2026-02-11 09:19:20 | INFO | lightdiffusion.server | rid=- | Pipeline and app_instance imported successfully
2026-02-11 09:19:20 | INFO | lightdiffusion.server | rid=- | Serving frontend from C:\Users\Admin\Documents\LightDiffusion-Next\frontend\dist
2026-02-11 09:19:20 | INFO | lightdiffusion.server | rid=- | GenerationBuffer worker task started
2026-02-11 09:19:20 | INFO | lightdiffusion.server | rid=- | Server startup complete, event loop captured for preview broadcasting
2026-02-11 09:19:20 | INFO | lightdiffusion.server | rid=- | Batching worker started; max_batch=4 timeout=0.5
2026-02-11 09:19:20 | DEBUG | lightdiffusion.server | rid=1b67bc3a | telemetry requested
2026-02-11 09:19:22 | INFO | lightdiffusion.server | rid=ce3724fd | /api/generate called
2026-02-11 09:19:22 | DEBUG | lightdiffusion.server | rid=ce3724fd | Request: w=512 h=512 num_images=1 batch=1 scheduler=ays sampler=euler steps=4 hiresfix=False adetailer=False enhance=False img2img=False stable_fast=False reuse_seed=False realistic=False multiscale=False intermittent=True factor=0.5 fullres=[10,8] keep_models_loaded=True enable_preview=False prompt='a high quality portrait of a cat' neg='' img2img_image_present=False
2026-02-11 09:19:22 | DEBUG | lightdiffusion.server | rid=- | Batch worker: pending groups={"('./include/diffusion_model/flux-2-klein-4b.safetensors', False, 512, 512, False, False, 'ays', 'euler', 4, False, True, 0.5, 10, 8, True, False, 'None', 1.0, 'canny', '', -1)": 1} chosen_sig=('./include/diffusion_model/flux-2-klein-4b.safetensors', False, 512, 512, False, False, 'ays', 'euler', 4, False, True, 0.5, 10, 8, True, False, 'None', 1.0, 'canny', '', -1) group_size=1 oldest_arrival=1770797962.424
2026-02-11 09:19:22 | DEBUG | lightdiffusion.server | rid=- | Processing singleton group for signature ('./include/diffusion_model/flux-2-klein-4b.safetensors', False, 512, 512, False, False, 'ays', 'euler', 4, False, True, 0.5, 10, 8, True, False, 'None', 1.0, 'canny', '', -1) immediately (age=0.001s). LD_BATCH_WAIT_SINGLETONS=False
2026-02-11 09:19:22 | DEBUG | lightdiffusion.server | rid=- | Processing group chosen_sig=('./include/diffusion_model/flux-2-klein-4b.safetensors', False, 512, 512, False, False, 'ays', 'euler', 4, False, True, 0.5, 10, 8, True, False, 'None', 1.0, 'canny', '', -1) items=1 request_ids=['ce3724fd']
2026-02-11 09:19:22 | DEBUG | lightdiffusion.server | rid=- | No preview clients connected, skipping broadcast
2026-02-11 09:19:23 | ERROR | lightdiffusion.server | rid=- | Batch processing failed: No such file or directory: ./include/diffusion_model/flux-2-klein-4b.safetensors
Traceback (most recent call last):
  File "C:\Users\Admin\Documents\LightDiffusion-Next\server.py", line 416, in _worker
    await self._process_group(to_process)
  File "C:\Users\Admin\Documents\LightDiffusion-Next\server.py", line 555, in _process_group
    result = await loop.run_in_executor(None, func)
             ^^^^^^^^^^^^^^^^^^^^^^^^^^^^^^^^^^^^^^
  File "C:\Users\Admin\AppData\Roaming\uv\python\cpython-3.12.12-windows-x86_64-none\Lib\concurrent\futures\thread.py", line 59, in run
    result = self.fn(*self.args, **self.kwargs)
             ^^^^^^^^^^^^^^^^^^^^^^^^^^^^^^^^^^
  File "C:\Users\Admin\Documents\LightDiffusion-Next\src\user\pipeline.py", line 277, in pipeline
    return pipeline_instance.run_batched(ctx, per_sample_info)
           ^^^^^^^^^^^^^^^^^^^^^^^^^^^^^^^^^^^^^^^^^^^^^^^^^^^
  File "C:\Users\Admin\Documents\LightDiffusion-Next\src\Core\Pipeline.py", line 559, in run_batched
    model = self._load_model(ctx)
            ^^^^^^^^^^^^^^^^^^^^^
  File "C:\Users\Admin\Documents\LightDiffusion-Next\src\Core\Pipeline.py", line 912, in _load_model
    model.load()
  File "C:\Users\Admin\Documents\LightDiffusion-Next\src\Core\Models\Flux2KleinModel.py", line 194, in load
    config = self._detect_flux2_config(util.load_torch_file(diffusion_path, device=torch.device("cpu"))) # Load temporarily to detect config
                                       ^^^^^^^^^^^^^^^^^^^^^^^^^^^^^^^^^^^^^^^^^^^^^^^^^^^^^^^^^^^^^^^^
  File "C:\Users\Admin\Documents\LightDiffusion-Next\src\Utilities\util.py", line 125, in load_torch_file
    sd = safetensors.torch.load_file(ckpt, device=device.type)
         ^^^^^^^^^^^^^^^^^^^^^^^^^^^^^^^^^^^^^^^^^^^^^^^^^^^^^
  File "C:\Users\Admin\Documents\LightDiffusion-Next\.venv\Lib\site-packages\safetensors\torch.py", line 336, in load_file
    with safe_open(filename, framework="pt", device=device) as f:
         ^^^^^^^^^^^^^^^^^^^^^^^^^^^^^^^^^^^^^^^^^^^^^^^^^^
FileNotFoundError: No such file or directory: ./include/diffusion_model/flux-2-klein-4b.safetensors
2026-02-11 13:52:14 | DEBUG | lightdiffusion.server | rid=- | server module loaded; cwd=C:\Users\Admin\Documents\LightDiffusion-Next
2026-02-11 13:52:14 | INFO | lightdiffusion.server | rid=- | Pipeline and app_instance imported successfully
2026-02-11 13:52:14 | INFO | lightdiffusion.server | rid=- | Serving frontend from C:\Users\Admin\Documents\LightDiffusion-Next\frontend\dist
2026-02-11 13:52:14 | INFO | lightdiffusion.server | rid=- | Launching frontend development server...
2026-02-11 13:52:14 | INFO | lightdiffusion.server | rid=- | Frontend development server launched
2026-02-11 13:52:14 | DEBUG | lightdiffusion.server | rid=- | server module loaded; cwd=C:\Users\Admin\Documents\LightDiffusion-Next
2026-02-11 13:52:14 | INFO | lightdiffusion.server | rid=- | Pipeline and app_instance imported successfully
2026-02-11 13:52:14 | INFO | lightdiffusion.server | rid=- | Serving frontend from C:\Users\Admin\Documents\LightDiffusion-Next\frontend\dist
2026-02-11 13:52:14 | INFO | lightdiffusion.server | rid=- | GenerationBuffer worker task started
2026-02-11 13:52:14 | INFO | lightdiffusion.server | rid=- | Server startup complete, event loop captured for preview broadcasting
2026-02-11 13:52:14 | INFO | lightdiffusion.server | rid=- | Batching worker started; max_batch=4 timeout=0.5
2026-02-11 13:52:22 | INFO | lightdiffusion.server | rid=- | WebSocket client connected to /ws/preview (total: 1)
2026-02-11 13:52:53 | INFO | lightdiffusion.server | rid=868139a6 | /api/generate called
2026-02-11 13:52:53 | DEBUG | lightdiffusion.server | rid=868139a6 | Request: w=512 h=512 num_images=1 batch=1 scheduler=simple sampler=euler steps=25 hiresfix=False adetailer=True enhance=False img2img=False stable_fast=False reuse_seed=False realistic=False multiscale=False intermittent=True factor=0.5 fullres=[10,8] keep_models_loaded=True enable_preview=True prompt='An astronaut riding a horse on mars, detailed, 8k' neg='blurry, low quality, distorted' img2img_image_present=False
2026-02-11 13:52:53 | DEBUG | lightdiffusion.server | rid=- | Batch worker: pending groups={"('./include/checkpoints\\\\juggernautXL_ragnarokBy.safetensors', False, 512, 512, False, False, 'simple', 'euler', 25, False, True, 0.5, 10, 8, True, False, 'None', 1.0, 'canny', '', 15)": 1} chosen_sig=('./include/checkpoints\\juggernautXL_ragnarokBy.safetensors', False, 512, 512, False, False, 'simple', 'euler', 25, False, True, 0.5, 10, 8, True, False, 'None', 1.0, 'canny', '', 15) group_size=1 oldest_arrival=1770814373.415
2026-02-11 13:52:53 | DEBUG | lightdiffusion.server | rid=- | Processing singleton group for signature ('./include/checkpoints\\juggernautXL_ragnarokBy.safetensors', False, 512, 512, False, False, 'simple', 'euler', 25, False, True, 0.5, 10, 8, True, False, 'None', 1.0, 'canny', '', 15) immediately (age=0.000s). LD_BATCH_WAIT_SINGLETONS=False
2026-02-11 13:52:53 | DEBUG | lightdiffusion.server | rid=- | Processing group chosen_sig=('./include/checkpoints\\juggernautXL_ragnarokBy.safetensors', False, 512, 512, False, False, 'simple', 'euler', 25, False, True, 0.5, 10, 8, True, False, 'None', 1.0, 'canny', '', 15) items=1 request_ids=['868139a6']
2026-02-11 13:52:53 | INFO | lightdiffusion.server | rid=- | Broadcasting preview step 0/25
2026-02-11 13:53:03 | INFO | lightdiffusion.server | rid=- | Broadcasting preview step 0/25
2026-02-11 13:53:04 | INFO | lightdiffusion.server | rid=- | Broadcasting preview step 5/25
2026-02-11 13:53:05 | INFO | lightdiffusion.server | rid=- | Broadcasting preview step 10/25
2026-02-11 13:53:06 | INFO | lightdiffusion.server | rid=- | Broadcasting preview step 15/25
2026-02-11 13:53:06 | INFO | lightdiffusion.server | rid=- | Broadcasting preview step 20/25
2026-02-11 13:53:07 | INFO | lightdiffusion.server | rid=- | Broadcasting preview step 24/25
2026-02-11 13:53:30 | INFO | lightdiffusion.server | rid=- | Broadcasting preview step 0/20
2026-02-11 13:53:31 | INFO | lightdiffusion.server | rid=- | Broadcasting preview step 5/20
2026-02-11 13:53:32 | INFO | lightdiffusion.server | rid=- | Broadcasting preview step 10/20
2026-02-11 13:53:33 | INFO | lightdiffusion.server | rid=- | Broadcasting preview step 15/20
2026-02-11 13:53:34 | INFO | lightdiffusion.server | rid=- | Broadcasting preview step 19/20
2026-02-11 13:55:06 | INFO | lightdiffusion.server | rid=- | WebSocket client disconnected (remaining: 0)
2026-02-11 13:55:06 | INFO | lightdiffusion.server | rid=- | Shutting down frontend development server...
2026-02-11 13:55:06 | INFO | lightdiffusion.server | rid=- | Frontend development server shut down
2026-02-11 14:31:41 | DEBUG | lightdiffusion.server | rid=- | server module loaded; cwd=C:\Users\Admin\Documents\LightDiffusion-Next
2026-02-11 14:31:41 | INFO | lightdiffusion.server | rid=- | Pipeline and app_instance imported successfully
2026-02-11 14:31:41 | INFO | lightdiffusion.server | rid=- | Serving frontend from C:\Users\Admin\Documents\LightDiffusion-Next\frontend\dist
2026-02-11 14:31:41 | DEBUG | lightdiffusion.server | rid=- | server module loaded; cwd=C:\Users\Admin\Documents\LightDiffusion-Next
2026-02-11 14:31:41 | INFO | lightdiffusion.server | rid=- | Pipeline and app_instance imported successfully
2026-02-11 14:31:41 | INFO | lightdiffusion.server | rid=- | Serving frontend from C:\Users\Admin\Documents\LightDiffusion-Next\frontend\dist
2026-02-11 14:31:41 | INFO | lightdiffusion.server | rid=- | GenerationBuffer worker task started
2026-02-11 14:31:41 | INFO | lightdiffusion.server | rid=- | Server startup complete, event loop captured for preview broadcasting
2026-02-11 14:31:41 | INFO | lightdiffusion.server | rid=- | Batching worker started; max_batch=4 timeout=0.5
2026-02-11 14:31:41 | DEBUG | lightdiffusion.server | rid=ad1cb923 | telemetry requested
2026-02-11 14:31:43 | INFO | lightdiffusion.server | rid=827110da | /api/generate called
2026-02-11 14:31:43 | DEBUG | lightdiffusion.server | rid=827110da | Request: w=1024 h=1024 num_images=1 batch=1 scheduler=ays sampler=dpmpp_sde_cfgpp steps=10 hiresfix=False adetailer=False enhance=False img2img=False stable_fast=False reuse_seed=True realistic=False multiscale=False intermittent=True factor=0.5 fullres=[10,8] keep_models_loaded=True enable_preview=False prompt='a detailed studio portrait photo of a woman, sharp facial features, realistic skin, soft lighting' neg='blurry, low quality, artifacts' img2img_image_present=False
2026-02-11 14:31:43 | DEBUG | lightdiffusion.server | rid=- | Batch worker: pending groups={"('./include/checkpoints/juggernautXL_ragnarokBy.safetensors', False, 1024, 1024, False, False, 'ays', 'dpmpp_sde_cfgpp', 10, False, True, 0.5, 10, 8, True, False, 'None', 1.0, 'canny', 'None', -1)": 1} chosen_sig=('./include/checkpoints/juggernautXL_ragnarokBy.safetensors', False, 1024, 1024, False, False, 'ays', 'dpmpp_sde_cfgpp', 10, False, True, 0.5, 10, 8, True, False, 'None', 1.0, 'canny', 'None', -1) group_size=1 oldest_arrival=1770816703.375
2026-02-11 14:31:43 | DEBUG | lightdiffusion.server | rid=- | Processing singleton group for signature ('./include/checkpoints/juggernautXL_ragnarokBy.safetensors', False, 1024, 1024, False, False, 'ays', 'dpmpp_sde_cfgpp', 10, False, True, 0.5, 10, 8, True, False, 'None', 1.0, 'canny', 'None', -1) immediately (age=0.000s). LD_BATCH_WAIT_SINGLETONS=False
2026-02-11 14:31:43 | DEBUG | lightdiffusion.server | rid=- | Processing group chosen_sig=('./include/checkpoints/juggernautXL_ragnarokBy.safetensors', False, 1024, 1024, False, False, 'ays', 'dpmpp_sde_cfgpp', 10, False, True, 0.5, 10, 8, True, False, 'None', 1.0, 'canny', 'None', -1) items=1 request_ids=['827110da']
2026-02-11 14:31:43 | DEBUG | lightdiffusion.server | rid=- | No preview clients connected, skipping broadcast
2026-02-11 14:32:05 | DEBUG | lightdiffusion.server | rid=- | No preview clients connected, skipping broadcast
2026-02-11 14:32:56 | INFO | lightdiffusion.server | rid=d3513d64 | /api/generate called
2026-02-11 14:32:56 | DEBUG | lightdiffusion.server | rid=d3513d64 | Request: w=1024 h=1024 num_images=1 batch=1 scheduler=ays sampler=dpmpp_sde_cfgpp steps=10 hiresfix=False adetailer=True enhance=False img2img=False stable_fast=False reuse_seed=True realistic=False multiscale=False intermittent=True factor=0.5 fullres=[10,8] keep_models_loaded=True enable_preview=False prompt='a detailed studio portrait photo of a woman, sharp facial features, realistic skin, soft lighting' neg='blurry, low quality, artifacts' img2img_image_present=False
2026-02-11 14:32:56 | DEBUG | lightdiffusion.server | rid=- | Batch worker: pending groups={"('./include/checkpoints/juggernautXL_ragnarokBy.safetensors', False, 1024, 1024, False, False, 'ays', 'dpmpp_sde_cfgpp', 10, False, True, 0.5, 10, 8, True, False, 'None', 1.0, 'canny', 'None', -1)": 1} chosen_sig=('./include/checkpoints/juggernautXL_ragnarokBy.safetensors', False, 1024, 1024, False, False, 'ays', 'dpmpp_sde_cfgpp', 10, False, True, 0.5, 10, 8, True, False, 'None', 1.0, 'canny', 'None', -1) group_size=1 oldest_arrival=1770816776.566
2026-02-11 14:32:56 | DEBUG | lightdiffusion.server | rid=- | Processing singleton group for signature ('./include/checkpoints/juggernautXL_ragnarokBy.safetensors', False, 1024, 1024, False, False, 'ays', 'dpmpp_sde_cfgpp', 10, False, True, 0.5, 10, 8, True, False, 'None', 1.0, 'canny', 'None', -1) immediately (age=0.000s). LD_BATCH_WAIT_SINGLETONS=False
2026-02-11 14:32:56 | DEBUG | lightdiffusion.server | rid=- | Processing group chosen_sig=('./include/checkpoints/juggernautXL_ragnarokBy.safetensors', False, 1024, 1024, False, False, 'ays', 'dpmpp_sde_cfgpp', 10, False, True, 0.5, 10, 8, True, False, 'None', 1.0, 'canny', 'None', -1) items=1 request_ids=['d3513d64']
2026-02-11 14:32:56 | DEBUG | lightdiffusion.server | rid=- | No preview clients connected, skipping broadcast
2026-02-11 14:33:00 | DEBUG | lightdiffusion.server | rid=- | No preview clients connected, skipping broadcast
2026-02-11 14:33:26 | DEBUG | lightdiffusion.server | rid=- | No preview clients connected, skipping broadcast
2026-02-11 14:33:41 | DEBUG | lightdiffusion.server | rid=- | No preview clients connected, skipping broadcast
2026-02-11 15:45:54 | DEBUG | lightdiffusion.server | rid=- | server module loaded; cwd=C:\Users\Admin\Documents\LightDiffusion-Next
2026-02-11 15:45:54 | INFO | lightdiffusion.server | rid=- | Pipeline and app_instance imported successfully
2026-02-11 15:45:54 | INFO | lightdiffusion.server | rid=- | Serving frontend from C:\Users\Admin\Documents\LightDiffusion-Next\frontend\dist
2026-02-11 15:46:06 | DEBUG | lightdiffusion.server | rid=- | server module loaded; cwd=C:\Users\Admin\Documents\LightDiffusion-Next
2026-02-11 15:46:06 | INFO | lightdiffusion.server | rid=- | Pipeline and app_instance imported successfully
2026-02-11 15:46:06 | INFO | lightdiffusion.server | rid=- | Serving frontend from C:\Users\Admin\Documents\LightDiffusion-Next\frontend\dist
2026-02-11 15:46:08 | DEBUG | lightdiffusion.server | rid=- | No preview clients connected, skipping broadcast
2026-02-11 15:46:38 | DEBUG | lightdiffusion.server | rid=- | server module loaded; cwd=C:\Users\Admin\Documents\LightDiffusion-Next
2026-02-11 15:46:38 | INFO | lightdiffusion.server | rid=- | Pipeline and app_instance imported successfully
2026-02-11 15:46:38 | INFO | lightdiffusion.server | rid=- | Serving frontend from C:\Users\Admin\Documents\LightDiffusion-Next\frontend\dist
2026-02-11 15:46:38 | DEBUG | lightdiffusion.server | rid=- | server module loaded; cwd=C:\Users\Admin\Documents\LightDiffusion-Next
2026-02-11 15:46:38 | INFO | lightdiffusion.server | rid=- | Pipeline and app_instance imported successfully
2026-02-11 15:46:38 | INFO | lightdiffusion.server | rid=- | Serving frontend from C:\Users\Admin\Documents\LightDiffusion-Next\frontend\dist
2026-02-11 15:46:38 | INFO | lightdiffusion.server | rid=- | GenerationBuffer worker task started
2026-02-11 15:46:38 | INFO | lightdiffusion.server | rid=- | Server startup complete, event loop captured for preview broadcasting
2026-02-11 15:46:38 | INFO | lightdiffusion.server | rid=- | Batching worker started; max_batch=4 timeout=0.5
2026-02-11 15:47:14 | DEBUG | lightdiffusion.server | rid=4a82db89 | telemetry requested
2026-02-11 15:47:23 | INFO | lightdiffusion.server | rid=918961e0 | /api/generate called
2026-02-11 15:47:23 | DEBUG | lightdiffusion.server | rid=918961e0 | Request: w=512 h=512 num_images=1 batch=1 scheduler=simple sampler=euler steps=25 hiresfix=False adetailer=False enhance=False img2img=False stable_fast=False reuse_seed=True realistic=False multiscale=False intermittent=True factor=0.5 fullres=[10,8] keep_models_loaded=True enable_preview=False prompt='An astronaut riding a horse on mars, detailed, 8k' neg='blurry, low quality, distorted' img2img_image_present=False
2026-02-11 15:47:23 | DEBUG | lightdiffusion.server | rid=- | Batch worker: pending groups={"('./include/checkpoints/juggernautXL_ragnarokBy.safetensors', False, 512, 512, False, False, 'simple', 'euler', 25, False, True, 0.5, 10, 8, True, False, 'None', 1.0, 'canny', 'None', -1)": 1} chosen_sig=('./include/checkpoints/juggernautXL_ragnarokBy.safetensors', False, 512, 512, False, False, 'simple', 'euler', 25, False, True, 0.5, 10, 8, True, False, 'None', 1.0, 'canny', 'None', -1) group_size=1 oldest_arrival=1770821243.925
2026-02-11 15:47:23 | DEBUG | lightdiffusion.server | rid=- | Processing singleton group for signature ('./include/checkpoints/juggernautXL_ragnarokBy.safetensors', False, 512, 512, False, False, 'simple', 'euler', 25, False, True, 0.5, 10, 8, True, False, 'None', 1.0, 'canny', 'None', -1) immediately (age=0.001s). LD_BATCH_WAIT_SINGLETONS=False
2026-02-11 15:47:23 | DEBUG | lightdiffusion.server | rid=- | Processing group chosen_sig=('./include/checkpoints/juggernautXL_ragnarokBy.safetensors', False, 512, 512, False, False, 'simple', 'euler', 25, False, True, 0.5, 10, 8, True, False, 'None', 1.0, 'canny', 'None', -1) items=1 request_ids=['918961e0']
2026-02-11 15:47:23 | DEBUG | lightdiffusion.server | rid=- | No preview clients connected, skipping broadcast
2026-02-11 15:47:30 | DEBUG | lightdiffusion.server | rid=- | No preview clients connected, skipping broadcast
2026-02-11 15:47:34 | DEBUG | lightdiffusion.server | rid=- | No preview clients connected, skipping broadcast
2026-02-11 15:47:37 | DEBUG | lightdiffusion.server | rid=- | No preview clients connected, skipping broadcast
2026-02-11 15:47:55 | INFO | lightdiffusion.server | rid=1800e375 | /api/generate called
2026-02-11 15:47:55 | DEBUG | lightdiffusion.server | rid=1800e375 | Request: w=512 h=512 num_images=1 batch=1 scheduler=simple sampler=euler steps=25 hiresfix=False adetailer=False enhance=False img2img=False stable_fast=False reuse_seed=True realistic=False multiscale=False intermittent=True factor=0.5 fullres=[10,8] keep_models_loaded=True enable_preview=False prompt='An astronaut riding a horse on mars, detailed, 8k' neg='blurry, low quality, distorted' img2img_image_present=False
2026-02-11 15:47:55 | DEBUG | lightdiffusion.server | rid=- | Batch worker: pending groups={"('./include/checkpoints/juggernautXL_ragnarokBy.safetensors', False, 512, 512, False, False, 'simple', 'euler', 25, False, True, 0.5, 10, 8, True, False, 'None', 1.0, 'canny', 'None', -1)": 1} chosen_sig=('./include/checkpoints/juggernautXL_ragnarokBy.safetensors', False, 512, 512, False, False, 'simple', 'euler', 25, False, True, 0.5, 10, 8, True, False, 'None', 1.0, 'canny', 'None', -1) group_size=1 oldest_arrival=1770821275.105
2026-02-11 15:47:55 | DEBUG | lightdiffusion.server | rid=- | Processing singleton group for signature ('./include/checkpoints/juggernautXL_ragnarokBy.safetensors', False, 512, 512, False, False, 'simple', 'euler', 25, False, True, 0.5, 10, 8, True, False, 'None', 1.0, 'canny', 'None', -1) immediately (age=0.000s). LD_BATCH_WAIT_SINGLETONS=False
2026-02-11 15:47:55 | DEBUG | lightdiffusion.server | rid=- | Processing group chosen_sig=('./include/checkpoints/juggernautXL_ragnarokBy.safetensors', False, 512, 512, False, False, 'simple', 'euler', 25, False, True, 0.5, 10, 8, True, False, 'None', 1.0, 'canny', 'None', -1) items=1 request_ids=['1800e375']
2026-02-11 15:47:55 | DEBUG | lightdiffusion.server | rid=- | No preview clients connected, skipping broadcast
2026-02-11 15:47:57 | DEBUG | lightdiffusion.server | rid=- | No preview clients connected, skipping broadcast
2026-02-11 15:48:00 | DEBUG | lightdiffusion.server | rid=- | No preview clients connected, skipping broadcast
2026-02-11 15:48:04 | DEBUG | lightdiffusion.server | rid=- | No preview clients connected, skipping broadcast
2026-02-11 15:48:46 | INFO | lightdiffusion.server | rid=a41ecac5 | /api/generate called
2026-02-11 15:48:46 | DEBUG | lightdiffusion.server | rid=a41ecac5 | Request: w=512 h=512 num_images=1 batch=1 scheduler=simple sampler=euler steps=25 hiresfix=False adetailer=False enhance=False img2img=False stable_fast=False reuse_seed=True realistic=False multiscale=False intermittent=True factor=0.5 fullres=[10,8] keep_models_loaded=True enable_preview=False prompt='An astronaut riding a horse on mars, detailed, 8k' neg='blurry, low quality, distorted' img2img_image_present=False
2026-02-11 15:48:46 | DEBUG | lightdiffusion.server | rid=- | Batch worker: pending groups={"('./include/checkpoints/juggernautXL_ragnarokBy.safetensors', False, 512, 512, False, False, 'simple', 'euler', 25, False, True, 0.5, 10, 8, True, False, 'None', 1.0, 'canny', 'None', -1)": 1} chosen_sig=('./include/checkpoints/juggernautXL_ragnarokBy.safetensors', False, 512, 512, False, False, 'simple', 'euler', 25, False, True, 0.5, 10, 8, True, False, 'None', 1.0, 'canny', 'None', -1) group_size=1 oldest_arrival=1770821326.604
2026-02-11 15:48:46 | DEBUG | lightdiffusion.server | rid=- | Processing singleton group for signature ('./include/checkpoints/juggernautXL_ragnarokBy.safetensors', False, 512, 512, False, False, 'simple', 'euler', 25, False, True, 0.5, 10, 8, True, False, 'None', 1.0, 'canny', 'None', -1) immediately (age=0.000s). LD_BATCH_WAIT_SINGLETONS=False
2026-02-11 15:48:46 | DEBUG | lightdiffusion.server | rid=- | Processing group chosen_sig=('./include/checkpoints/juggernautXL_ragnarokBy.safetensors', False, 512, 512, False, False, 'simple', 'euler', 25, False, True, 0.5, 10, 8, True, False, 'None', 1.0, 'canny', 'None', -1) items=1 request_ids=['a41ecac5']
2026-02-11 15:48:46 | DEBUG | lightdiffusion.server | rid=- | No preview clients connected, skipping broadcast
2026-02-11 15:48:49 | DEBUG | lightdiffusion.server | rid=- | No preview clients connected, skipping broadcast
2026-02-11 15:48:52 | DEBUG | lightdiffusion.server | rid=- | No preview clients connected, skipping broadcast
2026-02-11 15:48:55 | DEBUG | lightdiffusion.server | rid=- | No preview clients connected, skipping broadcast
2026-02-11 15:48:59 | INFO | lightdiffusion.server | rid=3ab60607 | /api/generate called
2026-02-11 15:48:59 | DEBUG | lightdiffusion.server | rid=3ab60607 | Request: w=512 h=512 num_images=1 batch=1 scheduler=simple sampler=euler steps=25 hiresfix=False adetailer=True enhance=False img2img=False stable_fast=False reuse_seed=True realistic=False multiscale=False intermittent=True factor=0.5 fullres=[10,8] keep_models_loaded=True enable_preview=False prompt='An astronaut riding a horse on mars, detailed, 8k' neg='blurry, low quality, distorted' img2img_image_present=False
2026-02-11 15:48:59 | DEBUG | lightdiffusion.server | rid=- | Batch worker: pending groups={"('./include/checkpoints/juggernautXL_ragnarokBy.safetensors', False, 512, 512, False, False, 'simple', 'euler', 25, False, True, 0.5, 10, 8, True, False, 'None', 1.0, 'canny', 'None', -1)": 1} chosen_sig=('./include/checkpoints/juggernautXL_ragnarokBy.safetensors', False, 512, 512, False, False, 'simple', 'euler', 25, False, True, 0.5, 10, 8, True, False, 'None', 1.0, 'canny', 'None', -1) group_size=1 oldest_arrival=1770821339.494
2026-02-11 15:48:59 | DEBUG | lightdiffusion.server | rid=- | Processing singleton group for signature ('./include/checkpoints/juggernautXL_ragnarokBy.safetensors', False, 512, 512, False, False, 'simple', 'euler', 25, False, True, 0.5, 10, 8, True, False, 'None', 1.0, 'canny', 'None', -1) immediately (age=0.000s). LD_BATCH_WAIT_SINGLETONS=False
2026-02-11 15:48:59 | DEBUG | lightdiffusion.server | rid=- | Processing group chosen_sig=('./include/checkpoints/juggernautXL_ragnarokBy.safetensors', False, 512, 512, False, False, 'simple', 'euler', 25, False, True, 0.5, 10, 8, True, False, 'None', 1.0, 'canny', 'None', -1) items=1 request_ids=['3ab60607']
2026-02-11 15:48:59 | DEBUG | lightdiffusion.server | rid=- | No preview clients connected, skipping broadcast
2026-02-11 15:49:01 | DEBUG | lightdiffusion.server | rid=- | No preview clients connected, skipping broadcast
2026-02-11 15:49:05 | DEBUG | lightdiffusion.server | rid=- | No preview clients connected, skipping broadcast
2026-02-11 15:49:08 | DEBUG | lightdiffusion.server | rid=- | No preview clients connected, skipping broadcast
2026-02-11 15:49:21 | DEBUG | lightdiffusion.server | rid=- | No preview clients connected, skipping broadcast
2026-02-11 15:49:25 | DEBUG | lightdiffusion.server | rid=- | No preview clients connected, skipping broadcast
2026-02-11 15:54:23 | INFO | lightdiffusion.server | rid=- | WebSocket client connected to /ws/preview (total: 1)
2026-02-11 15:55:34 | DEBUG | lightdiffusion.server | rid=- | server module loaded; cwd=C:\Users\Admin\Documents\LightDiffusion-Next
2026-02-11 15:55:34 | INFO | lightdiffusion.server | rid=- | Pipeline and app_instance imported successfully
2026-02-11 15:55:34 | INFO | lightdiffusion.server | rid=- | Serving frontend from C:\Users\Admin\Documents\LightDiffusion-Next\frontend\dist
2026-02-11 15:55:34 | DEBUG | lightdiffusion.server | rid=- | server module loaded; cwd=C:\Users\Admin\Documents\LightDiffusion-Next
2026-02-11 15:55:34 | INFO | lightdiffusion.server | rid=- | Pipeline and app_instance imported successfully
2026-02-11 15:55:34 | INFO | lightdiffusion.server | rid=- | Serving frontend from C:\Users\Admin\Documents\LightDiffusion-Next\frontend\dist
2026-02-11 15:55:34 | INFO | lightdiffusion.server | rid=- | GenerationBuffer worker task started
2026-02-11 15:55:34 | INFO | lightdiffusion.server | rid=- | Server startup complete, event loop captured for preview broadcasting
2026-02-11 15:55:34 | INFO | lightdiffusion.server | rid=- | Batching worker started; max_batch=4 timeout=0.5
2026-02-11 15:55:36 | INFO | lightdiffusion.server | rid=- | WebSocket client connected to /ws/preview (total: 1)
2026-02-11 15:56:43 | INFO | lightdiffusion.server | rid=b03726f7 | /api/generate called
2026-02-11 15:56:43 | DEBUG | lightdiffusion.server | rid=b03726f7 | Request: w=512 h=512 num_images=1 batch=1 scheduler=simple sampler=euler steps=25 hiresfix=False adetailer=False enhance=False img2img=False stable_fast=False reuse_seed=True realistic=False multiscale=False intermittent=True factor=0.5 fullres=[10,8] keep_models_loaded=True enable_preview=False prompt='An astronaut riding a horse on mars, detailed, 8k' neg='blurry, low quality, distorted' img2img_image_present=False
2026-02-11 15:56:43 | DEBUG | lightdiffusion.server | rid=- | Batch worker: pending groups={"('None', False, 512, 512, False, False, 'simple', 'euler', 25, False, True, 0.5, 10, 8, True, False, 'None', 1.0, 'canny', '', -1)": 1} chosen_sig=('None', False, 512, 512, False, False, 'simple', 'euler', 25, False, True, 0.5, 10, 8, True, False, 'None', 1.0, 'canny', '', -1) group_size=1 oldest_arrival=1770821803.737
2026-02-11 15:56:43 | DEBUG | lightdiffusion.server | rid=- | Processing singleton group for signature ('None', False, 512, 512, False, False, 'simple', 'euler', 25, False, True, 0.5, 10, 8, True, False, 'None', 1.0, 'canny', '', -1) immediately (age=0.001s). LD_BATCH_WAIT_SINGLETONS=False
2026-02-11 15:56:43 | DEBUG | lightdiffusion.server | rid=- | Processing group chosen_sig=('None', False, 512, 512, False, False, 'simple', 'euler', 25, False, True, 0.5, 10, 8, True, False, 'None', 1.0, 'canny', '', -1) items=1 request_ids=['b03726f7']
2026-02-11 15:56:43 | INFO | lightdiffusion.server | rid=- | Broadcasting preview step 0/25
2026-02-11 15:56:45 | ERROR | lightdiffusion.server | rid=- | Batch processing failed: No such file or directory: ./include/checkpoints/DreamShaper_8_pruned.safetensors
Traceback (most recent call last):
  File "C:\Users\Admin\Documents\LightDiffusion-Next\server.py", line 416, in _worker
    await self._process_group(to_process)
  File "C:\Users\Admin\Documents\LightDiffusion-Next\server.py", line 555, in _process_group
    result = await loop.run_in_executor(None, func)
             ^^^^^^^^^^^^^^^^^^^^^^^^^^^^^^^^^^^^^^
  File "C:\Users\Admin\AppData\Roaming\uv\python\cpython-3.12.12-windows-x86_64-none\Lib\concurrent\futures\thread.py", line 59, in run
    result = self.fn(*self.args, **self.kwargs)
             ^^^^^^^^^^^^^^^^^^^^^^^^^^^^^^^^^^
  File "C:\Users\Admin\Documents\LightDiffusion-Next\src\user\pipeline.py", line 277, in pipeline
    return pipeline_instance.run_batched(ctx, per_sample_info)
           ^^^^^^^^^^^^^^^^^^^^^^^^^^^^^^^^^^^^^^^^^^^^^^^^^^^
  File "C:\Users\Admin\Documents\LightDiffusion-Next\src\Core\Pipeline.py", line 561, in run_batched
    model = self._load_model(ctx)
            ^^^^^^^^^^^^^^^^^^^^^
  File "C:\Users\Admin\Documents\LightDiffusion-Next\src\Core\Pipeline.py", line 915, in _load_model
    model.load()
  File "C:\Users\Admin\Documents\LightDiffusion-Next\src\Core\Models\SD15Model.py", line 79, in load
    result = loader.load_checkpoint(ckpt_name=path)
             ^^^^^^^^^^^^^^^^^^^^^^^^^^^^^^^^^^^^^^
  File "C:\Users\Admin\Documents\LightDiffusion-Next\src\FileManaging\Loader.py", line 161, in load_checkpoint
    out = load_checkpoint_guess_config(
          ^^^^^^^^^^^^^^^^^^^^^^^^^^^^^
  File "C:\Users\Admin\Documents\LightDiffusion-Next\src\FileManaging\Loader.py", line 32, in load_checkpoint_guess_config
    sd = util.load_torch_file(ckpt_path)
         ^^^^^^^^^^^^^^^^^^^^^^^^^^^^^^^
  File "C:\Users\Admin\Documents\LightDiffusion-Next\src\Utilities\util.py", line 125, in load_torch_file
    sd = safetensors.torch.load_file(ckpt, device=device.type)
         ^^^^^^^^^^^^^^^^^^^^^^^^^^^^^^^^^^^^^^^^^^^^^^^^^^^^^
  File "C:\Users\Admin\Documents\LightDiffusion-Next\.venv\Lib\site-packages\safetensors\torch.py", line 336, in load_file
    with safe_open(filename, framework="pt", device=device) as f:
         ^^^^^^^^^^^^^^^^^^^^^^^^^^^^^^^^^^^^^^^^^^^^^^^^^^
FileNotFoundError: No such file or directory: ./include/checkpoints/DreamShaper_8_pruned.safetensors
2026-02-11 16:03:17 | DEBUG | lightdiffusion.server | rid=- | server module loaded; cwd=C:\Users\Admin\Documents\LightDiffusion-Next
2026-02-11 16:03:17 | INFO | lightdiffusion.server | rid=- | Pipeline and app_instance imported successfully
2026-02-11 16:03:17 | INFO | lightdiffusion.server | rid=- | Serving frontend from C:\Users\Admin\Documents\LightDiffusion-Next\frontend\dist
2026-02-11 16:03:17 | DEBUG | lightdiffusion.server | rid=- | server module loaded; cwd=C:\Users\Admin\Documents\LightDiffusion-Next
2026-02-11 16:03:17 | INFO | lightdiffusion.server | rid=- | Pipeline and app_instance imported successfully
2026-02-11 16:03:17 | INFO | lightdiffusion.server | rid=- | Serving frontend from C:\Users\Admin\Documents\LightDiffusion-Next\frontend\dist
2026-02-11 16:03:17 | INFO | lightdiffusion.server | rid=- | GenerationBuffer worker task started
2026-02-11 16:03:17 | INFO | lightdiffusion.server | rid=- | Server startup complete, event loop captured for preview broadcasting
2026-02-11 16:03:17 | INFO | lightdiffusion.server | rid=- | Batching worker started; max_batch=4 timeout=0.5
2026-02-11 16:03:57 | INFO | lightdiffusion.server | rid=2dbc5b92 | /api/generate called
2026-02-11 16:03:57 | DEBUG | lightdiffusion.server | rid=2dbc5b92 | Request: w=512 h=512 num_images=1 batch=1 scheduler=simple sampler=euler steps=25 hiresfix=False adetailer=False enhance=False img2img=False stable_fast=False reuse_seed=True realistic=False multiscale=False intermittent=True factor=0.5 fullres=[10,8] keep_models_loaded=True enable_preview=False prompt='An astronaut riding a horse on mars, detailed, 8k' neg='blurry, low quality, distorted' img2img_image_present=False
2026-02-11 16:03:57 | DEBUG | lightdiffusion.server | rid=- | Batch worker: pending groups={"('./include/checkpoints/juggernautXL_ragnarokBy.safetensors', False, 512, 512, False, False, 'simple', 'euler', 25, False, True, 0.5, 10, 8, True, False, 'None', 1.0, 'canny', 'None', -1)": 1} chosen_sig=('./include/checkpoints/juggernautXL_ragnarokBy.safetensors', False, 512, 512, False, False, 'simple', 'euler', 25, False, True, 0.5, 10, 8, True, False, 'None', 1.0, 'canny', 'None', -1) group_size=1 oldest_arrival=1770822237.085
2026-02-11 16:03:57 | DEBUG | lightdiffusion.server | rid=- | Processing singleton group for signature ('./include/checkpoints/juggernautXL_ragnarokBy.safetensors', False, 512, 512, False, False, 'simple', 'euler', 25, False, True, 0.5, 10, 8, True, False, 'None', 1.0, 'canny', 'None', -1) immediately (age=0.000s). LD_BATCH_WAIT_SINGLETONS=False
2026-02-11 16:03:57 | DEBUG | lightdiffusion.server | rid=- | Processing group chosen_sig=('./include/checkpoints/juggernautXL_ragnarokBy.safetensors', False, 512, 512, False, False, 'simple', 'euler', 25, False, True, 0.5, 10, 8, True, False, 'None', 1.0, 'canny', 'None', -1) items=1 request_ids=['2dbc5b92']
2026-02-11 16:03:57 | DEBUG | lightdiffusion.server | rid=- | No preview clients connected, skipping broadcast
2026-02-11 16:04:03 | DEBUG | lightdiffusion.server | rid=- | No preview clients connected, skipping broadcast
2026-02-11 16:04:06 | DEBUG | lightdiffusion.server | rid=- | No preview clients connected, skipping broadcast
2026-02-11 16:04:09 | DEBUG | lightdiffusion.server | rid=- | No preview clients connected, skipping broadcast
2026-02-11 16:04:25 | INFO | lightdiffusion.server | rid=ca5f135a | /api/generate called
2026-02-11 16:04:25 | DEBUG | lightdiffusion.server | rid=ca5f135a | Request: w=512 h=512 num_images=1 batch=1 scheduler=simple sampler=euler steps=25 hiresfix=False adetailer=True enhance=False img2img=False stable_fast=False reuse_seed=True realistic=False multiscale=False intermittent=True factor=0.5 fullres=[10,8] keep_models_loaded=True enable_preview=False prompt='An astronaut riding a horse on mars, detailed, 8k' neg='blurry, low quality, distorted' img2img_image_present=False
2026-02-11 16:04:25 | DEBUG | lightdiffusion.server | rid=- | Batch worker: pending groups={"('./include/checkpoints/juggernautXL_ragnarokBy.safetensors', False, 512, 512, False, False, 'simple', 'euler', 25, False, True, 0.5, 10, 8, True, False, 'None', 1.0, 'canny', 'None', -1)": 1} chosen_sig=('./include/checkpoints/juggernautXL_ragnarokBy.safetensors', False, 512, 512, False, False, 'simple', 'euler', 25, False, True, 0.5, 10, 8, True, False, 'None', 1.0, 'canny', 'None', -1) group_size=1 oldest_arrival=1770822265.278
2026-02-11 16:04:25 | DEBUG | lightdiffusion.server | rid=- | Processing singleton group for signature ('./include/checkpoints/juggernautXL_ragnarokBy.safetensors', False, 512, 512, False, False, 'simple', 'euler', 25, False, True, 0.5, 10, 8, True, False, 'None', 1.0, 'canny', 'None', -1) immediately (age=0.000s). LD_BATCH_WAIT_SINGLETONS=False
2026-02-11 16:04:25 | DEBUG | lightdiffusion.server | rid=- | Processing group chosen_sig=('./include/checkpoints/juggernautXL_ragnarokBy.safetensors', False, 512, 512, False, False, 'simple', 'euler', 25, False, True, 0.5, 10, 8, True, False, 'None', 1.0, 'canny', 'None', -1) items=1 request_ids=['ca5f135a']
2026-02-11 16:04:25 | DEBUG | lightdiffusion.server | rid=- | No preview clients connected, skipping broadcast
2026-02-11 16:04:27 | DEBUG | lightdiffusion.server | rid=- | No preview clients connected, skipping broadcast
2026-02-11 16:04:30 | DEBUG | lightdiffusion.server | rid=- | No preview clients connected, skipping broadcast
2026-02-11 16:04:33 | DEBUG | lightdiffusion.server | rid=- | No preview clients connected, skipping broadcast
2026-02-11 16:04:43 | DEBUG | lightdiffusion.server | rid=- | No preview clients connected, skipping broadcast
2026-02-11 16:04:47 | DEBUG | lightdiffusion.server | rid=- | No preview clients connected, skipping broadcast
2026-02-11 16:06:53 | DEBUG | lightdiffusion.server | rid=- | server module loaded; cwd=C:\Users\Admin\Documents\LightDiffusion-Next
2026-02-11 16:06:53 | INFO | lightdiffusion.server | rid=- | Pipeline and app_instance imported successfully
2026-02-11 16:06:53 | INFO | lightdiffusion.server | rid=- | Serving frontend from C:\Users\Admin\Documents\LightDiffusion-Next\frontend\dist
2026-02-11 16:06:53 | DEBUG | lightdiffusion.server | rid=- | server module loaded; cwd=C:\Users\Admin\Documents\LightDiffusion-Next
2026-02-11 16:06:53 | INFO | lightdiffusion.server | rid=- | Pipeline and app_instance imported successfully
2026-02-11 16:06:53 | INFO | lightdiffusion.server | rid=- | Serving frontend from C:\Users\Admin\Documents\LightDiffusion-Next\frontend\dist
2026-02-11 16:06:53 | INFO | lightdiffusion.server | rid=- | GenerationBuffer worker task started
2026-02-11 16:06:53 | INFO | lightdiffusion.server | rid=- | Server startup complete, event loop captured for preview broadcasting
2026-02-11 16:06:53 | INFO | lightdiffusion.server | rid=- | Batching worker started; max_batch=4 timeout=0.5
2026-02-11 16:07:55 | INFO | lightdiffusion.server | rid=0c5c5d47 | /api/generate called
2026-02-11 16:07:55 | DEBUG | lightdiffusion.server | rid=0c5c5d47 | Request: w=512 h=512 num_images=1 batch=1 scheduler=simple sampler=euler steps=25 hiresfix=False adetailer=False enhance=False img2img=False stable_fast=False reuse_seed=True realistic=False multiscale=False intermittent=True factor=0.5 fullres=[10,8] keep_models_loaded=True enable_preview=False prompt='An astronaut riding a horse on mars, detailed, 8k' neg='blurry, low quality, distorted' img2img_image_present=False
2026-02-11 16:07:55 | DEBUG | lightdiffusion.server | rid=- | Batch worker: pending groups={"('juggernautXL_ragnarokBy.safetensors', False, 512, 512, False, False, 'simple', 'euler', 25, False, True, 0.5, 10, 8, True, False, 'None', 1.0, 'canny', 'None', -1)": 1} chosen_sig=('juggernautXL_ragnarokBy.safetensors', False, 512, 512, False, False, 'simple', 'euler', 25, False, True, 0.5, 10, 8, True, False, 'None', 1.0, 'canny', 'None', -1) group_size=1 oldest_arrival=1770822475.620
2026-02-11 16:07:55 | DEBUG | lightdiffusion.server | rid=- | Processing singleton group for signature ('juggernautXL_ragnarokBy.safetensors', False, 512, 512, False, False, 'simple', 'euler', 25, False, True, 0.5, 10, 8, True, False, 'None', 1.0, 'canny', 'None', -1) immediately (age=0.000s). LD_BATCH_WAIT_SINGLETONS=False
2026-02-11 16:07:55 | DEBUG | lightdiffusion.server | rid=- | Processing group chosen_sig=('juggernautXL_ragnarokBy.safetensors', False, 512, 512, False, False, 'simple', 'euler', 25, False, True, 0.5, 10, 8, True, False, 'None', 1.0, 'canny', 'None', -1) items=1 request_ids=['0c5c5d47']
2026-02-11 16:07:55 | DEBUG | lightdiffusion.server | rid=- | No preview clients connected, skipping broadcast
2026-02-11 16:07:56 | ERROR | lightdiffusion.server | rid=- | Batch processing failed: No such file or directory: juggernautXL_ragnarokBy.safetensors
Traceback (most recent call last):
  File "C:\Users\Admin\Documents\LightDiffusion-Next\server.py", line 416, in _worker
    await self._process_group(to_process)
  File "C:\Users\Admin\Documents\LightDiffusion-Next\server.py", line 555, in _process_group
    result = await loop.run_in_executor(None, func)
             ^^^^^^^^^^^^^^^^^^^^^^^^^^^^^^^^^^^^^^
  File "C:\Users\Admin\AppData\Roaming\uv\python\cpython-3.12.12-windows-x86_64-none\Lib\concurrent\futures\thread.py", line 59, in run
    result = self.fn(*self.args, **self.kwargs)
             ^^^^^^^^^^^^^^^^^^^^^^^^^^^^^^^^^^
  File "C:\Users\Admin\Documents\LightDiffusion-Next\src\user\pipeline.py", line 277, in pipeline
    return pipeline_instance.run_batched(ctx, per_sample_info)
           ^^^^^^^^^^^^^^^^^^^^^^^^^^^^^^^^^^^^^^^^^^^^^^^^^^^
  File "C:\Users\Admin\Documents\LightDiffusion-Next\src\Core\Pipeline.py", line 561, in run_batched
    model = self._load_model(ctx)
            ^^^^^^^^^^^^^^^^^^^^^
  File "C:\Users\Admin\Documents\LightDiffusion-Next\src\Core\Pipeline.py", line 915, in _load_model
    model.load()
  File "C:\Users\Admin\Documents\LightDiffusion-Next\src\Core\Models\SDXLModel.py", line 82, in load
    result = loader.load_checkpoint(ckpt_name=path)
             ^^^^^^^^^^^^^^^^^^^^^^^^^^^^^^^^^^^^^^
  File "C:\Users\Admin\Documents\LightDiffusion-Next\src\FileManaging\Loader.py", line 161, in load_checkpoint
    out = load_checkpoint_guess_config(
          ^^^^^^^^^^^^^^^^^^^^^^^^^^^^^
  File "C:\Users\Admin\Documents\LightDiffusion-Next\src\FileManaging\Loader.py", line 32, in load_checkpoint_guess_config
    sd = util.load_torch_file(ckpt_path)
         ^^^^^^^^^^^^^^^^^^^^^^^^^^^^^^^
  File "C:\Users\Admin\Documents\LightDiffusion-Next\src\Utilities\util.py", line 125, in load_torch_file
    sd = safetensors.torch.load_file(ckpt, device=device.type)
         ^^^^^^^^^^^^^^^^^^^^^^^^^^^^^^^^^^^^^^^^^^^^^^^^^^^^^
  File "C:\Users\Admin\Documents\LightDiffusion-Next\.venv\Lib\site-packages\safetensors\torch.py", line 336, in load_file
    with safe_open(filename, framework="pt", device=device) as f:
         ^^^^^^^^^^^^^^^^^^^^^^^^^^^^^^^^^^^^^^^^^^^^^^^^^^
FileNotFoundError: No such file or directory: juggernautXL_ragnarokBy.safetensors
2026-02-11 16:13:25 | INFO | lightdiffusion.server | rid=cd93211e | /api/generate called
2026-02-11 16:13:25 | DEBUG | lightdiffusion.server | rid=cd93211e | Request: w=512 h=512 num_images=1 batch=1 scheduler=simple sampler=euler steps=25 hiresfix=False adetailer=False enhance=False img2img=False stable_fast=False reuse_seed=True realistic=False multiscale=False intermittent=True factor=0.5 fullres=[10,8] keep_models_loaded=True enable_preview=False prompt='An astronaut riding a horse on mars, detailed, 8k' neg='blurry, low quality, distorted' img2img_image_present=False
2026-02-11 16:13:25 | DEBUG | lightdiffusion.server | rid=- | Batch worker: pending groups={"('juggernautXL_ragnarokBy.safetensors', False, 512, 512, False, False, 'simple', 'euler', 25, False, True, 0.5, 10, 8, True, False, 'None', 1.0, 'canny', 'None', -1)": 1} chosen_sig=('juggernautXL_ragnarokBy.safetensors', False, 512, 512, False, False, 'simple', 'euler', 25, False, True, 0.5, 10, 8, True, False, 'None', 1.0, 'canny', 'None', -1) group_size=1 oldest_arrival=1770822805.594
2026-02-11 16:13:25 | DEBUG | lightdiffusion.server | rid=- | Processing singleton group for signature ('juggernautXL_ragnarokBy.safetensors', False, 512, 512, False, False, 'simple', 'euler', 25, False, True, 0.5, 10, 8, True, False, 'None', 1.0, 'canny', 'None', -1) immediately (age=0.000s). LD_BATCH_WAIT_SINGLETONS=False
2026-02-11 16:13:25 | DEBUG | lightdiffusion.server | rid=- | Processing group chosen_sig=('juggernautXL_ragnarokBy.safetensors', False, 512, 512, False, False, 'simple', 'euler', 25, False, True, 0.5, 10, 8, True, False, 'None', 1.0, 'canny', 'None', -1) items=1 request_ids=['cd93211e']
2026-02-11 16:13:25 | DEBUG | lightdiffusion.server | rid=- | No preview clients connected, skipping broadcast
2026-02-11 16:13:25 | ERROR | lightdiffusion.server | rid=- | Batch processing failed: No such file or directory: juggernautXL_ragnarokBy.safetensors
Traceback (most recent call last):
  File "C:\Users\Admin\Documents\LightDiffusion-Next\server.py", line 416, in _worker
    await self._process_group(to_process)
  File "C:\Users\Admin\Documents\LightDiffusion-Next\server.py", line 555, in _process_group
    result = await loop.run_in_executor(None, func)
             ^^^^^^^^^^^^^^^^^^^^^^^^^^^^^^^^^^^^^^
  File "C:\Users\Admin\AppData\Roaming\uv\python\cpython-3.12.12-windows-x86_64-none\Lib\concurrent\futures\thread.py", line 59, in run
    result = self.fn(*self.args, **self.kwargs)
             ^^^^^^^^^^^^^^^^^^^^^^^^^^^^^^^^^^
  File "C:\Users\Admin\Documents\LightDiffusion-Next\src\user\pipeline.py", line 277, in pipeline
    return pipeline_instance.run_batched(ctx, per_sample_info)
           ^^^^^^^^^^^^^^^^^^^^^^^^^^^^^^^^^^^^^^^^^^^^^^^^^^^
  File "C:\Users\Admin\Documents\LightDiffusion-Next\src\Core\Pipeline.py", line 561, in run_batched
    model = self._load_model(ctx)
            ^^^^^^^^^^^^^^^^^^^^^
  File "C:\Users\Admin\Documents\LightDiffusion-Next\src\Core\Pipeline.py", line 915, in _load_model
    model.load()
  File "C:\Users\Admin\Documents\LightDiffusion-Next\src\Core\Models\SDXLModel.py", line 82, in load
    result = loader.load_checkpoint(ckpt_name=path)
             ^^^^^^^^^^^^^^^^^^^^^^^^^^^^^^^^^^^^^^
  File "C:\Users\Admin\Documents\LightDiffusion-Next\src\FileManaging\Loader.py", line 161, in load_checkpoint
    out = load_checkpoint_guess_config(
          ^^^^^^^^^^^^^^^^^^^^^^^^^^^^^
  File "C:\Users\Admin\Documents\LightDiffusion-Next\src\FileManaging\Loader.py", line 32, in load_checkpoint_guess_config
    sd = util.load_torch_file(ckpt_path)
         ^^^^^^^^^^^^^^^^^^^^^^^^^^^^^^^
  File "C:\Users\Admin\Documents\LightDiffusion-Next\src\Utilities\util.py", line 125, in load_torch_file
    sd = safetensors.torch.load_file(ckpt, device=device.type)
         ^^^^^^^^^^^^^^^^^^^^^^^^^^^^^^^^^^^^^^^^^^^^^^^^^^^^^
  File "C:\Users\Admin\Documents\LightDiffusion-Next\.venv\Lib\site-packages\safetensors\torch.py", line 336, in load_file
    with safe_open(filename, framework="pt", device=device) as f:
         ^^^^^^^^^^^^^^^^^^^^^^^^^^^^^^^^^^^^^^^^^^^^^^^^^^
FileNotFoundError: No such file or directory: juggernautXL_ragnarokBy.safetensors
2026-02-11 16:23:42 | INFO | lightdiffusion.server | rid=fc08ae4e | /api/generate called
2026-02-11 16:23:42 | DEBUG | lightdiffusion.server | rid=fc08ae4e | Request: w=512 h=512 num_images=1 batch=1 scheduler=simple sampler=euler steps=25 hiresfix=False adetailer=False enhance=False img2img=False stable_fast=False reuse_seed=True realistic=False multiscale=False intermittent=True factor=0.5 fullres=[10,8] keep_models_loaded=True enable_preview=False prompt='An astronaut riding a horse on mars, detailed, 8k' neg='blurry, low quality, distorted' img2img_image_present=False
2026-02-11 16:23:42 | DEBUG | lightdiffusion.server | rid=- | Batch worker: pending groups={"('juggernautXL_ragnarokBy.safetensors', False, 512, 512, False, False, 'simple', 'euler', 25, False, True, 0.5, 10, 8, True, False, 'None', 1.0, 'canny', 'None', -1)": 1} chosen_sig=('juggernautXL_ragnarokBy.safetensors', False, 512, 512, False, False, 'simple', 'euler', 25, False, True, 0.5, 10, 8, True, False, 'None', 1.0, 'canny', 'None', -1) group_size=1 oldest_arrival=1770823422.238
2026-02-11 16:23:42 | DEBUG | lightdiffusion.server | rid=- | Processing singleton group for signature ('juggernautXL_ragnarokBy.safetensors', False, 512, 512, False, False, 'simple', 'euler', 25, False, True, 0.5, 10, 8, True, False, 'None', 1.0, 'canny', 'None', -1) immediately (age=0.001s). LD_BATCH_WAIT_SINGLETONS=False
2026-02-11 16:23:42 | DEBUG | lightdiffusion.server | rid=- | Processing group chosen_sig=('juggernautXL_ragnarokBy.safetensors', False, 512, 512, False, False, 'simple', 'euler', 25, False, True, 0.5, 10, 8, True, False, 'None', 1.0, 'canny', 'None', -1) items=1 request_ids=['fc08ae4e']
2026-02-11 16:23:42 | DEBUG | lightdiffusion.server | rid=- | No preview clients connected, skipping broadcast
2026-02-11 16:23:42 | ERROR | lightdiffusion.server | rid=- | Batch processing failed: No such file or directory: juggernautXL_ragnarokBy.safetensors
Traceback (most recent call last):
  File "C:\Users\Admin\Documents\LightDiffusion-Next\server.py", line 416, in _worker
    await self._process_group(to_process)
  File "C:\Users\Admin\Documents\LightDiffusion-Next\server.py", line 555, in _process_group
    result = await loop.run_in_executor(None, func)
             ^^^^^^^^^^^^^^^^^^^^^^^^^^^^^^^^^^^^^^
  File "C:\Users\Admin\AppData\Roaming\uv\python\cpython-3.12.12-windows-x86_64-none\Lib\concurrent\futures\thread.py", line 59, in run
    result = self.fn(*self.args, **self.kwargs)
             ^^^^^^^^^^^^^^^^^^^^^^^^^^^^^^^^^^
  File "C:\Users\Admin\Documents\LightDiffusion-Next\src\user\pipeline.py", line 277, in pipeline
    return pipeline_instance.run_batched(ctx, per_sample_info)
           ^^^^^^^^^^^^^^^^^^^^^^^^^^^^^^^^^^^^^^^^^^^^^^^^^^^
  File "C:\Users\Admin\Documents\LightDiffusion-Next\src\Core\Pipeline.py", line 561, in run_batched
    model = self._load_model(ctx)
            ^^^^^^^^^^^^^^^^^^^^^
  File "C:\Users\Admin\Documents\LightDiffusion-Next\src\Core\Pipeline.py", line 915, in _load_model
    model.load()
  File "C:\Users\Admin\Documents\LightDiffusion-Next\src\Core\Models\SDXLModel.py", line 82, in load
    result = loader.load_checkpoint(ckpt_name=path)
             ^^^^^^^^^^^^^^^^^^^^^^^^^^^^^^^^^^^^^^
  File "C:\Users\Admin\Documents\LightDiffusion-Next\src\FileManaging\Loader.py", line 161, in load_checkpoint
    out = load_checkpoint_guess_config(
          ^^^^^^^^^^^^^^^^^^^^^^^^^^^^^
  File "C:\Users\Admin\Documents\LightDiffusion-Next\src\FileManaging\Loader.py", line 32, in load_checkpoint_guess_config
    sd = util.load_torch_file(ckpt_path)
         ^^^^^^^^^^^^^^^^^^^^^^^^^^^^^^^
  File "C:\Users\Admin\Documents\LightDiffusion-Next\src\Utilities\util.py", line 125, in load_torch_file
    sd = safetensors.torch.load_file(ckpt, device=device.type)
         ^^^^^^^^^^^^^^^^^^^^^^^^^^^^^^^^^^^^^^^^^^^^^^^^^^^^^
  File "C:\Users\Admin\Documents\LightDiffusion-Next\.venv\Lib\site-packages\safetensors\torch.py", line 336, in load_file
    with safe_open(filename, framework="pt", device=device) as f:
         ^^^^^^^^^^^^^^^^^^^^^^^^^^^^^^^^^^^^^^^^^^^^^^^^^^
FileNotFoundError: No such file or directory: juggernautXL_ragnarokBy.safetensors
2026-02-11 16:34:02 | INFO | lightdiffusion.server | rid=7b494cd9 | /api/generate called
2026-02-11 16:34:02 | DEBUG | lightdiffusion.server | rid=7b494cd9 | Request: w=128 h=128 num_images=1 batch=1 scheduler=ays sampler=dpmpp_sde_cfgpp steps=1 hiresfix=False adetailer=False enhance=False img2img=False stable_fast=False reuse_seed=False realistic=False multiscale=False intermittent=True factor=0.5 fullres=[10,8] keep_models_loaded=True enable_preview=False prompt='test' neg='' img2img_image_present=False
2026-02-11 16:34:02 | DEBUG | lightdiffusion.server | rid=- | Batch worker: pending groups={"('juggernautXL_ragnarokBy.safetensors', False, 128, 128, False, False, 'ays', 'dpmpp_sde_cfgpp', 1, False, True, 0.5, 10, 8, True, False, 'None', 1.0, 'canny', 'None', -1)": 1} chosen_sig=('juggernautXL_ragnarokBy.safetensors', False, 128, 128, False, False, 'ays', 'dpmpp_sde_cfgpp', 1, False, True, 0.5, 10, 8, True, False, 'None', 1.0, 'canny', 'None', -1) group_size=1 oldest_arrival=1770824042.121
2026-02-11 16:34:02 | DEBUG | lightdiffusion.server | rid=- | Processing singleton group for signature ('juggernautXL_ragnarokBy.safetensors', False, 128, 128, False, False, 'ays', 'dpmpp_sde_cfgpp', 1, False, True, 0.5, 10, 8, True, False, 'None', 1.0, 'canny', 'None', -1) immediately (age=0.000s). LD_BATCH_WAIT_SINGLETONS=False
2026-02-11 16:34:02 | DEBUG | lightdiffusion.server | rid=- | Processing group chosen_sig=('juggernautXL_ragnarokBy.safetensors', False, 128, 128, False, False, 'ays', 'dpmpp_sde_cfgpp', 1, False, True, 0.5, 10, 8, True, False, 'None', 1.0, 'canny', 'None', -1) items=1 request_ids=['7b494cd9']
2026-02-11 16:34:02 | DEBUG | lightdiffusion.server | rid=- | No preview clients connected, skipping broadcast
2026-02-11 16:34:02 | ERROR | lightdiffusion.server | rid=- | Batch processing failed: No such file or directory: juggernautXL_ragnarokBy.safetensors
Traceback (most recent call last):
  File "C:\Users\Admin\Documents\LightDiffusion-Next\server.py", line 416, in _worker
    await self._process_group(to_process)
  File "C:\Users\Admin\Documents\LightDiffusion-Next\server.py", line 555, in _process_group
    result = await loop.run_in_executor(None, func)
             ^^^^^^^^^^^^^^^^^^^^^^^^^^^^^^^^^^^^^^
  File "C:\Users\Admin\AppData\Roaming\uv\python\cpython-3.12.12-windows-x86_64-none\Lib\concurrent\futures\thread.py", line 59, in run
    result = self.fn(*self.args, **self.kwargs)
             ^^^^^^^^^^^^^^^^^^^^^^^^^^^^^^^^^^
  File "C:\Users\Admin\Documents\LightDiffusion-Next\src\user\pipeline.py", line 277, in pipeline
    return pipeline_instance.run_batched(ctx, per_sample_info)
           ^^^^^^^^^^^^^^^^^^^^^^^^^^^^^^^^^^^^^^^^^^^^^^^^^^^
  File "C:\Users\Admin\Documents\LightDiffusion-Next\src\Core\Pipeline.py", line 561, in run_batched
    model = self._load_model(ctx)
            ^^^^^^^^^^^^^^^^^^^^^
  File "C:\Users\Admin\Documents\LightDiffusion-Next\src\Core\Pipeline.py", line 915, in _load_model
    model.load()
  File "C:\Users\Admin\Documents\LightDiffusion-Next\src\Core\Models\SDXLModel.py", line 82, in load
    result = loader.load_checkpoint(ckpt_name=path)
             ^^^^^^^^^^^^^^^^^^^^^^^^^^^^^^^^^^^^^^
  File "C:\Users\Admin\Documents\LightDiffusion-Next\src\FileManaging\Loader.py", line 161, in load_checkpoint
    out = load_checkpoint_guess_config(
          ^^^^^^^^^^^^^^^^^^^^^^^^^^^^^
  File "C:\Users\Admin\Documents\LightDiffusion-Next\src\FileManaging\Loader.py", line 32, in load_checkpoint_guess_config
    sd = util.load_torch_file(ckpt_path)
         ^^^^^^^^^^^^^^^^^^^^^^^^^^^^^^^
  File "C:\Users\Admin\Documents\LightDiffusion-Next\src\Utilities\util.py", line 125, in load_torch_file
    sd = safetensors.torch.load_file(ckpt, device=device.type)
         ^^^^^^^^^^^^^^^^^^^^^^^^^^^^^^^^^^^^^^^^^^^^^^^^^^^^^
  File "C:\Users\Admin\Documents\LightDiffusion-Next\.venv\Lib\site-packages\safetensors\torch.py", line 336, in load_file
    with safe_open(filename, framework="pt", device=device) as f:
         ^^^^^^^^^^^^^^^^^^^^^^^^^^^^^^^^^^^^^^^^^^^^^^^^^^
FileNotFoundError: No such file or directory: juggernautXL_ragnarokBy.safetensors
2026-02-11 16:49:36 | DEBUG | lightdiffusion.server | rid=- | server module loaded; cwd=C:\Users\Admin\Documents\LightDiffusion-Next
2026-02-11 16:49:36 | INFO | lightdiffusion.server | rid=- | Pipeline and app_instance imported successfully
2026-02-11 16:49:36 | INFO | lightdiffusion.server | rid=- | Serving frontend from C:\Users\Admin\Documents\LightDiffusion-Next\frontend\dist
2026-02-11 16:49:36 | DEBUG | lightdiffusion.server | rid=- | server module loaded; cwd=C:\Users\Admin\Documents\LightDiffusion-Next
2026-02-11 16:49:36 | INFO | lightdiffusion.server | rid=- | Pipeline and app_instance imported successfully
2026-02-11 16:49:36 | INFO | lightdiffusion.server | rid=- | Serving frontend from C:\Users\Admin\Documents\LightDiffusion-Next\frontend\dist
2026-02-11 16:49:36 | INFO | lightdiffusion.server | rid=- | GenerationBuffer worker task started
2026-02-11 16:49:36 | INFO | lightdiffusion.server | rid=- | Server startup complete, event loop captured for preview broadcasting
2026-02-11 16:49:36 | INFO | lightdiffusion.server | rid=- | Batching worker started; max_batch=4 timeout=0.5
2026-02-11 16:50:05 | INFO | lightdiffusion.server | rid=cac2f116 | /api/generate called
2026-02-11 16:50:05 | DEBUG | lightdiffusion.server | rid=cac2f116 | Request: w=512 h=512 num_images=1 batch=1 scheduler=simple sampler=euler steps=25 hiresfix=False adetailer=False enhance=False img2img=False stable_fast=False reuse_seed=True realistic=False multiscale=False intermittent=True factor=0.5 fullres=[10,8] keep_models_loaded=True enable_preview=False prompt='An astronaut riding a horse on mars, detailed, 8k' neg='blurry, low quality, distorted' img2img_image_present=False
2026-02-11 16:50:05 | DEBUG | lightdiffusion.server | rid=- | Batch worker: pending groups={"('juggernautXL_ragnarokBy.safetensors', False, 512, 512, False, False, 'simple', 'euler', 25, False, True, 0.5, 10, 8, True, False, 'None', 1.0, 'canny', 'None', -1)": 1} chosen_sig=('juggernautXL_ragnarokBy.safetensors', False, 512, 512, False, False, 'simple', 'euler', 25, False, True, 0.5, 10, 8, True, False, 'None', 1.0, 'canny', 'None', -1) group_size=1 oldest_arrival=1770825005.652
2026-02-11 16:50:05 | DEBUG | lightdiffusion.server | rid=- | Processing singleton group for signature ('juggernautXL_ragnarokBy.safetensors', False, 512, 512, False, False, 'simple', 'euler', 25, False, True, 0.5, 10, 8, True, False, 'None', 1.0, 'canny', 'None', -1) immediately (age=0.000s). LD_BATCH_WAIT_SINGLETONS=False
2026-02-11 16:50:05 | DEBUG | lightdiffusion.server | rid=- | Processing group chosen_sig=('juggernautXL_ragnarokBy.safetensors', False, 512, 512, False, False, 'simple', 'euler', 25, False, True, 0.5, 10, 8, True, False, 'None', 1.0, 'canny', 'None', -1) items=1 request_ids=['cac2f116']
2026-02-11 16:50:05 | DEBUG | lightdiffusion.server | rid=- | No preview clients connected, skipping broadcast
2026-02-11 16:50:06 | ERROR | lightdiffusion.server | rid=- | Batch processing failed: No such file or directory: juggernautXL_ragnarokBy.safetensors
Traceback (most recent call last):
  File "C:\Users\Admin\Documents\LightDiffusion-Next\server.py", line 416, in _worker
    await self._process_group(to_process)
  File "C:\Users\Admin\Documents\LightDiffusion-Next\server.py", line 555, in _process_group
    result = await loop.run_in_executor(None, func)
             ^^^^^^^^^^^^^^^^^^^^^^^^^^^^^^^^^^^^^^
  File "C:\Users\Admin\AppData\Roaming\uv\python\cpython-3.12.12-windows-x86_64-none\Lib\concurrent\futures\thread.py", line 59, in run
    result = self.fn(*self.args, **self.kwargs)
             ^^^^^^^^^^^^^^^^^^^^^^^^^^^^^^^^^^
  File "C:\Users\Admin\Documents\LightDiffusion-Next\src\user\pipeline.py", line 277, in pipeline
    return pipeline_instance.run_batched(ctx, per_sample_info)
           ^^^^^^^^^^^^^^^^^^^^^^^^^^^^^^^^^^^^^^^^^^^^^^^^^^^
  File "C:\Users\Admin\Documents\LightDiffusion-Next\src\Core\Pipeline.py", line 561, in run_batched
    model = self._load_model(ctx)
            ^^^^^^^^^^^^^^^^^^^^^
  File "C:\Users\Admin\Documents\LightDiffusion-Next\src\Core\Pipeline.py", line 915, in _load_model
    model.load()
  File "C:\Users\Admin\Documents\LightDiffusion-Next\src\Core\Models\SDXLModel.py", line 82, in load
    result = loader.load_checkpoint(ckpt_name=path)
             ^^^^^^^^^^^^^^^^^^^^^^^^^^^^^^^^^^^^^^
  File "C:\Users\Admin\Documents\LightDiffusion-Next\src\FileManaging\Loader.py", line 161, in load_checkpoint
    out = load_checkpoint_guess_config(
          ^^^^^^^^^^^^^^^^^^^^^^^^^^^^^
  File "C:\Users\Admin\Documents\LightDiffusion-Next\src\FileManaging\Loader.py", line 32, in load_checkpoint_guess_config
    sd = util.load_torch_file(ckpt_path)
         ^^^^^^^^^^^^^^^^^^^^^^^^^^^^^^^
  File "C:\Users\Admin\Documents\LightDiffusion-Next\src\Utilities\util.py", line 125, in load_torch_file
    sd = safetensors.torch.load_file(ckpt, device=device.type)
         ^^^^^^^^^^^^^^^^^^^^^^^^^^^^^^^^^^^^^^^^^^^^^^^^^^^^^
  File "C:\Users\Admin\Documents\LightDiffusion-Next\.venv\Lib\site-packages\safetensors\torch.py", line 336, in load_file
    with safe_open(filename, framework="pt", device=device) as f:
         ^^^^^^^^^^^^^^^^^^^^^^^^^^^^^^^^^^^^^^^^^^^^^^^^^^
FileNotFoundError: No such file or directory: juggernautXL_ragnarokBy.safetensors
2026-02-11 17:00:48 | INFO | lightdiffusion.server | rid=54e13f0d | /api/generate called
2026-02-11 17:00:48 | DEBUG | lightdiffusion.server | rid=54e13f0d | Request: w=512 h=512 num_images=1 batch=1 scheduler=simple sampler=euler steps=25 hiresfix=False adetailer=False enhance=False img2img=False stable_fast=False reuse_seed=True realistic=False multiscale=False intermittent=True factor=0.5 fullres=[10,8] keep_models_loaded=True enable_preview=False prompt='An astronaut riding a horse on mars, detailed, 8k' neg='blurry, low quality, distorted' img2img_image_present=False
2026-02-11 17:00:48 | DEBUG | lightdiffusion.server | rid=- | Batch worker: pending groups={"('./include/checkpoints/juggernautXL_ragnarokBy.safetensors', False, 512, 512, False, False, 'simple', 'euler', 25, False, True, 0.5, 10, 8, True, False, 'None', 1.0, 'canny', 'None', -1)": 1} chosen_sig=('./include/checkpoints/juggernautXL_ragnarokBy.safetensors', False, 512, 512, False, False, 'simple', 'euler', 25, False, True, 0.5, 10, 8, True, False, 'None', 1.0, 'canny', 'None', -1) group_size=1 oldest_arrival=1770825648.474
2026-02-11 17:00:48 | DEBUG | lightdiffusion.server | rid=- | Processing singleton group for signature ('./include/checkpoints/juggernautXL_ragnarokBy.safetensors', False, 512, 512, False, False, 'simple', 'euler', 25, False, True, 0.5, 10, 8, True, False, 'None', 1.0, 'canny', 'None', -1) immediately (age=0.000s). LD_BATCH_WAIT_SINGLETONS=False
2026-02-11 17:00:48 | DEBUG | lightdiffusion.server | rid=- | Processing group chosen_sig=('./include/checkpoints/juggernautXL_ragnarokBy.safetensors', False, 512, 512, False, False, 'simple', 'euler', 25, False, True, 0.5, 10, 8, True, False, 'None', 1.0, 'canny', 'None', -1) items=1 request_ids=['54e13f0d']
2026-02-11 17:00:48 | DEBUG | lightdiffusion.server | rid=- | No preview clients connected, skipping broadcast
2026-02-11 17:00:52 | DEBUG | lightdiffusion.server | rid=- | No preview clients connected, skipping broadcast
2026-02-11 17:00:55 | DEBUG | lightdiffusion.server | rid=- | No preview clients connected, skipping broadcast
2026-02-11 17:00:58 | DEBUG | lightdiffusion.server | rid=- | No preview clients connected, skipping broadcast
2026-02-11 17:01:25 | INFO | lightdiffusion.server | rid=ae7c4d09 | /api/generate called
2026-02-11 17:01:25 | DEBUG | lightdiffusion.server | rid=ae7c4d09 | Request: w=512 h=512 num_images=1 batch=1 scheduler=simple sampler=euler steps=25 hiresfix=False adetailer=False enhance=False img2img=False stable_fast=False reuse_seed=True realistic=False multiscale=False intermittent=True factor=0.5 fullres=[10,8] keep_models_loaded=True enable_preview=False prompt='An astronaut riding a horse on mars, detailed, 8k' neg='blurry, low quality, distorted' img2img_image_present=False
2026-02-11 17:01:25 | DEBUG | lightdiffusion.server | rid=- | Batch worker: pending groups={"('./include/checkpoints/juggernautXL_ragnarokBy.safetensors', False, 512, 512, False, False, 'simple', 'euler', 25, False, True, 0.5, 10, 8, True, False, 'None', 1.0, 'canny', 'None', -1)": 1} chosen_sig=('./include/checkpoints/juggernautXL_ragnarokBy.safetensors', False, 512, 512, False, False, 'simple', 'euler', 25, False, True, 0.5, 10, 8, True, False, 'None', 1.0, 'canny', 'None', -1) group_size=1 oldest_arrival=1770825685.875
2026-02-11 17:01:25 | DEBUG | lightdiffusion.server | rid=- | Processing singleton group for signature ('./include/checkpoints/juggernautXL_ragnarokBy.safetensors', False, 512, 512, False, False, 'simple', 'euler', 25, False, True, 0.5, 10, 8, True, False, 'None', 1.0, 'canny', 'None', -1) immediately (age=0.000s). LD_BATCH_WAIT_SINGLETONS=False
2026-02-11 17:01:25 | DEBUG | lightdiffusion.server | rid=- | Processing group chosen_sig=('./include/checkpoints/juggernautXL_ragnarokBy.safetensors', False, 512, 512, False, False, 'simple', 'euler', 25, False, True, 0.5, 10, 8, True, False, 'None', 1.0, 'canny', 'None', -1) items=1 request_ids=['ae7c4d09']
2026-02-11 17:01:25 | DEBUG | lightdiffusion.server | rid=- | No preview clients connected, skipping broadcast
2026-02-11 17:01:28 | DEBUG | lightdiffusion.server | rid=- | No preview clients connected, skipping broadcast
2026-02-11 17:01:31 | DEBUG | lightdiffusion.server | rid=- | No preview clients connected, skipping broadcast
2026-02-11 17:01:34 | DEBUG | lightdiffusion.server | rid=- | No preview clients connected, skipping broadcast
2026-02-11 17:01:49 | INFO | lightdiffusion.server | rid=5ff9c820 | /api/generate called
2026-02-11 17:01:49 | DEBUG | lightdiffusion.server | rid=5ff9c820 | Request: w=512 h=512 num_images=1 batch=1 scheduler=simple sampler=euler steps=25 hiresfix=False adetailer=False enhance=False img2img=False stable_fast=False reuse_seed=True realistic=False multiscale=False intermittent=True factor=0.5 fullres=[10,8] keep_models_loaded=True enable_preview=False prompt='An astronaut riding a horse on mars, detailed, 8k' neg='blurry, low quality, distorted' img2img_image_present=False
2026-02-11 17:01:49 | DEBUG | lightdiffusion.server | rid=- | Batch worker: pending groups={"('./include/checkpoints/juggernautXL_ragnarokBy.safetensors', False, 512, 512, False, False, 'simple', 'euler', 25, False, True, 0.5, 10, 8, True, False, 'None', 1.0, 'canny', 'None', -1)": 1} chosen_sig=('./include/checkpoints/juggernautXL_ragnarokBy.safetensors', False, 512, 512, False, False, 'simple', 'euler', 25, False, True, 0.5, 10, 8, True, False, 'None', 1.0, 'canny', 'None', -1) group_size=1 oldest_arrival=1770825709.150
2026-02-11 17:01:49 | DEBUG | lightdiffusion.server | rid=- | Processing singleton group for signature ('./include/checkpoints/juggernautXL_ragnarokBy.safetensors', False, 512, 512, False, False, 'simple', 'euler', 25, False, True, 0.5, 10, 8, True, False, 'None', 1.0, 'canny', 'None', -1) immediately (age=0.001s). LD_BATCH_WAIT_SINGLETONS=False
2026-02-11 17:01:49 | DEBUG | lightdiffusion.server | rid=- | Processing group chosen_sig=('./include/checkpoints/juggernautXL_ragnarokBy.safetensors', False, 512, 512, False, False, 'simple', 'euler', 25, False, True, 0.5, 10, 8, True, False, 'None', 1.0, 'canny', 'None', -1) items=1 request_ids=['5ff9c820']
2026-02-11 17:01:49 | DEBUG | lightdiffusion.server | rid=- | No preview clients connected, skipping broadcast
2026-02-11 17:01:51 | DEBUG | lightdiffusion.server | rid=- | No preview clients connected, skipping broadcast
2026-02-11 17:01:54 | DEBUG | lightdiffusion.server | rid=- | No preview clients connected, skipping broadcast
2026-02-11 17:01:57 | DEBUG | lightdiffusion.server | rid=- | No preview clients connected, skipping broadcast
2026-02-11 17:01:59 | INFO | lightdiffusion.server | rid=40644575 | /api/generate called
2026-02-11 17:01:59 | DEBUG | lightdiffusion.server | rid=40644575 | Request: w=512 h=512 num_images=1 batch=1 scheduler=simple sampler=euler steps=25 hiresfix=False adetailer=True enhance=False img2img=False stable_fast=False reuse_seed=True realistic=False multiscale=False intermittent=True factor=0.5 fullres=[10,8] keep_models_loaded=True enable_preview=False prompt='An astronaut riding a horse on mars, detailed, 8k' neg='blurry, low quality, distorted' img2img_image_present=False
2026-02-11 17:01:59 | DEBUG | lightdiffusion.server | rid=- | Batch worker: pending groups={"('./include/checkpoints/juggernautXL_ragnarokBy.safetensors', False, 512, 512, False, False, 'simple', 'euler', 25, False, True, 0.5, 10, 8, True, False, 'None', 1.0, 'canny', 'None', -1)": 1} chosen_sig=('./include/checkpoints/juggernautXL_ragnarokBy.safetensors', False, 512, 512, False, False, 'simple', 'euler', 25, False, True, 0.5, 10, 8, True, False, 'None', 1.0, 'canny', 'None', -1) group_size=1 oldest_arrival=1770825719.025
2026-02-11 17:01:59 | DEBUG | lightdiffusion.server | rid=- | Processing singleton group for signature ('./include/checkpoints/juggernautXL_ragnarokBy.safetensors', False, 512, 512, False, False, 'simple', 'euler', 25, False, True, 0.5, 10, 8, True, False, 'None', 1.0, 'canny', 'None', -1) immediately (age=0.000s). LD_BATCH_WAIT_SINGLETONS=False
2026-02-11 17:01:59 | DEBUG | lightdiffusion.server | rid=- | Processing group chosen_sig=('./include/checkpoints/juggernautXL_ragnarokBy.safetensors', False, 512, 512, False, False, 'simple', 'euler', 25, False, True, 0.5, 10, 8, True, False, 'None', 1.0, 'canny', 'None', -1) items=1 request_ids=['40644575']
2026-02-11 17:01:59 | DEBUG | lightdiffusion.server | rid=- | No preview clients connected, skipping broadcast
2026-02-11 17:02:01 | DEBUG | lightdiffusion.server | rid=- | No preview clients connected, skipping broadcast
2026-02-11 17:02:04 | DEBUG | lightdiffusion.server | rid=- | No preview clients connected, skipping broadcast
2026-02-11 17:02:07 | DEBUG | lightdiffusion.server | rid=- | No preview clients connected, skipping broadcast
2026-02-11 17:02:16 | DEBUG | lightdiffusion.server | rid=- | No preview clients connected, skipping broadcast
2026-02-11 17:02:20 | DEBUG | lightdiffusion.server | rid=- | No preview clients connected, skipping broadcast
2026-02-11 17:04:34 | DEBUG | lightdiffusion.server | rid=- | server module loaded; cwd=C:\Users\Admin\Documents\LightDiffusion-Next
2026-02-11 17:04:34 | INFO | lightdiffusion.server | rid=- | Pipeline and app_instance imported successfully
2026-02-11 17:04:34 | INFO | lightdiffusion.server | rid=- | Serving frontend from C:\Users\Admin\Documents\LightDiffusion-Next\frontend\dist
2026-02-11 17:04:34 | DEBUG | lightdiffusion.server | rid=- | server module loaded; cwd=C:\Users\Admin\Documents\LightDiffusion-Next
2026-02-11 17:04:34 | INFO | lightdiffusion.server | rid=- | Pipeline and app_instance imported successfully
2026-02-11 17:04:34 | INFO | lightdiffusion.server | rid=- | Serving frontend from C:\Users\Admin\Documents\LightDiffusion-Next\frontend\dist
2026-02-11 17:04:34 | INFO | lightdiffusion.server | rid=- | GenerationBuffer worker task started
2026-02-11 17:04:34 | INFO | lightdiffusion.server | rid=- | Server startup complete, event loop captured for preview broadcasting
2026-02-11 17:04:34 | INFO | lightdiffusion.server | rid=- | Batching worker started; max_batch=4 timeout=0.5
2026-02-11 17:05:18 | DEBUG | lightdiffusion.server | rid=- | server module loaded; cwd=C:\Users\Admin\Documents\LightDiffusion-Next
2026-02-11 17:05:18 | INFO | lightdiffusion.server | rid=- | Pipeline and app_instance imported successfully
2026-02-11 17:05:18 | INFO | lightdiffusion.server | rid=- | Serving frontend from C:\Users\Admin\Documents\LightDiffusion-Next\frontend\dist
2026-02-11 17:05:18 | DEBUG | lightdiffusion.server | rid=- | server module loaded; cwd=C:\Users\Admin\Documents\LightDiffusion-Next
2026-02-11 17:05:18 | INFO | lightdiffusion.server | rid=- | Pipeline and app_instance imported successfully
2026-02-11 17:05:18 | INFO | lightdiffusion.server | rid=- | Serving frontend from C:\Users\Admin\Documents\LightDiffusion-Next\frontend\dist
2026-02-11 17:05:18 | INFO | lightdiffusion.server | rid=- | GenerationBuffer worker task started
2026-02-11 17:05:18 | INFO | lightdiffusion.server | rid=- | Server startup complete, event loop captured for preview broadcasting
2026-02-11 17:05:18 | INFO | lightdiffusion.server | rid=- | Batching worker started; max_batch=4 timeout=0.5
2026-02-11 17:07:31 | INFO | lightdiffusion.server | rid=f42d47fd | /api/generate called
2026-02-11 17:07:31 | DEBUG | lightdiffusion.server | rid=f42d47fd | Request: w=512 h=512 num_images=1 batch=1 scheduler=simple sampler=euler steps=25 hiresfix=False adetailer=False enhance=False img2img=False stable_fast=False reuse_seed=True realistic=False multiscale=False intermittent=True factor=0.5 fullres=[10,8] keep_models_loaded=True enable_preview=False prompt='An astronaut riding a horse on mars, detailed, 8k' neg='blurry, low quality, distorted' img2img_image_present=False
2026-02-11 17:07:31 | DEBUG | lightdiffusion.server | rid=- | Batch worker: pending groups={"('./include/checkpoints/juggernautXL_ragnarokBy.safetensors', False, 512, 512, False, False, 'simple', 'euler', 25, False, True, 0.5, 10, 8, True, False, 'None', 1.0, 'canny', 'None', -1)": 1} chosen_sig=('./include/checkpoints/juggernautXL_ragnarokBy.safetensors', False, 512, 512, False, False, 'simple', 'euler', 25, False, True, 0.5, 10, 8, True, False, 'None', 1.0, 'canny', 'None', -1) group_size=1 oldest_arrival=1770826051.898
2026-02-11 17:07:31 | DEBUG | lightdiffusion.server | rid=- | Processing singleton group for signature ('./include/checkpoints/juggernautXL_ragnarokBy.safetensors', False, 512, 512, False, False, 'simple', 'euler', 25, False, True, 0.5, 10, 8, True, False, 'None', 1.0, 'canny', 'None', -1) immediately (age=0.000s). LD_BATCH_WAIT_SINGLETONS=False
2026-02-11 17:07:31 | DEBUG | lightdiffusion.server | rid=- | Processing group chosen_sig=('./include/checkpoints/juggernautXL_ragnarokBy.safetensors', False, 512, 512, False, False, 'simple', 'euler', 25, False, True, 0.5, 10, 8, True, False, 'None', 1.0, 'canny', 'None', -1) items=1 request_ids=['f42d47fd']
2026-02-11 17:07:31 | DEBUG | lightdiffusion.server | rid=- | No preview clients connected, skipping broadcast
2026-02-11 17:07:37 | DEBUG | lightdiffusion.server | rid=- | No preview clients connected, skipping broadcast
2026-02-11 17:07:40 | DEBUG | lightdiffusion.server | rid=- | No preview clients connected, skipping broadcast
2026-02-11 17:07:43 | DEBUG | lightdiffusion.server | rid=- | No preview clients connected, skipping broadcast
2026-02-11 17:07:56 | INFO | lightdiffusion.server | rid=e0e70702 | /api/generate called
2026-02-11 17:07:56 | DEBUG | lightdiffusion.server | rid=e0e70702 | Request: w=512 h=512 num_images=1 batch=1 scheduler=simple sampler=euler steps=25 hiresfix=False adetailer=True enhance=False img2img=False stable_fast=False reuse_seed=True realistic=False multiscale=False intermittent=True factor=0.5 fullres=[10,8] keep_models_loaded=True enable_preview=False prompt='An astronaut riding a horse on mars, detailed, 8k' neg='blurry, low quality, distorted' img2img_image_present=False
2026-02-11 17:07:56 | DEBUG | lightdiffusion.server | rid=- | Batch worker: pending groups={"('./include/checkpoints/juggernautXL_ragnarokBy.safetensors', False, 512, 512, False, False, 'simple', 'euler', 25, False, True, 0.5, 10, 8, True, False, 'None', 1.0, 'canny', 'None', -1)": 1} chosen_sig=('./include/checkpoints/juggernautXL_ragnarokBy.safetensors', False, 512, 512, False, False, 'simple', 'euler', 25, False, True, 0.5, 10, 8, True, False, 'None', 1.0, 'canny', 'None', -1) group_size=1 oldest_arrival=1770826076.802
2026-02-11 17:07:56 | DEBUG | lightdiffusion.server | rid=- | Processing singleton group for signature ('./include/checkpoints/juggernautXL_ragnarokBy.safetensors', False, 512, 512, False, False, 'simple', 'euler', 25, False, True, 0.5, 10, 8, True, False, 'None', 1.0, 'canny', 'None', -1) immediately (age=0.000s). LD_BATCH_WAIT_SINGLETONS=False
2026-02-11 17:07:56 | DEBUG | lightdiffusion.server | rid=- | Processing group chosen_sig=('./include/checkpoints/juggernautXL_ragnarokBy.safetensors', False, 512, 512, False, False, 'simple', 'euler', 25, False, True, 0.5, 10, 8, True, False, 'None', 1.0, 'canny', 'None', -1) items=1 request_ids=['e0e70702']
2026-02-11 17:07:56 | DEBUG | lightdiffusion.server | rid=- | No preview clients connected, skipping broadcast
2026-02-11 17:07:58 | DEBUG | lightdiffusion.server | rid=- | No preview clients connected, skipping broadcast
2026-02-11 17:08:01 | DEBUG | lightdiffusion.server | rid=- | No preview clients connected, skipping broadcast
2026-02-11 17:08:04 | DEBUG | lightdiffusion.server | rid=- | No preview clients connected, skipping broadcast
2026-02-11 17:08:26 | DEBUG | lightdiffusion.server | rid=- | No preview clients connected, skipping broadcast
2026-02-11 17:08:31 | DEBUG | lightdiffusion.server | rid=- | No preview clients connected, skipping broadcast
2026-02-11 18:23:05 | DEBUG | lightdiffusion.server | rid=- | server module loaded; cwd=C:\Users\Admin\Documents\LightDiffusion-Next
2026-02-11 18:23:05 | INFO | lightdiffusion.server | rid=- | Pipeline and app_instance imported successfully
2026-02-11 18:23:05 | INFO | lightdiffusion.server | rid=- | Serving frontend from C:\Users\Admin\Documents\LightDiffusion-Next\frontend\dist
2026-02-11 18:23:05 | INFO | lightdiffusion.server | rid=- | Launching frontend development server...
2026-02-11 18:23:05 | INFO | lightdiffusion.server | rid=- | Frontend development server launched
2026-02-11 18:23:05 | DEBUG | lightdiffusion.server | rid=- | server module loaded; cwd=C:\Users\Admin\Documents\LightDiffusion-Next
2026-02-11 18:23:05 | INFO | lightdiffusion.server | rid=- | Pipeline and app_instance imported successfully
2026-02-11 18:23:05 | INFO | lightdiffusion.server | rid=- | Serving frontend from C:\Users\Admin\Documents\LightDiffusion-Next\frontend\dist
2026-02-11 18:23:05 | INFO | lightdiffusion.server | rid=- | GenerationBuffer worker task started
2026-02-11 18:23:05 | INFO | lightdiffusion.server | rid=- | Server startup complete, event loop captured for preview broadcasting
2026-02-11 18:23:05 | INFO | lightdiffusion.server | rid=- | Batching worker started; max_batch=4 timeout=0.5
2026-02-11 18:23:05 | INFO | lightdiffusion.server | rid=- | Shutting down frontend development server...
2026-02-11 18:23:05 | INFO | lightdiffusion.server | rid=- | Frontend development server shut down
2026-02-11 18:23:50 | DEBUG | lightdiffusion.server | rid=- | server module loaded; cwd=C:\Users\Admin\Documents\LightDiffusion-Next
2026-02-11 18:23:50 | INFO | lightdiffusion.server | rid=- | Pipeline and app_instance imported successfully
2026-02-11 18:23:50 | INFO | lightdiffusion.server | rid=- | Serving frontend from C:\Users\Admin\Documents\LightDiffusion-Next\frontend\dist
2026-02-11 18:23:50 | INFO | lightdiffusion.server | rid=- | Launching frontend development server...
2026-02-11 18:23:50 | INFO | lightdiffusion.server | rid=- | Frontend development server launched
2026-02-11 18:23:50 | DEBUG | lightdiffusion.server | rid=- | server module loaded; cwd=C:\Users\Admin\Documents\LightDiffusion-Next
2026-02-11 18:23:50 | INFO | lightdiffusion.server | rid=- | Pipeline and app_instance imported successfully
2026-02-11 18:23:50 | INFO | lightdiffusion.server | rid=- | Serving frontend from C:\Users\Admin\Documents\LightDiffusion-Next\frontend\dist
2026-02-11 18:23:50 | INFO | lightdiffusion.server | rid=- | GenerationBuffer worker task started
2026-02-11 18:23:50 | INFO | lightdiffusion.server | rid=- | Server startup complete, event loop captured for preview broadcasting
2026-02-11 18:23:50 | INFO | lightdiffusion.server | rid=- | Batching worker started; max_batch=4 timeout=0.5
2026-02-11 18:24:23 | INFO | lightdiffusion.server | rid=- | WebSocket client connected to /ws/preview (total: 1)
2026-02-11 18:24:35 | INFO | lightdiffusion.server | rid=20d6e2ad | /api/generate called
2026-02-11 18:24:35 | DEBUG | lightdiffusion.server | rid=20d6e2ad | Request: w=512 h=512 num_images=1 batch=1 scheduler=simple sampler=euler steps=25 hiresfix=False adetailer=True enhance=False img2img=False stable_fast=False reuse_seed=False realistic=False multiscale=False intermittent=True factor=0.5 fullres=[10,8] keep_models_loaded=True enable_preview=True prompt='An astronaut riding a horse on mars, detailed, 8k' neg='blurry, low quality, distorted' img2img_image_present=False
2026-02-11 18:24:35 | DEBUG | lightdiffusion.server | rid=- | Batch worker: pending groups={"('./include/checkpoints\\\\juggernautXL_ragnarokBy.safetensors', False, 512, 512, False, False, 'simple', 'euler', 25, False, True, 0.5, 10, 8, True, False, 'None', 1.0, 'canny', '', 15)": 1} chosen_sig=('./include/checkpoints\\juggernautXL_ragnarokBy.safetensors', False, 512, 512, False, False, 'simple', 'euler', 25, False, True, 0.5, 10, 8, True, False, 'None', 1.0, 'canny', '', 15) group_size=1 oldest_arrival=1770830675.800
2026-02-11 18:24:35 | DEBUG | lightdiffusion.server | rid=- | Processing singleton group for signature ('./include/checkpoints\\juggernautXL_ragnarokBy.safetensors', False, 512, 512, False, False, 'simple', 'euler', 25, False, True, 0.5, 10, 8, True, False, 'None', 1.0, 'canny', '', 15) immediately (age=0.000s). LD_BATCH_WAIT_SINGLETONS=False
2026-02-11 18:24:35 | DEBUG | lightdiffusion.server | rid=- | Processing group chosen_sig=('./include/checkpoints\\juggernautXL_ragnarokBy.safetensors', False, 512, 512, False, False, 'simple', 'euler', 25, False, True, 0.5, 10, 8, True, False, 'None', 1.0, 'canny', '', 15) items=1 request_ids=['20d6e2ad']
2026-02-11 18:24:35 | INFO | lightdiffusion.server | rid=- | Broadcasting preview step 0/25
2026-02-11 18:24:43 | INFO | lightdiffusion.server | rid=- | Broadcasting preview step 0/25
2026-02-11 18:24:44 | INFO | lightdiffusion.server | rid=- | Broadcasting preview step 5/25
2026-02-11 18:24:44 | INFO | lightdiffusion.server | rid=- | Broadcasting preview step 10/25
2026-02-11 18:24:45 | INFO | lightdiffusion.server | rid=- | Broadcasting preview step 15/25
2026-02-11 18:24:46 | INFO | lightdiffusion.server | rid=- | Broadcasting preview step 20/25
2026-02-11 18:24:47 | INFO | lightdiffusion.server | rid=- | Broadcasting preview step 24/25
2026-02-11 18:25:06 | INFO | lightdiffusion.server | rid=- | Broadcasting preview step 0/20
2026-02-11 18:25:07 | INFO | lightdiffusion.server | rid=- | Broadcasting preview step 5/20
2026-02-11 18:25:08 | INFO | lightdiffusion.server | rid=- | Broadcasting preview step 10/20
2026-02-11 18:25:09 | INFO | lightdiffusion.server | rid=- | Broadcasting preview step 15/20
2026-02-11 18:25:10 | INFO | lightdiffusion.server | rid=- | Broadcasting preview step 19/20
2026-02-11 18:29:56 | INFO | lightdiffusion.server | rid=- | WebSocket client disconnected (remaining: 0)
2026-02-11 18:29:56 | INFO | lightdiffusion.server | rid=- | Shutting down frontend development server...
2026-02-11 18:29:56 | INFO | lightdiffusion.server | rid=- | Frontend development server shut down
2026-02-11 18:31:15 | DEBUG | lightdiffusion.server | rid=- | server module loaded; cwd=C:\Users\Admin\Documents\LightDiffusion-Next
2026-02-11 18:31:15 | INFO | lightdiffusion.server | rid=- | Pipeline and app_instance imported successfully
2026-02-11 18:31:15 | INFO | lightdiffusion.server | rid=- | Serving frontend from C:\Users\Admin\Documents\LightDiffusion-Next\frontend\dist
2026-02-11 18:31:15 | DEBUG | lightdiffusion.server | rid=- | server module loaded; cwd=C:\Users\Admin\Documents\LightDiffusion-Next
2026-02-11 18:31:15 | INFO | lightdiffusion.server | rid=- | Pipeline and app_instance imported successfully
2026-02-11 18:31:15 | INFO | lightdiffusion.server | rid=- | Serving frontend from C:\Users\Admin\Documents\LightDiffusion-Next\frontend\dist
2026-02-11 18:31:15 | INFO | lightdiffusion.server | rid=- | GenerationBuffer worker task started
2026-02-11 18:31:15 | INFO | lightdiffusion.server | rid=- | Server startup complete, event loop captured for preview broadcasting
2026-02-11 18:31:15 | INFO | lightdiffusion.server | rid=- | Batching worker started; max_batch=4 timeout=0.5
2026-02-11 18:31:59 | INFO | lightdiffusion.server | rid=5831ed16 | /api/generate called
2026-02-11 18:31:59 | DEBUG | lightdiffusion.server | rid=5831ed16 | Request: w=512 h=512 num_images=1 batch=1 scheduler=simple sampler=euler steps=25 hiresfix=False adetailer=True enhance=False img2img=False stable_fast=False reuse_seed=True realistic=False multiscale=False intermittent=True factor=0.5 fullres=[10,8] keep_models_loaded=True enable_preview=False prompt='An astronaut riding a horse on mars, detailed, 8k' neg='blurry, low quality, distorted' img2img_image_present=False
2026-02-11 18:31:59 | DEBUG | lightdiffusion.server | rid=- | Batch worker: pending groups={"('./include/checkpoints/juggernautXL_ragnarokBy.safetensors', False, 512, 512, False, False, 'simple', 'euler', 25, False, True, 0.5, 10, 8, True, False, 'None', 1.0, 'canny', 'None', -1)": 1} chosen_sig=('./include/checkpoints/juggernautXL_ragnarokBy.safetensors', False, 512, 512, False, False, 'simple', 'euler', 25, False, True, 0.5, 10, 8, True, False, 'None', 1.0, 'canny', 'None', -1) group_size=1 oldest_arrival=1770831119.144
2026-02-11 18:31:59 | DEBUG | lightdiffusion.server | rid=- | Processing singleton group for signature ('./include/checkpoints/juggernautXL_ragnarokBy.safetensors', False, 512, 512, False, False, 'simple', 'euler', 25, False, True, 0.5, 10, 8, True, False, 'None', 1.0, 'canny', 'None', -1) immediately (age=0.000s). LD_BATCH_WAIT_SINGLETONS=False
2026-02-11 18:31:59 | DEBUG | lightdiffusion.server | rid=- | Processing group chosen_sig=('./include/checkpoints/juggernautXL_ragnarokBy.safetensors', False, 512, 512, False, False, 'simple', 'euler', 25, False, True, 0.5, 10, 8, True, False, 'None', 1.0, 'canny', 'None', -1) items=1 request_ids=['5831ed16']
2026-02-11 18:31:59 | DEBUG | lightdiffusion.server | rid=- | No preview clients connected, skipping broadcast
2026-02-11 18:32:04 | DEBUG | lightdiffusion.server | rid=- | No preview clients connected, skipping broadcast
2026-02-11 18:32:07 | DEBUG | lightdiffusion.server | rid=- | No preview clients connected, skipping broadcast
2026-02-11 18:32:10 | DEBUG | lightdiffusion.server | rid=- | No preview clients connected, skipping broadcast
2026-02-11 18:32:33 | DEBUG | lightdiffusion.server | rid=- | No preview clients connected, skipping broadcast
2026-02-11 18:32:37 | DEBUG | lightdiffusion.server | rid=- | No preview clients connected, skipping broadcast
2026-02-11 18:34:12 | DEBUG | lightdiffusion.server | rid=- | server module loaded; cwd=C:\Users\Admin\Documents\LightDiffusion-Next
2026-02-11 18:34:12 | INFO | lightdiffusion.server | rid=- | Pipeline and app_instance imported successfully
2026-02-11 18:34:12 | INFO | lightdiffusion.server | rid=- | Serving frontend from C:\Users\Admin\Documents\LightDiffusion-Next\frontend\dist
2026-02-11 18:34:12 | DEBUG | lightdiffusion.server | rid=- | server module loaded; cwd=C:\Users\Admin\Documents\LightDiffusion-Next
2026-02-11 18:34:12 | INFO | lightdiffusion.server | rid=- | Pipeline and app_instance imported successfully
2026-02-11 18:34:12 | INFO | lightdiffusion.server | rid=- | Serving frontend from C:\Users\Admin\Documents\LightDiffusion-Next\frontend\dist
2026-02-11 18:34:12 | INFO | lightdiffusion.server | rid=- | GenerationBuffer worker task started
2026-02-11 18:34:12 | INFO | lightdiffusion.server | rid=- | Server startup complete, event loop captured for preview broadcasting
2026-02-11 18:34:12 | INFO | lightdiffusion.server | rid=- | Batching worker started; max_batch=4 timeout=0.5
2026-02-11 18:34:54 | INFO | lightdiffusion.server | rid=34ffe359 | /api/generate called
2026-02-11 18:34:54 | DEBUG | lightdiffusion.server | rid=34ffe359 | Request: w=512 h=512 num_images=1 batch=1 scheduler=simple sampler=euler steps=25 hiresfix=False adetailer=True enhance=False img2img=False stable_fast=False reuse_seed=True realistic=False multiscale=False intermittent=True factor=0.5 fullres=[10,8] keep_models_loaded=True enable_preview=False prompt='An astronaut riding a horse on mars, detailed, 8k' neg='blurry, low quality, distorted' img2img_image_present=False
2026-02-11 18:34:54 | DEBUG | lightdiffusion.server | rid=- | Batch worker: pending groups={"('./include/checkpoints/juggernautXL_ragnarokBy.safetensors', False, 512, 512, False, False, 'simple', 'euler', 25, False, True, 0.5, 10, 8, True, False, 'None', 1.0, 'canny', 'None', -1)": 1} chosen_sig=('./include/checkpoints/juggernautXL_ragnarokBy.safetensors', False, 512, 512, False, False, 'simple', 'euler', 25, False, True, 0.5, 10, 8, True, False, 'None', 1.0, 'canny', 'None', -1) group_size=1 oldest_arrival=1770831294.373
2026-02-11 18:34:54 | DEBUG | lightdiffusion.server | rid=- | Processing singleton group for signature ('./include/checkpoints/juggernautXL_ragnarokBy.safetensors', False, 512, 512, False, False, 'simple', 'euler', 25, False, True, 0.5, 10, 8, True, False, 'None', 1.0, 'canny', 'None', -1) immediately (age=0.000s). LD_BATCH_WAIT_SINGLETONS=False
2026-02-11 18:34:54 | DEBUG | lightdiffusion.server | rid=- | Processing group chosen_sig=('./include/checkpoints/juggernautXL_ragnarokBy.safetensors', False, 512, 512, False, False, 'simple', 'euler', 25, False, True, 0.5, 10, 8, True, False, 'None', 1.0, 'canny', 'None', -1) items=1 request_ids=['34ffe359']
2026-02-11 18:34:54 | DEBUG | lightdiffusion.server | rid=- | No preview clients connected, skipping broadcast
2026-02-11 18:35:00 | DEBUG | lightdiffusion.server | rid=- | No preview clients connected, skipping broadcast
2026-02-11 18:35:03 | DEBUG | lightdiffusion.server | rid=- | No preview clients connected, skipping broadcast
2026-02-11 18:35:06 | DEBUG | lightdiffusion.server | rid=- | No preview clients connected, skipping broadcast
2026-02-11 18:35:27 | DEBUG | lightdiffusion.server | rid=- | No preview clients connected, skipping broadcast
2026-02-11 18:35:31 | DEBUG | lightdiffusion.server | rid=- | No preview clients connected, skipping broadcast
2026-02-11 18:41:26 | DEBUG | lightdiffusion.server | rid=- | server module loaded; cwd=C:\Users\Admin\Documents\LightDiffusion-Next
2026-02-11 18:41:26 | INFO | lightdiffusion.server | rid=- | Pipeline and app_instance imported successfully
2026-02-11 18:41:26 | INFO | lightdiffusion.server | rid=- | Serving frontend from C:\Users\Admin\Documents\LightDiffusion-Next\frontend\dist
2026-02-11 18:41:26 | DEBUG | lightdiffusion.server | rid=- | server module loaded; cwd=C:\Users\Admin\Documents\LightDiffusion-Next
2026-02-11 18:41:26 | INFO | lightdiffusion.server | rid=- | Pipeline and app_instance imported successfully
2026-02-11 18:41:26 | INFO | lightdiffusion.server | rid=- | Serving frontend from C:\Users\Admin\Documents\LightDiffusion-Next\frontend\dist
2026-02-11 18:41:26 | INFO | lightdiffusion.server | rid=- | GenerationBuffer worker task started
2026-02-11 18:41:26 | INFO | lightdiffusion.server | rid=- | Server startup complete, event loop captured for preview broadcasting
2026-02-11 18:41:26 | INFO | lightdiffusion.server | rid=- | Batching worker started; max_batch=4 timeout=0.5
2026-02-11 18:42:32 | INFO | lightdiffusion.server | rid=75268941 | /api/generate called
2026-02-11 18:42:32 | DEBUG | lightdiffusion.server | rid=75268941 | Request: w=832 h=1216 num_images=1 batch=1 scheduler=karras sampler=euler steps=20 hiresfix=False adetailer=False enhance=False img2img=False stable_fast=False reuse_seed=True realistic=False multiscale=False intermittent=True factor=0.5 fullres=[10,8] keep_models_loaded=True enable_preview=False prompt='a beautiful woman standing in a garden, detailed face, full body portrait, 8k uhd' neg='ugly, blurry, deformed, disfigured, bad anatomy' img2img_image_present=False
2026-02-11 18:42:32 | DEBUG | lightdiffusion.server | rid=- | Batch worker: pending groups={"('./include/checkpoints/juggernautXL_ragnarokBy.safetensors', False, 832, 1216, False, False, 'karras', 'euler', 20, False, True, 0.5, 10, 8, True, False, 'None', 1.0, 'canny', 'None', -1)": 1} chosen_sig=('./include/checkpoints/juggernautXL_ragnarokBy.safetensors', False, 832, 1216, False, False, 'karras', 'euler', 20, False, True, 0.5, 10, 8, True, False, 'None', 1.0, 'canny', 'None', -1) group_size=1 oldest_arrival=1770831752.911
2026-02-11 18:42:32 | DEBUG | lightdiffusion.server | rid=- | Processing singleton group for signature ('./include/checkpoints/juggernautXL_ragnarokBy.safetensors', False, 832, 1216, False, False, 'karras', 'euler', 20, False, True, 0.5, 10, 8, True, False, 'None', 1.0, 'canny', 'None', -1) immediately (age=0.000s). LD_BATCH_WAIT_SINGLETONS=False
2026-02-11 18:42:32 | DEBUG | lightdiffusion.server | rid=- | Processing group chosen_sig=('./include/checkpoints/juggernautXL_ragnarokBy.safetensors', False, 832, 1216, False, False, 'karras', 'euler', 20, False, True, 0.5, 10, 8, True, False, 'None', 1.0, 'canny', 'None', -1) items=1 request_ids=['75268941']
2026-02-11 18:42:32 | DEBUG | lightdiffusion.server | rid=- | No preview clients connected, skipping broadcast
2026-02-11 18:42:42 | DEBUG | lightdiffusion.server | rid=- | No preview clients connected, skipping broadcast
2026-02-11 18:42:49 | DEBUG | lightdiffusion.server | rid=- | No preview clients connected, skipping broadcast
2026-02-11 18:43:23 | INFO | lightdiffusion.server | rid=0cd2b734 | /api/generate called
2026-02-11 18:43:23 | DEBUG | lightdiffusion.server | rid=0cd2b734 | Request: w=832 h=1216 num_images=1 batch=1 scheduler=karras sampler=euler steps=20 hiresfix=False adetailer=False enhance=False img2img=False stable_fast=False reuse_seed=True realistic=False multiscale=False intermittent=True factor=0.5 fullres=[10,8] keep_models_loaded=True enable_preview=False prompt='a beautiful woman standing in a garden, detailed face, full body portrait, 8k uhd' neg='ugly, blurry, deformed, disfigured, bad anatomy' img2img_image_present=False
2026-02-11 18:43:23 | DEBUG | lightdiffusion.server | rid=- | Batch worker: pending groups={"('./include/checkpoints/juggernautXL_ragnarokBy.safetensors', False, 832, 1216, False, False, 'karras', 'euler', 20, False, True, 0.5, 10, 8, True, False, 'None', 1.0, 'canny', 'None', -1)": 1} chosen_sig=('./include/checkpoints/juggernautXL_ragnarokBy.safetensors', False, 832, 1216, False, False, 'karras', 'euler', 20, False, True, 0.5, 10, 8, True, False, 'None', 1.0, 'canny', 'None', -1) group_size=1 oldest_arrival=1770831803.891
2026-02-11 18:43:23 | DEBUG | lightdiffusion.server | rid=- | Processing singleton group for signature ('./include/checkpoints/juggernautXL_ragnarokBy.safetensors', False, 832, 1216, False, False, 'karras', 'euler', 20, False, True, 0.5, 10, 8, True, False, 'None', 1.0, 'canny', 'None', -1) immediately (age=0.000s). LD_BATCH_WAIT_SINGLETONS=False
2026-02-11 18:43:23 | DEBUG | lightdiffusion.server | rid=- | Processing group chosen_sig=('./include/checkpoints/juggernautXL_ragnarokBy.safetensors', False, 832, 1216, False, False, 'karras', 'euler', 20, False, True, 0.5, 10, 8, True, False, 'None', 1.0, 'canny', 'None', -1) items=1 request_ids=['0cd2b734']
2026-02-11 18:43:23 | DEBUG | lightdiffusion.server | rid=- | No preview clients connected, skipping broadcast
2026-02-11 18:43:27 | DEBUG | lightdiffusion.server | rid=- | No preview clients connected, skipping broadcast
2026-02-11 18:43:36 | DEBUG | lightdiffusion.server | rid=- | No preview clients connected, skipping broadcast
2026-02-11 18:43:45 | INFO | lightdiffusion.server | rid=11ede828 | /api/generate called
2026-02-11 18:43:45 | DEBUG | lightdiffusion.server | rid=11ede828 | Request: w=832 h=1216 num_images=1 batch=1 scheduler=karras sampler=euler steps=20 hiresfix=False adetailer=True enhance=False img2img=False stable_fast=False reuse_seed=True realistic=False multiscale=False intermittent=True factor=0.5 fullres=[10,8] keep_models_loaded=True enable_preview=False prompt='a beautiful woman standing in a garden, detailed face, full body portrait, 8k uhd' neg='ugly, blurry, deformed, disfigured, bad anatomy' img2img_image_present=False
2026-02-11 18:43:45 | DEBUG | lightdiffusion.server | rid=- | Batch worker: pending groups={"('./include/checkpoints/juggernautXL_ragnarokBy.safetensors', False, 832, 1216, False, False, 'karras', 'euler', 20, False, True, 0.5, 10, 8, True, False, 'None', 1.0, 'canny', 'None', -1)": 1} chosen_sig=('./include/checkpoints/juggernautXL_ragnarokBy.safetensors', False, 832, 1216, False, False, 'karras', 'euler', 20, False, True, 0.5, 10, 8, True, False, 'None', 1.0, 'canny', 'None', -1) group_size=1 oldest_arrival=1770831825.480
2026-02-11 18:43:45 | DEBUG | lightdiffusion.server | rid=- | Processing singleton group for signature ('./include/checkpoints/juggernautXL_ragnarokBy.safetensors', False, 832, 1216, False, False, 'karras', 'euler', 20, False, True, 0.5, 10, 8, True, False, 'None', 1.0, 'canny', 'None', -1) immediately (age=0.001s). LD_BATCH_WAIT_SINGLETONS=False
2026-02-11 18:43:45 | DEBUG | lightdiffusion.server | rid=- | Processing group chosen_sig=('./include/checkpoints/juggernautXL_ragnarokBy.safetensors', False, 832, 1216, False, False, 'karras', 'euler', 20, False, True, 0.5, 10, 8, True, False, 'None', 1.0, 'canny', 'None', -1) items=1 request_ids=['11ede828']
2026-02-11 18:43:45 | DEBUG | lightdiffusion.server | rid=- | No preview clients connected, skipping broadcast
2026-02-11 18:43:49 | DEBUG | lightdiffusion.server | rid=- | No preview clients connected, skipping broadcast
2026-02-11 18:43:57 | DEBUG | lightdiffusion.server | rid=- | No preview clients connected, skipping broadcast
2026-02-11 18:44:31 | DEBUG | lightdiffusion.server | rid=- | No preview clients connected, skipping broadcast
2026-02-11 18:44:37 | DEBUG | lightdiffusion.server | rid=- | No preview clients connected, skipping broadcast
2026-02-11 18:45:20 | DEBUG | lightdiffusion.server | rid=- | No preview clients connected, skipping broadcast
2026-02-11 18:45:26 | DEBUG | lightdiffusion.server | rid=- | No preview clients connected, skipping broadcast
2026-02-11 19:28:40 | DEBUG | lightdiffusion.server | rid=- | server module loaded; cwd=C:\Users\Admin\Documents\LightDiffusion-Next
2026-02-11 19:28:40 | INFO | lightdiffusion.server | rid=- | Pipeline and app_instance imported successfully
2026-02-11 19:28:40 | INFO | lightdiffusion.server | rid=- | Serving frontend from C:\Users\Admin\Documents\LightDiffusion-Next\frontend\dist
2026-02-11 19:28:40 | INFO | lightdiffusion.server | rid=- | Launching frontend development server...
2026-02-11 19:28:40 | INFO | lightdiffusion.server | rid=- | Frontend development server launched
2026-02-11 19:28:40 | DEBUG | lightdiffusion.server | rid=- | server module loaded; cwd=C:\Users\Admin\Documents\LightDiffusion-Next
2026-02-11 19:28:40 | INFO | lightdiffusion.server | rid=- | Pipeline and app_instance imported successfully
2026-02-11 19:28:40 | INFO | lightdiffusion.server | rid=- | Serving frontend from C:\Users\Admin\Documents\LightDiffusion-Next\frontend\dist
2026-02-11 19:28:40 | INFO | lightdiffusion.server | rid=- | GenerationBuffer worker task started
2026-02-11 19:28:40 | INFO | lightdiffusion.server | rid=- | Server startup complete, event loop captured for preview broadcasting
2026-02-11 19:28:40 | INFO | lightdiffusion.server | rid=- | Batching worker started; max_batch=4 timeout=0.5
2026-02-11 19:28:40 | INFO | lightdiffusion.server | rid=- | Shutting down frontend development server...
2026-02-11 19:28:40 | INFO | lightdiffusion.server | rid=- | Frontend development server shut down
2026-02-11 19:29:13 | DEBUG | lightdiffusion.server | rid=- | server module loaded; cwd=C:\Users\Admin\Documents\LightDiffusion-Next
2026-02-11 19:29:13 | INFO | lightdiffusion.server | rid=- | Pipeline and app_instance imported successfully
2026-02-11 19:29:13 | INFO | lightdiffusion.server | rid=- | Serving frontend from C:\Users\Admin\Documents\LightDiffusion-Next\frontend\dist
2026-02-11 19:29:13 | INFO | lightdiffusion.server | rid=- | Launching frontend development server...
2026-02-11 19:29:13 | INFO | lightdiffusion.server | rid=- | Frontend development server launched
2026-02-11 19:29:13 | DEBUG | lightdiffusion.server | rid=- | server module loaded; cwd=C:\Users\Admin\Documents\LightDiffusion-Next
2026-02-11 19:29:13 | INFO | lightdiffusion.server | rid=- | Pipeline and app_instance imported successfully
2026-02-11 19:29:13 | INFO | lightdiffusion.server | rid=- | Serving frontend from C:\Users\Admin\Documents\LightDiffusion-Next\frontend\dist
2026-02-11 19:29:13 | INFO | lightdiffusion.server | rid=- | GenerationBuffer worker task started
2026-02-11 19:29:13 | INFO | lightdiffusion.server | rid=- | Server startup complete, event loop captured for preview broadcasting
2026-02-11 19:29:13 | INFO | lightdiffusion.server | rid=- | Batching worker started; max_batch=4 timeout=0.5
2026-02-11 19:29:18 | INFO | lightdiffusion.server | rid=- | WebSocket client connected to /ws/preview (total: 1)
2026-02-11 19:29:33 | INFO | lightdiffusion.server | rid=66a15291 | /api/generate called
2026-02-11 19:29:33 | DEBUG | lightdiffusion.server | rid=66a15291 | Request: w=512 h=512 num_images=1 batch=1 scheduler=simple sampler=euler steps=25 hiresfix=False adetailer=True enhance=False img2img=False stable_fast=False reuse_seed=False realistic=False multiscale=False intermittent=True factor=0.5 fullres=[10,8] keep_models_loaded=True enable_preview=True prompt='An astronaut riding a horse on mars, detailed, 8k' neg='blurry, low quality, distorted' img2img_image_present=False
2026-02-11 19:29:33 | DEBUG | lightdiffusion.server | rid=- | Batch worker: pending groups={"('./include/checkpoints\\\\juggernautXL_ragnarokBy.safetensors', False, 512, 512, False, False, 'simple', 'euler', 25, False, True, 0.5, 10, 8, True, False, 'None', 1.0, 'canny', './include/checkpoints\\\\sd_xl_refiner_1.0.safetensors', 20)": 1} chosen_sig=('./include/checkpoints\\juggernautXL_ragnarokBy.safetensors', False, 512, 512, False, False, 'simple', 'euler', 25, False, True, 0.5, 10, 8, True, False, 'None', 1.0, 'canny', './include/checkpoints\\sd_xl_refiner_1.0.safetensors', 20) group_size=1 oldest_arrival=1770834573.867
2026-02-11 19:29:33 | DEBUG | lightdiffusion.server | rid=- | Processing singleton group for signature ('./include/checkpoints\\juggernautXL_ragnarokBy.safetensors', False, 512, 512, False, False, 'simple', 'euler', 25, False, True, 0.5, 10, 8, True, False, 'None', 1.0, 'canny', './include/checkpoints\\sd_xl_refiner_1.0.safetensors', 20) immediately (age=0.000s). LD_BATCH_WAIT_SINGLETONS=False
2026-02-11 19:29:33 | DEBUG | lightdiffusion.server | rid=- | Processing group chosen_sig=('./include/checkpoints\\juggernautXL_ragnarokBy.safetensors', False, 512, 512, False, False, 'simple', 'euler', 25, False, True, 0.5, 10, 8, True, False, 'None', 1.0, 'canny', './include/checkpoints\\sd_xl_refiner_1.0.safetensors', 20) items=1 request_ids=['66a15291']
2026-02-11 19:29:33 | INFO | lightdiffusion.server | rid=- | Broadcasting preview step 0/25
2026-02-11 19:29:50 | INFO | lightdiffusion.server | rid=- | Broadcasting preview step 0/20
2026-02-11 19:29:50 | INFO | lightdiffusion.server | rid=- | Broadcasting preview step 5/20
2026-02-11 19:29:51 | INFO | lightdiffusion.server | rid=- | Broadcasting preview step 10/20
2026-02-11 19:29:52 | INFO | lightdiffusion.server | rid=- | Broadcasting preview step 15/20
2026-02-11 19:29:52 | INFO | lightdiffusion.server | rid=- | Broadcasting preview step 19/20
2026-02-11 19:30:05 | INFO | lightdiffusion.server | rid=- | Broadcasting preview step 0/5
2026-02-11 19:30:05 | INFO | lightdiffusion.server | rid=- | Broadcasting preview step 4/5
2026-02-11 19:30:29 | INFO | lightdiffusion.server | rid=- | Broadcasting preview step 0/20
2026-02-11 19:30:31 | INFO | lightdiffusion.server | rid=- | Broadcasting preview step 5/20
2026-02-11 19:30:32 | INFO | lightdiffusion.server | rid=- | Broadcasting preview step 10/20
2026-02-11 19:30:34 | INFO | lightdiffusion.server | rid=- | Broadcasting preview step 15/20
2026-02-11 19:30:35 | INFO | lightdiffusion.server | rid=- | Broadcasting preview step 19/20
2026-02-11 19:31:08 | INFO | lightdiffusion.server | rid=e8323868 | /api/generate called
2026-02-11 19:31:08 | DEBUG | lightdiffusion.server | rid=e8323868 | Request: w=512 h=512 num_images=1 batch=1 scheduler=simple sampler=euler steps=4 hiresfix=False adetailer=True enhance=False img2img=False stable_fast=False reuse_seed=False realistic=False multiscale=False intermittent=True factor=0.5 fullres=[10,8] keep_models_loaded=True enable_preview=True prompt='An astronaut riding a horse on mars, detailed, 8k' neg='blurry, low quality, distorted' img2img_image_present=False
2026-02-11 19:31:08 | DEBUG | lightdiffusion.server | rid=- | Batch worker: pending groups={"('./include/diffusion_model\\\\flux-2-klein-4b.safetensors', False, 512, 512, False, False, 'simple', 'euler', 4, False, True, 0.5, 10, 8, True, False, 'None', 1.0, 'canny', '', -1)": 1} chosen_sig=('./include/diffusion_model\\flux-2-klein-4b.safetensors', False, 512, 512, False, False, 'simple', 'euler', 4, False, True, 0.5, 10, 8, True, False, 'None', 1.0, 'canny', '', -1) group_size=1 oldest_arrival=1770834668.775
2026-02-11 19:31:08 | DEBUG | lightdiffusion.server | rid=- | Processing singleton group for signature ('./include/diffusion_model\\flux-2-klein-4b.safetensors', False, 512, 512, False, False, 'simple', 'euler', 4, False, True, 0.5, 10, 8, True, False, 'None', 1.0, 'canny', '', -1) immediately (age=0.000s). LD_BATCH_WAIT_SINGLETONS=False
2026-02-11 19:31:08 | DEBUG | lightdiffusion.server | rid=- | Processing group chosen_sig=('./include/diffusion_model\\flux-2-klein-4b.safetensors', False, 512, 512, False, False, 'simple', 'euler', 4, False, True, 0.5, 10, 8, True, False, 'None', 1.0, 'canny', '', -1) items=1 request_ids=['e8323868']
2026-02-11 19:31:08 | INFO | lightdiffusion.server | rid=- | Broadcasting preview step 0/4
2026-02-11 19:31:21 | ERROR | lightdiffusion.server | rid=- | Batch processing failed: No text encoder loaded
Traceback (most recent call last):
  File "C:\Users\Admin\Documents\LightDiffusion-Next\server.py", line 416, in _worker
    await self._process_group(to_process)
  File "C:\Users\Admin\Documents\LightDiffusion-Next\server.py", line 555, in _process_group
    result = await loop.run_in_executor(None, func)
             ^^^^^^^^^^^^^^^^^^^^^^^^^^^^^^^^^^^^^^
  File "C:\Users\Admin\AppData\Roaming\uv\python\cpython-3.12.12-windows-x86_64-none\Lib\concurrent\futures\thread.py", line 59, in run
    result = self.fn(*self.args, **self.kwargs)
             ^^^^^^^^^^^^^^^^^^^^^^^^^^^^^^^^^^
  File "C:\Users\Admin\Documents\LightDiffusion-Next\src\user\pipeline.py", line 277, in pipeline
    return pipeline_instance.run_batched(ctx, per_sample_info)
           ^^^^^^^^^^^^^^^^^^^^^^^^^^^^^^^^^^^^^^^^^^^^^^^^^^^
  File "C:\Users\Admin\Documents\LightDiffusion-Next\src\Core\Pipeline.py", line 565, in run_batched
    positive, negative = model.encode_prompt(prompts, negatives)
                         ^^^^^^^^^^^^^^^^^^^^^^^^^^^^^^^^^^^^^^^
  File "C:\Users\Admin\Documents\LightDiffusion-Next\src\Core\Models\Flux2KleinModel.py", line 678, in encode_prompt
    raise RuntimeError("No text encoder loaded")
RuntimeError: No text encoder loaded
2026-02-11 19:32:24 | INFO | lightdiffusion.server | rid=- | WebSocket client disconnected (remaining: 0)
2026-02-11 19:34:13 | INFO | lightdiffusion.server | rid=- | Shutting down frontend development server...
2026-02-11 19:34:13 | INFO | lightdiffusion.server | rid=- | Frontend development server shut down
2026-02-11 19:59:49 | DEBUG | lightdiffusion.server | rid=- | server module loaded; cwd=C:\Users\Admin\Documents\LightDiffusion-Next
2026-02-11 19:59:49 | INFO | lightdiffusion.server | rid=- | Pipeline and app_instance imported successfully
2026-02-11 19:59:49 | INFO | lightdiffusion.server | rid=- | Serving frontend from C:\Users\Admin\Documents\LightDiffusion-Next\frontend\dist
2026-02-11 20:00:14 | DEBUG | lightdiffusion.server | rid=- | No preview clients connected, skipping broadcast
2026-02-11 20:03:50 | DEBUG | lightdiffusion.server | rid=- | server module loaded; cwd=C:\Users\Admin\Documents\LightDiffusion-Next
2026-02-11 20:03:50 | INFO | lightdiffusion.server | rid=- | Pipeline and app_instance imported successfully
2026-02-11 20:03:50 | INFO | lightdiffusion.server | rid=- | Serving frontend from C:\Users\Admin\Documents\LightDiffusion-Next\frontend\dist
2026-02-11 20:03:50 | INFO | lightdiffusion.server | rid=- | Launching frontend development server...
2026-02-11 20:03:50 | INFO | lightdiffusion.server | rid=- | Frontend development server launched
2026-02-11 20:03:50 | DEBUG | lightdiffusion.server | rid=- | server module loaded; cwd=C:\Users\Admin\Documents\LightDiffusion-Next
2026-02-11 20:03:50 | INFO | lightdiffusion.server | rid=- | Pipeline and app_instance imported successfully
2026-02-11 20:03:50 | INFO | lightdiffusion.server | rid=- | Serving frontend from C:\Users\Admin\Documents\LightDiffusion-Next\frontend\dist
2026-02-11 20:03:50 | INFO | lightdiffusion.server | rid=- | GenerationBuffer worker task started
2026-02-11 20:03:50 | INFO | lightdiffusion.server | rid=- | Server startup complete, event loop captured for preview broadcasting
2026-02-11 20:03:50 | INFO | lightdiffusion.server | rid=- | Batching worker started; max_batch=4 timeout=0.5
2026-02-11 20:05:06 | INFO | lightdiffusion.server | rid=- | WebSocket client connected to /ws/preview (total: 1)
2026-02-11 20:05:22 | INFO | lightdiffusion.server | rid=608a3983 | /api/generate called
2026-02-11 20:05:22 | DEBUG | lightdiffusion.server | rid=608a3983 | Request: w=512 h=512 num_images=1 batch=1 scheduler=simple sampler=euler steps=25 hiresfix=False adetailer=True enhance=False img2img=False stable_fast=False reuse_seed=False realistic=False multiscale=False intermittent=True factor=0.5 fullres=[10,8] keep_models_loaded=True enable_preview=True prompt='An astronaut riding a horse on mars, detailed, 8k' neg='blurry, low quality, distorted' img2img_image_present=False
2026-02-11 20:05:22 | DEBUG | lightdiffusion.server | rid=- | Batch worker: pending groups={"('./include/checkpoints\\\\juggernautXL_ragnarokBy.safetensors', False, 512, 512, False, False, 'simple', 'euler', 25, False, True, 0.5, 10, 8, True, False, 'None', 1.0, 'canny', './include/checkpoints\\\\sd_xl_refiner_1.0.safetensors', 20)": 1} chosen_sig=('./include/checkpoints\\juggernautXL_ragnarokBy.safetensors', False, 512, 512, False, False, 'simple', 'euler', 25, False, True, 0.5, 10, 8, True, False, 'None', 1.0, 'canny', './include/checkpoints\\sd_xl_refiner_1.0.safetensors', 20) group_size=1 oldest_arrival=1770836722.466
2026-02-11 20:05:22 | DEBUG | lightdiffusion.server | rid=- | Processing singleton group for signature ('./include/checkpoints\\juggernautXL_ragnarokBy.safetensors', False, 512, 512, False, False, 'simple', 'euler', 25, False, True, 0.5, 10, 8, True, False, 'None', 1.0, 'canny', './include/checkpoints\\sd_xl_refiner_1.0.safetensors', 20) immediately (age=0.000s). LD_BATCH_WAIT_SINGLETONS=False
2026-02-11 20:05:22 | DEBUG | lightdiffusion.server | rid=- | Processing group chosen_sig=('./include/checkpoints\\juggernautXL_ragnarokBy.safetensors', False, 512, 512, False, False, 'simple', 'euler', 25, False, True, 0.5, 10, 8, True, False, 'None', 1.0, 'canny', './include/checkpoints\\sd_xl_refiner_1.0.safetensors', 20) items=1 request_ids=['608a3983']
2026-02-11 20:05:22 | INFO | lightdiffusion.server | rid=- | Broadcasting preview step 0/25
2026-02-11 20:05:48 | INFO | lightdiffusion.server | rid=- | Broadcasting preview step 0/20
2026-02-11 20:05:51 | INFO | lightdiffusion.server | rid=- | Broadcasting preview step 5/20
2026-02-11 20:05:52 | INFO | lightdiffusion.server | rid=- | Broadcasting preview step 10/20
2026-02-11 20:05:53 | INFO | lightdiffusion.server | rid=- | Broadcasting preview step 15/20
2026-02-11 20:05:54 | INFO | lightdiffusion.server | rid=- | Broadcasting preview step 19/20
2026-02-11 20:06:10 | INFO | lightdiffusion.server | rid=- | Broadcasting preview step 0/5
2026-02-11 20:06:11 | INFO | lightdiffusion.server | rid=- | Broadcasting preview step 4/5
2026-02-11 20:07:07 | INFO | lightdiffusion.server | rid=- | Broadcasting preview step 0/20
2026-02-11 20:07:11 | INFO | lightdiffusion.server | rid=- | Broadcasting preview step 5/20
2026-02-11 20:07:15 | INFO | lightdiffusion.server | rid=- | Broadcasting preview step 10/20
2026-02-11 20:07:18 | INFO | lightdiffusion.server | rid=- | Broadcasting preview step 15/20
2026-02-11 20:07:21 | INFO | lightdiffusion.server | rid=- | Broadcasting preview step 19/20
2026-02-11 20:09:00 | INFO | lightdiffusion.server | rid=- | WebSocket client disconnected (remaining: 0)
2026-02-11 20:09:00 | INFO | lightdiffusion.server | rid=- | Shutting down frontend development server...
2026-02-11 20:09:00 | INFO | lightdiffusion.server | rid=- | Frontend development server shut down
2026-02-11 20:23:57 | DEBUG | lightdiffusion.server | rid=- | server module loaded; cwd=C:\Users\Admin\Documents\LightDiffusion-Next
2026-02-11 20:23:57 | INFO | lightdiffusion.server | rid=- | Pipeline and app_instance imported successfully
2026-02-11 20:23:57 | INFO | lightdiffusion.server | rid=- | Serving frontend from C:\Users\Admin\Documents\LightDiffusion-Next\frontend\dist
2026-02-11 20:23:57 | INFO | lightdiffusion.server | rid=- | Launching frontend development server...
2026-02-11 20:23:57 | INFO | lightdiffusion.server | rid=- | Frontend development server launched
2026-02-11 20:23:57 | DEBUG | lightdiffusion.server | rid=- | server module loaded; cwd=C:\Users\Admin\Documents\LightDiffusion-Next
2026-02-11 20:23:57 | INFO | lightdiffusion.server | rid=- | Pipeline and app_instance imported successfully
2026-02-11 20:23:57 | INFO | lightdiffusion.server | rid=- | Serving frontend from C:\Users\Admin\Documents\LightDiffusion-Next\frontend\dist
2026-02-11 20:23:57 | INFO | lightdiffusion.server | rid=- | GenerationBuffer worker task started
2026-02-11 20:23:57 | INFO | lightdiffusion.server | rid=- | Server startup complete, event loop captured for preview broadcasting
2026-02-11 20:23:57 | INFO | lightdiffusion.server | rid=- | Batching worker started; max_batch=4 timeout=0.5
2026-02-11 20:24:59 | INFO | lightdiffusion.server | rid=df595c61 | /api/generate called
2026-02-11 20:24:59 | DEBUG | lightdiffusion.server | rid=df595c61 | Request: w=1024 h=1024 num_images=1 batch=1 scheduler=normal sampler=euler_ancestral steps=20 hiresfix=False adetailer=True enhance=False img2img=False stable_fast=False reuse_seed=True realistic=False multiscale=False intermittent=True factor=0.5 fullres=[10,8] keep_models_loaded=True enable_preview=False prompt='photo of a full body cowboy standing in the desert, detailed face, western' neg='blurry, ugly, distorted, deformed' img2img_image_present=False
2026-02-11 20:24:59 | DEBUG | lightdiffusion.server | rid=- | Batch worker: pending groups={"('None', False, 1024, 1024, False, False, 'normal', 'euler_ancestral', 20, False, True, 0.5, 10, 8, True, False, 'None', 1.0, 'canny', '', -1)": 1} chosen_sig=('None', False, 1024, 1024, False, False, 'normal', 'euler_ancestral', 20, False, True, 0.5, 10, 8, True, False, 'None', 1.0, 'canny', '', -1) group_size=1 oldest_arrival=1770837899.139
2026-02-11 20:24:59 | DEBUG | lightdiffusion.server | rid=- | Processing singleton group for signature ('None', False, 1024, 1024, False, False, 'normal', 'euler_ancestral', 20, False, True, 0.5, 10, 8, True, False, 'None', 1.0, 'canny', '', -1) immediately (age=0.002s). LD_BATCH_WAIT_SINGLETONS=False
2026-02-11 20:24:59 | DEBUG | lightdiffusion.server | rid=- | Processing group chosen_sig=('None', False, 1024, 1024, False, False, 'normal', 'euler_ancestral', 20, False, True, 0.5, 10, 8, True, False, 'None', 1.0, 'canny', '', -1) items=1 request_ids=['df595c61']
2026-02-11 20:24:59 | DEBUG | lightdiffusion.server | rid=- | No preview clients connected, skipping broadcast
2026-02-11 20:25:02 | ERROR | lightdiffusion.server | rid=- | Batch processing failed: No such file or directory: ./include/checkpoints/DreamShaper_8_pruned.safetensors
Traceback (most recent call last):
  File "C:\Users\Admin\Documents\LightDiffusion-Next\server.py", line 416, in _worker
    await self._process_group(to_process)
  File "C:\Users\Admin\Documents\LightDiffusion-Next\server.py", line 555, in _process_group
    result = await loop.run_in_executor(None, func)
             ^^^^^^^^^^^^^^^^^^^^^^^^^^^^^^^^^^^^^^
  File "C:\Users\Admin\AppData\Roaming\uv\python\cpython-3.12.12-windows-x86_64-none\Lib\concurrent\futures\thread.py", line 59, in run
    result = self.fn(*self.args, **self.kwargs)
             ^^^^^^^^^^^^^^^^^^^^^^^^^^^^^^^^^^
  File "C:\Users\Admin\Documents\LightDiffusion-Next\src\user\pipeline.py", line 277, in pipeline
    return pipeline_instance.run_batched(ctx, per_sample_info)
           ^^^^^^^^^^^^^^^^^^^^^^^^^^^^^^^^^^^^^^^^^^^^^^^^^^^
  File "C:\Users\Admin\Documents\LightDiffusion-Next\src\Core\Pipeline.py", line 561, in run_batched
    model = self._load_model(ctx)
            ^^^^^^^^^^^^^^^^^^^^^
  File "C:\Users\Admin\Documents\LightDiffusion-Next\src\Core\Pipeline.py", line 915, in _load_model
    model.load()
  File "C:\Users\Admin\Documents\LightDiffusion-Next\src\Core\Models\SD15Model.py", line 79, in load
    result = loader.load_checkpoint(ckpt_name=path)
             ^^^^^^^^^^^^^^^^^^^^^^^^^^^^^^^^^^^^^^
  File "C:\Users\Admin\Documents\LightDiffusion-Next\src\FileManaging\Loader.py", line 161, in load_checkpoint
    out = load_checkpoint_guess_config(
          ^^^^^^^^^^^^^^^^^^^^^^^^^^^^^
  File "C:\Users\Admin\Documents\LightDiffusion-Next\src\FileManaging\Loader.py", line 32, in load_checkpoint_guess_config
    sd = util.load_torch_file(ckpt_path)
         ^^^^^^^^^^^^^^^^^^^^^^^^^^^^^^^
  File "C:\Users\Admin\Documents\LightDiffusion-Next\src\Utilities\util.py", line 125, in load_torch_file
    sd = safetensors.torch.load_file(ckpt, device=device.type)
         ^^^^^^^^^^^^^^^^^^^^^^^^^^^^^^^^^^^^^^^^^^^^^^^^^^^^^
  File "C:\Users\Admin\Documents\LightDiffusion-Next\.venv\Lib\site-packages\safetensors\torch.py", line 336, in load_file
    with safe_open(filename, framework="pt", device=device) as f:
         ^^^^^^^^^^^^^^^^^^^^^^^^^^^^^^^^^^^^^^^^^^^^^^^^^^
FileNotFoundError: No such file or directory: ./include/checkpoints/DreamShaper_8_pruned.safetensors
2026-02-11 20:27:02 | INFO | lightdiffusion.server | rid=33f4ac7a | /api/generate called
2026-02-11 20:27:02 | DEBUG | lightdiffusion.server | rid=33f4ac7a | Request: w=1024 h=1024 num_images=1 batch=1 scheduler=normal sampler=euler_ancestral steps=20 hiresfix=False adetailer=True enhance=False img2img=False stable_fast=False reuse_seed=True realistic=False multiscale=False intermittent=True factor=0.5 fullres=[10,8] keep_models_loaded=True enable_preview=False prompt='photo of a full body cowboy standing in the desert, detailed face, western' neg='blurry, ugly, distorted, deformed' img2img_image_present=False
2026-02-11 20:27:02 | DEBUG | lightdiffusion.server | rid=- | Batch worker: pending groups={"('./include/checkpoints/juggernautXL_ragnarokBy.safetensors', False, 1024, 1024, False, False, 'normal', 'euler_ancestral', 20, False, True, 0.5, 10, 8, True, False, 'None', 1.0, 'canny', 'None', -1)": 1} chosen_sig=('./include/checkpoints/juggernautXL_ragnarokBy.safetensors', False, 1024, 1024, False, False, 'normal', 'euler_ancestral', 20, False, True, 0.5, 10, 8, True, False, 'None', 1.0, 'canny', 'None', -1) group_size=1 oldest_arrival=1770838022.890
2026-02-11 20:27:02 | DEBUG | lightdiffusion.server | rid=- | Processing singleton group for signature ('./include/checkpoints/juggernautXL_ragnarokBy.safetensors', False, 1024, 1024, False, False, 'normal', 'euler_ancestral', 20, False, True, 0.5, 10, 8, True, False, 'None', 1.0, 'canny', 'None', -1) immediately (age=0.000s). LD_BATCH_WAIT_SINGLETONS=False
2026-02-11 20:27:02 | DEBUG | lightdiffusion.server | rid=- | Processing group chosen_sig=('./include/checkpoints/juggernautXL_ragnarokBy.safetensors', False, 1024, 1024, False, False, 'normal', 'euler_ancestral', 20, False, True, 0.5, 10, 8, True, False, 'None', 1.0, 'canny', 'None', -1) items=1 request_ids=['33f4ac7a']
2026-02-11 20:27:02 | DEBUG | lightdiffusion.server | rid=- | No preview clients connected, skipping broadcast
2026-02-11 20:27:28 | DEBUG | lightdiffusion.server | rid=- | No preview clients connected, skipping broadcast
2026-02-11 20:27:44 | DEBUG | lightdiffusion.server | rid=- | No preview clients connected, skipping broadcast
2026-02-11 20:29:04 | DEBUG | lightdiffusion.server | rid=- | No preview clients connected, skipping broadcast
2026-02-11 20:29:14 | DEBUG | lightdiffusion.server | rid=- | No preview clients connected, skipping broadcast
2026-02-11 20:32:07 | DEBUG | lightdiffusion.server | rid=- | server module loaded; cwd=C:\Users\Admin\Documents\LightDiffusion-Next
2026-02-11 20:32:07 | INFO | lightdiffusion.server | rid=- | Pipeline and app_instance imported successfully
2026-02-11 20:32:07 | INFO | lightdiffusion.server | rid=- | Serving frontend from C:\Users\Admin\Documents\LightDiffusion-Next\frontend\dist
2026-02-11 20:32:07 | INFO | lightdiffusion.server | rid=- | Launching frontend development server...
2026-02-11 20:32:07 | INFO | lightdiffusion.server | rid=- | Frontend development server launched
2026-02-11 20:32:07 | DEBUG | lightdiffusion.server | rid=- | server module loaded; cwd=C:\Users\Admin\Documents\LightDiffusion-Next
2026-02-11 20:32:07 | INFO | lightdiffusion.server | rid=- | Pipeline and app_instance imported successfully
2026-02-11 20:32:07 | INFO | lightdiffusion.server | rid=- | Serving frontend from C:\Users\Admin\Documents\LightDiffusion-Next\frontend\dist
2026-02-11 20:32:07 | INFO | lightdiffusion.server | rid=- | GenerationBuffer worker task started
2026-02-11 20:32:07 | INFO | lightdiffusion.server | rid=- | Server startup complete, event loop captured for preview broadcasting
2026-02-11 20:32:07 | INFO | lightdiffusion.server | rid=- | Batching worker started; max_batch=4 timeout=0.5
2026-02-11 20:33:06 | INFO | lightdiffusion.server | rid=70d2c82f | /api/generate called
2026-02-11 20:33:06 | DEBUG | lightdiffusion.server | rid=70d2c82f | Request: w=1024 h=1024 num_images=1 batch=1 scheduler=normal sampler=euler_ancestral steps=20 hiresfix=False adetailer=True enhance=False img2img=False stable_fast=False reuse_seed=True realistic=False multiscale=False intermittent=True factor=0.5 fullres=[10,8] keep_models_loaded=True enable_preview=False prompt='photo of a full body cowboy standing in the desert, detailed face, western' neg='blurry, ugly, distorted, deformed' img2img_image_present=False
2026-02-11 20:33:06 | DEBUG | lightdiffusion.server | rid=- | Batch worker: pending groups={"('./include/checkpoints/juggernautXL_ragnarokBy.safetensors', False, 1024, 1024, False, False, 'normal', 'euler_ancestral', 20, False, True, 0.5, 10, 8, True, False, 'None', 1.0, 'canny', 'None', -1)": 1} chosen_sig=('./include/checkpoints/juggernautXL_ragnarokBy.safetensors', False, 1024, 1024, False, False, 'normal', 'euler_ancestral', 20, False, True, 0.5, 10, 8, True, False, 'None', 1.0, 'canny', 'None', -1) group_size=1 oldest_arrival=1770838386.369
2026-02-11 20:33:06 | DEBUG | lightdiffusion.server | rid=- | Processing singleton group for signature ('./include/checkpoints/juggernautXL_ragnarokBy.safetensors', False, 1024, 1024, False, False, 'normal', 'euler_ancestral', 20, False, True, 0.5, 10, 8, True, False, 'None', 1.0, 'canny', 'None', -1) immediately (age=0.001s). LD_BATCH_WAIT_SINGLETONS=False
2026-02-11 20:33:06 | DEBUG | lightdiffusion.server | rid=- | Processing group chosen_sig=('./include/checkpoints/juggernautXL_ragnarokBy.safetensors', False, 1024, 1024, False, False, 'normal', 'euler_ancestral', 20, False, True, 0.5, 10, 8, True, False, 'None', 1.0, 'canny', 'None', -1) items=1 request_ids=['70d2c82f']
2026-02-11 20:33:06 | DEBUG | lightdiffusion.server | rid=- | No preview clients connected, skipping broadcast
2026-02-11 20:33:22 | DEBUG | lightdiffusion.server | rid=- | No preview clients connected, skipping broadcast
2026-02-11 20:33:35 | DEBUG | lightdiffusion.server | rid=- | No preview clients connected, skipping broadcast
2026-02-11 20:33:54 | INFO | lightdiffusion.server | rid=- | WebSocket client connected to /ws/preview (total: 1)
2026-02-11 20:34:10 | INFO | lightdiffusion.server | rid=- | WebSocket client disconnected (remaining: 0)
2026-02-11 20:34:39 | DEBUG | lightdiffusion.server | rid=- | No preview clients connected, skipping broadcast
2026-02-11 20:34:44 | DEBUG | lightdiffusion.server | rid=- | No preview clients connected, skipping broadcast
2026-02-11 20:35:30 | DEBUG | lightdiffusion.server | rid=- | No preview clients connected, skipping broadcast
2026-02-11 20:35:36 | DEBUG | lightdiffusion.server | rid=- | No preview clients connected, skipping broadcast
2026-02-11 20:40:34 | DEBUG | lightdiffusion.server | rid=- | server module loaded; cwd=C:\Users\Admin\Documents\LightDiffusion-Next
2026-02-11 20:40:34 | INFO | lightdiffusion.server | rid=- | Pipeline and app_instance imported successfully
2026-02-11 20:40:34 | INFO | lightdiffusion.server | rid=- | Serving frontend from C:\Users\Admin\Documents\LightDiffusion-Next\frontend\dist
2026-02-11 20:40:34 | INFO | lightdiffusion.server | rid=- | Launching frontend development server...
2026-02-11 20:40:34 | INFO | lightdiffusion.server | rid=- | Frontend development server launched
2026-02-11 20:40:34 | DEBUG | lightdiffusion.server | rid=- | server module loaded; cwd=C:\Users\Admin\Documents\LightDiffusion-Next
2026-02-11 20:40:34 | INFO | lightdiffusion.server | rid=- | Pipeline and app_instance imported successfully
2026-02-11 20:40:34 | INFO | lightdiffusion.server | rid=- | Serving frontend from C:\Users\Admin\Documents\LightDiffusion-Next\frontend\dist
2026-02-11 20:40:34 | INFO | lightdiffusion.server | rid=- | GenerationBuffer worker task started
2026-02-11 20:40:34 | INFO | lightdiffusion.server | rid=- | Server startup complete, event loop captured for preview broadcasting
2026-02-11 20:40:34 | INFO | lightdiffusion.server | rid=- | Batching worker started; max_batch=4 timeout=0.5
2026-02-11 20:41:34 | INFO | lightdiffusion.server | rid=49a4448e | /api/generate called
2026-02-11 20:41:34 | DEBUG | lightdiffusion.server | rid=49a4448e | Request: w=1024 h=1024 num_images=1 batch=1 scheduler=normal sampler=euler_ancestral steps=20 hiresfix=False adetailer=True enhance=False img2img=False stable_fast=False reuse_seed=True realistic=False multiscale=False intermittent=True factor=0.5 fullres=[10,8] keep_models_loaded=True enable_preview=False prompt='photo of a full body cowboy standing in the desert, detailed face, western' neg='blurry, ugly, distorted, deformed' img2img_image_present=False
2026-02-11 20:41:34 | DEBUG | lightdiffusion.server | rid=- | Batch worker: pending groups={"('./include/checkpoints/juggernautXL_ragnarokBy.safetensors', False, 1024, 1024, False, False, 'normal', 'euler_ancestral', 20, False, True, 0.5, 10, 8, True, False, 'None', 1.0, 'canny', 'None', -1)": 1} chosen_sig=('./include/checkpoints/juggernautXL_ragnarokBy.safetensors', False, 1024, 1024, False, False, 'normal', 'euler_ancestral', 20, False, True, 0.5, 10, 8, True, False, 'None', 1.0, 'canny', 'None', -1) group_size=1 oldest_arrival=1770838894.272
2026-02-11 20:41:34 | DEBUG | lightdiffusion.server | rid=- | Processing singleton group for signature ('./include/checkpoints/juggernautXL_ragnarokBy.safetensors', False, 1024, 1024, False, False, 'normal', 'euler_ancestral', 20, False, True, 0.5, 10, 8, True, False, 'None', 1.0, 'canny', 'None', -1) immediately (age=0.000s). LD_BATCH_WAIT_SINGLETONS=False
2026-02-11 20:41:34 | DEBUG | lightdiffusion.server | rid=- | Processing group chosen_sig=('./include/checkpoints/juggernautXL_ragnarokBy.safetensors', False, 1024, 1024, False, False, 'normal', 'euler_ancestral', 20, False, True, 0.5, 10, 8, True, False, 'None', 1.0, 'canny', 'None', -1) items=1 request_ids=['49a4448e']
2026-02-11 20:41:34 | DEBUG | lightdiffusion.server | rid=- | No preview clients connected, skipping broadcast
2026-02-11 20:41:54 | DEBUG | lightdiffusion.server | rid=- | No preview clients connected, skipping broadcast
2026-02-11 20:42:12 | DEBUG | lightdiffusion.server | rid=- | No preview clients connected, skipping broadcast
2026-02-11 20:43:30 | DEBUG | lightdiffusion.server | rid=- | No preview clients connected, skipping broadcast
2026-02-11 20:43:41 | DEBUG | lightdiffusion.server | rid=- | No preview clients connected, skipping broadcast
2026-02-11 20:44:51 | DEBUG | lightdiffusion.server | rid=- | No preview clients connected, skipping broadcast
2026-02-11 20:45:04 | DEBUG | lightdiffusion.server | rid=- | No preview clients connected, skipping broadcast
2026-02-11 20:47:18 | DEBUG | lightdiffusion.server | rid=- | server module loaded; cwd=C:\Users\Admin\Documents\LightDiffusion-Next
2026-02-11 20:47:18 | INFO | lightdiffusion.server | rid=- | Pipeline and app_instance imported successfully
2026-02-11 20:47:18 | INFO | lightdiffusion.server | rid=- | Serving frontend from C:\Users\Admin\Documents\LightDiffusion-Next\frontend\dist
2026-02-11 20:47:24 | INFO | lightdiffusion.server | rid=83887b41 | /api/generate called
2026-02-11 20:47:24 | DEBUG | lightdiffusion.server | rid=83887b41 | Request: w=512 h=512 num_images=1 batch=1 scheduler=ays sampler=dpmpp_sde_cfgpp steps=20 hiresfix=False adetailer=False enhance=False img2img=False stable_fast=False reuse_seed=False realistic=False multiscale=False intermittent=True factor=0.5 fullres=[10,8] keep_models_loaded=True enable_preview=True prompt='test' neg='' img2img_image_present=False
2026-02-11 20:47:24 | INFO | lightdiffusion.server | rid=- | Saved img2img image to C:\Users\Admin\AppData\Local\Temp\img2img-c43b6292.png
2026-02-11 20:47:24 | INFO | lightdiffusion.server | rid=- | Saved img2img image to C:\Users\Admin\AppData\Local\Temp\img2img-92549365.png
2026-02-11 20:47:24 | INFO | lightdiffusion.server | rid=f20aff1f | /api/generate called
2026-02-11 20:47:24 | DEBUG | lightdiffusion.server | rid=f20aff1f | Request: w=512 h=512 num_images=1 batch=1 scheduler=ays sampler=dpmpp_sde_cfgpp steps=20 hiresfix=False adetailer=False enhance=False img2img=True stable_fast=False reuse_seed=False realistic=False multiscale=False intermittent=True factor=0.5 fullres=[10,8] keep_models_loaded=True enable_preview=False prompt='test' neg='' img2img_image_present=True
2026-02-11 20:47:24 | INFO | lightdiffusion.server | rid=- | Saved img2img image to C:\Users\Admin\AppData\Local\Temp\img2img-b3882b60.png
2026-02-11 20:47:24 | INFO | lightdiffusion.server | rid=f20aff1f | Img2Img upload received and written to C:\Users\Admin\AppData\Local\Temp\img2img-b3882b60.png
2026-02-11 20:47:39 | DEBUG | lightdiffusion.server | rid=- | server module loaded; cwd=C:\Users\Admin\Documents\LightDiffusion-Next
2026-02-11 20:47:39 | INFO | lightdiffusion.server | rid=- | Pipeline and app_instance imported successfully
2026-02-11 20:47:40 | INFO | lightdiffusion.server | rid=- | Serving frontend from C:\Users\Admin\Documents\LightDiffusion-Next\frontend\dist
2026-02-11 20:47:40 | DEBUG | lightdiffusion.server | rid=- | server module loaded; cwd=C:\Users\Admin\Documents\LightDiffusion-Next
2026-02-11 20:47:40 | INFO | lightdiffusion.server | rid=- | Pipeline and app_instance imported successfully
2026-02-11 20:47:40 | INFO | lightdiffusion.server | rid=- | Serving frontend from C:\Users\Admin\Documents\LightDiffusion-Next\frontend\dist
2026-02-11 20:47:40 | INFO | lightdiffusion.server | rid=- | GenerationBuffer worker task started
2026-02-11 20:47:40 | INFO | lightdiffusion.server | rid=- | Server startup complete, event loop captured for preview broadcasting
2026-02-11 20:47:40 | INFO | lightdiffusion.server | rid=- | Batching worker started; max_batch=4 timeout=0.5
2026-02-11 20:48:10 | INFO | lightdiffusion.server | rid=1cbcb65c | /api/generate called
2026-02-11 20:48:10 | DEBUG | lightdiffusion.server | rid=1cbcb65c | Request: w=512 h=512 num_images=1 batch=1 scheduler=ays sampler=dpmpp_sde_cfgpp steps=1 hiresfix=False adetailer=False enhance=False img2img=False stable_fast=False reuse_seed=False realistic=False multiscale=False intermittent=True factor=0.5 fullres=[10,8] keep_models_loaded=True enable_preview=False prompt='a beautiful landscape' neg='' img2img_image_present=False
2026-02-11 20:48:10 | DEBUG | lightdiffusion.server | rid=- | Batch worker: pending groups={"('None', False, 512, 512, False, False, 'ays', 'dpmpp_sde_cfgpp', 1, False, True, 0.5, 10, 8, True, False, 'None', 1.0, 'canny', '', -1)": 1} chosen_sig=('None', False, 512, 512, False, False, 'ays', 'dpmpp_sde_cfgpp', 1, False, True, 0.5, 10, 8, True, False, 'None', 1.0, 'canny', '', -1) group_size=1 oldest_arrival=1770839290.052
2026-02-11 20:48:10 | DEBUG | lightdiffusion.server | rid=- | Processing singleton group for signature ('None', False, 512, 512, False, False, 'ays', 'dpmpp_sde_cfgpp', 1, False, True, 0.5, 10, 8, True, False, 'None', 1.0, 'canny', '', -1) immediately (age=0.000s). LD_BATCH_WAIT_SINGLETONS=False
2026-02-11 20:48:10 | DEBUG | lightdiffusion.server | rid=- | Processing group chosen_sig=('None', False, 512, 512, False, False, 'ays', 'dpmpp_sde_cfgpp', 1, False, True, 0.5, 10, 8, True, False, 'None', 1.0, 'canny', '', -1) items=1 request_ids=['1cbcb65c']
2026-02-11 20:48:10 | DEBUG | lightdiffusion.server | rid=- | No preview clients connected, skipping broadcast
2026-02-11 20:48:10 | ERROR | lightdiffusion.server | rid=- | Batch processing failed: No such file or directory: ./include/checkpoints/DreamShaper_8_pruned.safetensors
Traceback (most recent call last):
  File "C:\Users\Admin\Documents\LightDiffusion-Next\server.py", line 416, in _worker
    await self._process_group(to_process)
  File "C:\Users\Admin\Documents\LightDiffusion-Next\server.py", line 555, in _process_group
    result = await loop.run_in_executor(None, func)
             ^^^^^^^^^^^^^^^^^^^^^^^^^^^^^^^^^^^^^^
  File "C:\Users\Admin\AppData\Roaming\uv\python\cpython-3.12.12-windows-x86_64-none\Lib\concurrent\futures\thread.py", line 59, in run
    result = self.fn(*self.args, **self.kwargs)
             ^^^^^^^^^^^^^^^^^^^^^^^^^^^^^^^^^^
  File "C:\Users\Admin\Documents\LightDiffusion-Next\src\user\pipeline.py", line 277, in pipeline
    return pipeline_instance.run_batched(ctx, per_sample_info)
           ^^^^^^^^^^^^^^^^^^^^^^^^^^^^^^^^^^^^^^^^^^^^^^^^^^^
  File "C:\Users\Admin\Documents\LightDiffusion-Next\src\Core\Pipeline.py", line 561, in run_batched
    model = self._load_model(ctx)
            ^^^^^^^^^^^^^^^^^^^^^
  File "C:\Users\Admin\Documents\LightDiffusion-Next\src\Core\Pipeline.py", line 915, in _load_model
    model.load()
  File "C:\Users\Admin\Documents\LightDiffusion-Next\src\Core\Models\SD15Model.py", line 79, in load
    result = loader.load_checkpoint(ckpt_name=path)
             ^^^^^^^^^^^^^^^^^^^^^^^^^^^^^^^^^^^^^^
  File "C:\Users\Admin\Documents\LightDiffusion-Next\src\FileManaging\Loader.py", line 161, in load_checkpoint
    out = load_checkpoint_guess_config(
          ^^^^^^^^^^^^^^^^^^^^^^^^^^^^^
  File "C:\Users\Admin\Documents\LightDiffusion-Next\src\FileManaging\Loader.py", line 32, in load_checkpoint_guess_config
    sd = util.load_torch_file(ckpt_path)
         ^^^^^^^^^^^^^^^^^^^^^^^^^^^^^^^
  File "C:\Users\Admin\Documents\LightDiffusion-Next\src\Utilities\util.py", line 125, in load_torch_file
    sd = safetensors.torch.load_file(ckpt, device=device.type)
         ^^^^^^^^^^^^^^^^^^^^^^^^^^^^^^^^^^^^^^^^^^^^^^^^^^^^^
  File "C:\Users\Admin\Documents\LightDiffusion-Next\.venv\Lib\site-packages\safetensors\torch.py", line 336, in load_file
    with safe_open(filename, framework="pt", device=device) as f:
         ^^^^^^^^^^^^^^^^^^^^^^^^^^^^^^^^^^^^^^^^^^^^^^^^^^
FileNotFoundError: No such file or directory: ./include/checkpoints/DreamShaper_8_pruned.safetensors
2026-02-11 20:51:27 | DEBUG | lightdiffusion.server | rid=- | server module loaded; cwd=C:\Users\Admin\Documents\LightDiffusion-Next
2026-02-11 20:51:27 | INFO | lightdiffusion.server | rid=- | Pipeline and app_instance imported successfully
2026-02-11 20:51:28 | INFO | lightdiffusion.server | rid=- | Serving frontend from C:\Users\Admin\Documents\LightDiffusion-Next\frontend\dist
2026-02-11 20:51:32 | INFO | lightdiffusion.server | rid=75c69fac | /api/generate called
2026-02-11 20:51:32 | DEBUG | lightdiffusion.server | rid=75c69fac | Request: w=512 h=512 num_images=1 batch=1 scheduler=ays sampler=dpmpp_sde_cfgpp steps=20 hiresfix=False adetailer=False enhance=False img2img=False stable_fast=False reuse_seed=False realistic=False multiscale=False intermittent=True factor=0.5 fullres=[10,8] keep_models_loaded=True enable_preview=True prompt='test' neg='' img2img_image_present=False
2026-02-11 20:51:32 | INFO | lightdiffusion.server | rid=- | Saved img2img image to C:\Users\Admin\AppData\Local\Temp\img2img-1b102381.png
2026-02-11 20:51:32 | INFO | lightdiffusion.server | rid=- | Saved img2img image to C:\Users\Admin\AppData\Local\Temp\img2img-86589b6f.png
2026-02-11 20:51:32 | INFO | lightdiffusion.server | rid=5d63029e | /api/generate called
2026-02-11 20:51:32 | DEBUG | lightdiffusion.server | rid=5d63029e | Request: w=512 h=512 num_images=1 batch=1 scheduler=ays sampler=dpmpp_sde_cfgpp steps=20 hiresfix=False adetailer=False enhance=False img2img=True stable_fast=False reuse_seed=False realistic=False multiscale=False intermittent=True factor=0.5 fullres=[10,8] keep_models_loaded=True enable_preview=False prompt='test' neg='' img2img_image_present=True
2026-02-11 20:51:32 | INFO | lightdiffusion.server | rid=- | Saved img2img image to C:\Users\Admin\AppData\Local\Temp\img2img-d37d1a20.png
2026-02-11 20:51:32 | INFO | lightdiffusion.server | rid=5d63029e | Img2Img upload received and written to C:\Users\Admin\AppData\Local\Temp\img2img-d37d1a20.png
2026-02-11 20:51:43 | DEBUG | lightdiffusion.server | rid=- | server module loaded; cwd=C:\Users\Admin\Documents\LightDiffusion-Next
2026-02-11 20:51:43 | INFO | lightdiffusion.server | rid=- | Pipeline and app_instance imported successfully
2026-02-11 20:51:44 | INFO | lightdiffusion.server | rid=- | Serving frontend from C:\Users\Admin\Documents\LightDiffusion-Next\frontend\dist
2026-02-11 20:51:44 | DEBUG | lightdiffusion.server | rid=- | server module loaded; cwd=C:\Users\Admin\Documents\LightDiffusion-Next
2026-02-11 20:51:44 | INFO | lightdiffusion.server | rid=- | Pipeline and app_instance imported successfully
2026-02-11 20:51:44 | INFO | lightdiffusion.server | rid=- | Serving frontend from C:\Users\Admin\Documents\LightDiffusion-Next\frontend\dist
2026-02-11 20:51:44 | INFO | lightdiffusion.server | rid=- | GenerationBuffer worker task started
2026-02-11 20:51:44 | INFO | lightdiffusion.server | rid=- | Server startup complete, event loop captured for preview broadcasting
2026-02-11 20:51:44 | INFO | lightdiffusion.server | rid=- | Batching worker started; max_batch=4 timeout=0.5
2026-02-11 20:52:13 | INFO | lightdiffusion.server | rid=d5afcd09 | /api/generate called
2026-02-11 20:52:13 | DEBUG | lightdiffusion.server | rid=d5afcd09 | Request: w=512 h=512 num_images=1 batch=1 scheduler=ays sampler=dpmpp_sde_cfgpp steps=1 hiresfix=False adetailer=False enhance=False img2img=False stable_fast=False reuse_seed=False realistic=False multiscale=False intermittent=True factor=0.5 fullres=[10,8] keep_models_loaded=True enable_preview=False prompt='a beautiful landscape' neg='' img2img_image_present=False
2026-02-11 20:52:13 | DEBUG | lightdiffusion.server | rid=- | Batch worker: pending groups={"('None', False, 512, 512, False, False, 'ays', 'dpmpp_sde_cfgpp', 1, False, True, 0.5, 10, 8, True, False, 'None', 1.0, 'canny', '', -1)": 1} chosen_sig=('None', False, 512, 512, False, False, 'ays', 'dpmpp_sde_cfgpp', 1, False, True, 0.5, 10, 8, True, False, 'None', 1.0, 'canny', '', -1) group_size=1 oldest_arrival=1770839533.376
2026-02-11 20:52:13 | DEBUG | lightdiffusion.server | rid=- | Processing singleton group for signature ('None', False, 512, 512, False, False, 'ays', 'dpmpp_sde_cfgpp', 1, False, True, 0.5, 10, 8, True, False, 'None', 1.0, 'canny', '', -1) immediately (age=0.000s). LD_BATCH_WAIT_SINGLETONS=False
2026-02-11 20:52:13 | DEBUG | lightdiffusion.server | rid=- | Processing group chosen_sig=('None', False, 512, 512, False, False, 'ays', 'dpmpp_sde_cfgpp', 1, False, True, 0.5, 10, 8, True, False, 'None', 1.0, 'canny', '', -1) items=1 request_ids=['d5afcd09']
2026-02-11 20:52:13 | DEBUG | lightdiffusion.server | rid=- | No preview clients connected, skipping broadcast
2026-02-11 20:52:14 | ERROR | lightdiffusion.server | rid=- | Batch processing failed: No such file or directory: ./include/checkpoints/DreamShaper_8_pruned.safetensors
Traceback (most recent call last):
  File "C:\Users\Admin\Documents\LightDiffusion-Next\server.py", line 416, in _worker
    await self._process_group(to_process)
  File "C:\Users\Admin\Documents\LightDiffusion-Next\server.py", line 555, in _process_group
    result = await loop.run_in_executor(None, func)
             ^^^^^^^^^^^^^^^^^^^^^^^^^^^^^^^^^^^^^^
  File "C:\Users\Admin\AppData\Roaming\uv\python\cpython-3.12.12-windows-x86_64-none\Lib\concurrent\futures\thread.py", line 59, in run
    result = self.fn(*self.args, **self.kwargs)
             ^^^^^^^^^^^^^^^^^^^^^^^^^^^^^^^^^^
  File "C:\Users\Admin\Documents\LightDiffusion-Next\src\user\pipeline.py", line 277, in pipeline
    return pipeline_instance.run_batched(ctx, per_sample_info)
           ^^^^^^^^^^^^^^^^^^^^^^^^^^^^^^^^^^^^^^^^^^^^^^^^^^^
  File "C:\Users\Admin\Documents\LightDiffusion-Next\src\Core\Pipeline.py", line 561, in run_batched
    model = self._load_model(ctx)
            ^^^^^^^^^^^^^^^^^^^^^
  File "C:\Users\Admin\Documents\LightDiffusion-Next\src\Core\Pipeline.py", line 915, in _load_model
    model.load()
  File "C:\Users\Admin\Documents\LightDiffusion-Next\src\Core\Models\SD15Model.py", line 79, in load
    result = loader.load_checkpoint(ckpt_name=path)
             ^^^^^^^^^^^^^^^^^^^^^^^^^^^^^^^^^^^^^^
  File "C:\Users\Admin\Documents\LightDiffusion-Next\src\FileManaging\Loader.py", line 161, in load_checkpoint
    out = load_checkpoint_guess_config(
          ^^^^^^^^^^^^^^^^^^^^^^^^^^^^^
  File "C:\Users\Admin\Documents\LightDiffusion-Next\src\FileManaging\Loader.py", line 32, in load_checkpoint_guess_config
    sd = util.load_torch_file(ckpt_path)
         ^^^^^^^^^^^^^^^^^^^^^^^^^^^^^^^
  File "C:\Users\Admin\Documents\LightDiffusion-Next\src\Utilities\util.py", line 125, in load_torch_file
    sd = safetensors.torch.load_file(ckpt, device=device.type)
         ^^^^^^^^^^^^^^^^^^^^^^^^^^^^^^^^^^^^^^^^^^^^^^^^^^^^^
  File "C:\Users\Admin\Documents\LightDiffusion-Next\.venv\Lib\site-packages\safetensors\torch.py", line 336, in load_file
    with safe_open(filename, framework="pt", device=device) as f:
         ^^^^^^^^^^^^^^^^^^^^^^^^^^^^^^^^^^^^^^^^^^^^^^^^^^
FileNotFoundError: No such file or directory: ./include/checkpoints/DreamShaper_8_pruned.safetensors
2026-02-11 20:55:38 | DEBUG | lightdiffusion.server | rid=- | server module loaded; cwd=C:\Users\Admin\Documents\LightDiffusion-Next
2026-02-11 20:55:38 | INFO | lightdiffusion.server | rid=- | Pipeline and app_instance imported successfully
2026-02-11 20:55:38 | INFO | lightdiffusion.server | rid=- | Serving frontend from C:\Users\Admin\Documents\LightDiffusion-Next\frontend\dist
2026-02-11 20:55:38 | INFO | lightdiffusion.server | rid=- | Launching frontend development server...
2026-02-11 20:55:38 | INFO | lightdiffusion.server | rid=- | Frontend development server launched
2026-02-11 20:55:38 | DEBUG | lightdiffusion.server | rid=- | server module loaded; cwd=C:\Users\Admin\Documents\LightDiffusion-Next
2026-02-11 20:55:38 | INFO | lightdiffusion.server | rid=- | Pipeline and app_instance imported successfully
2026-02-11 20:55:38 | INFO | lightdiffusion.server | rid=- | Serving frontend from C:\Users\Admin\Documents\LightDiffusion-Next\frontend\dist
2026-02-11 20:55:38 | INFO | lightdiffusion.server | rid=- | GenerationBuffer worker task started
2026-02-11 20:55:38 | INFO | lightdiffusion.server | rid=- | Server startup complete, event loop captured for preview broadcasting
2026-02-11 20:55:38 | INFO | lightdiffusion.server | rid=- | Batching worker started; max_batch=4 timeout=0.5
2026-02-11 20:56:02 | INFO | lightdiffusion.server | rid=- | WebSocket client connected to /ws/preview (total: 1)
2026-02-11 20:58:33 | INFO | lightdiffusion.server | rid=687eb8a6 | /api/generate called
2026-02-11 20:58:33 | DEBUG | lightdiffusion.server | rid=687eb8a6 | Request: w=512 h=512 num_images=1 batch=1 scheduler=simple sampler=euler steps=25 hiresfix=True adetailer=True enhance=False img2img=False stable_fast=False reuse_seed=False realistic=False multiscale=False intermittent=True factor=0.5 fullres=[10,8] keep_models_loaded=True enable_preview=True prompt='An astronaut riding a horse on mars, detailed, 8k' neg='blurry, low quality, distorted' img2img_image_present=False
2026-02-11 20:58:33 | DEBUG | lightdiffusion.server | rid=- | Batch worker: pending groups={"('./include/checkpoints\\\\juggernautXL_ragnarokBy.safetensors', False, 512, 512, False, False, 'simple', 'euler', 25, False, True, 0.5, 10, 8, True, False, 'None', 1.0, 'canny', './include/checkpoints\\\\sd_xl_refiner_1.0.safetensors', 20)": 1} chosen_sig=('./include/checkpoints\\juggernautXL_ragnarokBy.safetensors', False, 512, 512, False, False, 'simple', 'euler', 25, False, True, 0.5, 10, 8, True, False, 'None', 1.0, 'canny', './include/checkpoints\\sd_xl_refiner_1.0.safetensors', 20) group_size=1 oldest_arrival=1770839913.434
2026-02-11 20:58:33 | DEBUG | lightdiffusion.server | rid=- | Processing singleton group for signature ('./include/checkpoints\\juggernautXL_ragnarokBy.safetensors', False, 512, 512, False, False, 'simple', 'euler', 25, False, True, 0.5, 10, 8, True, False, 'None', 1.0, 'canny', './include/checkpoints\\sd_xl_refiner_1.0.safetensors', 20) immediately (age=0.000s). LD_BATCH_WAIT_SINGLETONS=False
2026-02-11 20:58:33 | DEBUG | lightdiffusion.server | rid=- | Processing group chosen_sig=('./include/checkpoints\\juggernautXL_ragnarokBy.safetensors', False, 512, 512, False, False, 'simple', 'euler', 25, False, True, 0.5, 10, 8, True, False, 'None', 1.0, 'canny', './include/checkpoints\\sd_xl_refiner_1.0.safetensors', 20) items=1 request_ids=['687eb8a6']
2026-02-11 20:58:33 | INFO | lightdiffusion.server | rid=- | Broadcasting preview step 0/25
2026-02-11 20:58:50 | INFO | lightdiffusion.server | rid=- | Broadcasting preview step 0/20
2026-02-11 20:58:52 | INFO | lightdiffusion.server | rid=- | Broadcasting preview step 5/20
2026-02-11 20:58:54 | INFO | lightdiffusion.server | rid=- | Broadcasting preview step 10/20
2026-02-11 20:58:56 | INFO | lightdiffusion.server | rid=- | Broadcasting preview step 15/20
2026-02-11 20:58:57 | INFO | lightdiffusion.server | rid=- | Broadcasting preview step 19/20
2026-02-11 20:59:14 | INFO | lightdiffusion.server | rid=- | Broadcasting preview step 0/5
2026-02-11 20:59:15 | INFO | lightdiffusion.server | rid=- | Broadcasting preview step 4/5
2026-02-11 20:59:48 | INFO | lightdiffusion.server | rid=- | Broadcasting preview step 0/12
2026-02-11 20:59:58 | INFO | lightdiffusion.server | rid=- | Broadcasting preview step 5/12
2026-02-11 21:00:07 | INFO | lightdiffusion.server | rid=- | Broadcasting preview step 10/12
2026-02-11 21:00:09 | INFO | lightdiffusion.server | rid=- | Broadcasting preview step 11/12
2026-02-11 21:00:36 | INFO | lightdiffusion.server | rid=- | Broadcasting preview step 0/20
2026-02-11 21:00:41 | INFO | lightdiffusion.server | rid=- | Broadcasting preview step 5/20
2026-02-11 21:00:45 | INFO | lightdiffusion.server | rid=- | Broadcasting preview step 10/20
2026-02-11 21:00:50 | INFO | lightdiffusion.server | rid=- | Broadcasting preview step 15/20
2026-02-11 21:00:54 | INFO | lightdiffusion.server | rid=- | Broadcasting preview step 19/20
2026-02-11 21:01:48 | INFO | lightdiffusion.server | rid=f8b20c47 | /api/generate called
2026-02-11 21:01:48 | DEBUG | lightdiffusion.server | rid=f8b20c47 | Request: w=1024 h=1024 num_images=1 batch=1 scheduler=simple sampler=euler steps=25 hiresfix=False adetailer=True enhance=False img2img=False stable_fast=False reuse_seed=False realistic=False multiscale=False intermittent=True factor=0.5 fullres=[10,8] keep_models_loaded=True enable_preview=True prompt='An astronaut riding a horse on mars, detailed, 8k' neg='blurry, low quality, distorted' img2img_image_present=False
2026-02-11 21:01:48 | DEBUG | lightdiffusion.server | rid=- | Batch worker: pending groups={"('./include/checkpoints\\\\juggernautXL_ragnarokBy.safetensors', False, 1024, 1024, False, False, 'simple', 'euler', 25, False, True, 0.5, 10, 8, True, False, 'None', 1.0, 'canny', './include/checkpoints\\\\sd_xl_refiner_1.0.safetensors', 20)": 1} chosen_sig=('./include/checkpoints\\juggernautXL_ragnarokBy.safetensors', False, 1024, 1024, False, False, 'simple', 'euler', 25, False, True, 0.5, 10, 8, True, False, 'None', 1.0, 'canny', './include/checkpoints\\sd_xl_refiner_1.0.safetensors', 20) group_size=1 oldest_arrival=1770840108.156
2026-02-11 21:01:48 | DEBUG | lightdiffusion.server | rid=- | Processing singleton group for signature ('./include/checkpoints\\juggernautXL_ragnarokBy.safetensors', False, 1024, 1024, False, False, 'simple', 'euler', 25, False, True, 0.5, 10, 8, True, False, 'None', 1.0, 'canny', './include/checkpoints\\sd_xl_refiner_1.0.safetensors', 20) immediately (age=0.000s). LD_BATCH_WAIT_SINGLETONS=False
2026-02-11 21:01:48 | DEBUG | lightdiffusion.server | rid=- | Processing group chosen_sig=('./include/checkpoints\\juggernautXL_ragnarokBy.safetensors', False, 1024, 1024, False, False, 'simple', 'euler', 25, False, True, 0.5, 10, 8, True, False, 'None', 1.0, 'canny', './include/checkpoints\\sd_xl_refiner_1.0.safetensors', 20) items=1 request_ids=['f8b20c47']
2026-02-11 21:01:48 | INFO | lightdiffusion.server | rid=- | Broadcasting preview step 0/25
2026-02-11 21:01:54 | INFO | lightdiffusion.server | rid=- | Broadcasting preview step 0/20
2026-02-11 21:01:59 | INFO | lightdiffusion.server | rid=- | Broadcasting preview step 5/20
2026-02-11 21:02:04 | INFO | lightdiffusion.server | rid=- | Broadcasting preview step 10/20
2026-02-11 21:02:09 | INFO | lightdiffusion.server | rid=- | Broadcasting preview step 15/20
2026-02-11 21:02:13 | INFO | lightdiffusion.server | rid=- | Broadcasting preview step 19/20
2026-02-11 21:02:18 | INFO | lightdiffusion.server | rid=- | Broadcasting preview step 0/5
2026-02-11 21:02:21 | INFO | lightdiffusion.server | rid=- | Broadcasting preview step 4/5
2026-02-11 21:02:50 | INFO | lightdiffusion.server | rid=- | Broadcasting preview step 0/20
2026-02-11 21:02:54 | INFO | lightdiffusion.server | rid=- | Broadcasting preview step 5/20
2026-02-11 21:02:58 | INFO | lightdiffusion.server | rid=- | Broadcasting preview step 10/20
2026-02-11 21:03:02 | INFO | lightdiffusion.server | rid=- | Broadcasting preview step 15/20
2026-02-11 21:03:05 | INFO | lightdiffusion.server | rid=- | Broadcasting preview step 19/20
2026-02-11 21:03:50 | INFO | lightdiffusion.server | rid=02122402 | /api/generate called
2026-02-11 21:03:50 | DEBUG | lightdiffusion.server | rid=02122402 | Request: w=1024 h=1024 num_images=1 batch=1 scheduler=normal sampler=euler_ancestral steps=20 hiresfix=False adetailer=True enhance=False img2img=False stable_fast=False reuse_seed=True realistic=False multiscale=False intermittent=True factor=0.5 fullres=[10,8] keep_models_loaded=True enable_preview=False prompt='photo of a full body cowboy standing in the desert, detailed face, western' neg='blurry, ugly, distorted, deformed' img2img_image_present=False
2026-02-11 21:03:50 | DEBUG | lightdiffusion.server | rid=- | Batch worker: pending groups={"('./include/checkpoints/juggernautXL_ragnarokBy.safetensors', False, 1024, 1024, False, False, 'normal', 'euler_ancestral', 20, False, True, 0.5, 10, 8, True, False, 'None', 1.0, 'canny', 'None', -1)": 1} chosen_sig=('./include/checkpoints/juggernautXL_ragnarokBy.safetensors', False, 1024, 1024, False, False, 'normal', 'euler_ancestral', 20, False, True, 0.5, 10, 8, True, False, 'None', 1.0, 'canny', 'None', -1) group_size=1 oldest_arrival=1770840230.834
2026-02-11 21:03:50 | DEBUG | lightdiffusion.server | rid=- | Processing singleton group for signature ('./include/checkpoints/juggernautXL_ragnarokBy.safetensors', False, 1024, 1024, False, False, 'normal', 'euler_ancestral', 20, False, True, 0.5, 10, 8, True, False, 'None', 1.0, 'canny', 'None', -1) immediately (age=0.001s). LD_BATCH_WAIT_SINGLETONS=False
2026-02-11 21:03:50 | DEBUG | lightdiffusion.server | rid=- | Processing group chosen_sig=('./include/checkpoints/juggernautXL_ragnarokBy.safetensors', False, 1024, 1024, False, False, 'normal', 'euler_ancestral', 20, False, True, 0.5, 10, 8, True, False, 'None', 1.0, 'canny', 'None', -1) items=1 request_ids=['02122402']
2026-02-11 21:03:50 | INFO | lightdiffusion.server | rid=- | Broadcasting preview step 0/20
2026-02-11 21:04:16 | INFO | lightdiffusion.server | rid=- | Broadcasting preview step 0/20
2026-02-11 21:04:20 | INFO | lightdiffusion.server | rid=- | Broadcasting preview step 5/20
2026-02-11 21:04:23 | INFO | lightdiffusion.server | rid=- | Broadcasting preview step 10/20
2026-02-11 21:04:26 | INFO | lightdiffusion.server | rid=- | Broadcasting preview step 15/20
2026-02-11 21:04:29 | INFO | lightdiffusion.server | rid=- | Broadcasting preview step 19/20
2026-02-11 21:04:56 | INFO | lightdiffusion.server | rid=- | Broadcasting preview step 0/20
2026-02-11 21:04:59 | INFO | lightdiffusion.server | rid=- | Broadcasting preview step 5/20
2026-02-11 21:05:02 | INFO | lightdiffusion.server | rid=- | Broadcasting preview step 10/20
2026-02-11 21:05:05 | INFO | lightdiffusion.server | rid=- | Broadcasting preview step 15/20
2026-02-11 21:05:08 | INFO | lightdiffusion.server | rid=- | Broadcasting preview step 19/20
2026-02-11 21:05:33 | INFO | lightdiffusion.server | rid=- | Broadcasting preview step 0/20
2026-02-11 21:05:36 | INFO | lightdiffusion.server | rid=- | Broadcasting preview step 5/20
2026-02-11 21:05:39 | INFO | lightdiffusion.server | rid=- | Broadcasting preview step 10/20
2026-02-11 21:05:42 | INFO | lightdiffusion.server | rid=- | Broadcasting preview step 15/20
2026-02-11 21:05:44 | INFO | lightdiffusion.server | rid=- | Broadcasting preview step 19/20
2026-02-11 21:08:13 | INFO | lightdiffusion.server | rid=- | WebSocket client disconnected (remaining: 0)
2026-02-11 21:08:13 | INFO | lightdiffusion.server | rid=- | Shutting down frontend development server...
2026-02-11 21:08:13 | INFO | lightdiffusion.server | rid=- | Frontend development server shut down
2026-02-11 21:14:12 | DEBUG | lightdiffusion.server | rid=- | server module loaded; cwd=C:\Users\Admin\Documents\LightDiffusion-Next
2026-02-11 21:14:12 | INFO | lightdiffusion.server | rid=- | Pipeline and app_instance imported successfully
2026-02-11 21:14:12 | INFO | lightdiffusion.server | rid=- | Serving frontend from C:\Users\Admin\Documents\LightDiffusion-Next\frontend\dist
2026-02-11 21:14:12 | INFO | lightdiffusion.server | rid=- | Launching frontend development server...
2026-02-11 21:14:12 | INFO | lightdiffusion.server | rid=- | Frontend development server launched
2026-02-11 21:14:12 | DEBUG | lightdiffusion.server | rid=- | server module loaded; cwd=C:\Users\Admin\Documents\LightDiffusion-Next
2026-02-11 21:14:12 | INFO | lightdiffusion.server | rid=- | Pipeline and app_instance imported successfully
2026-02-11 21:14:12 | INFO | lightdiffusion.server | rid=- | Serving frontend from C:\Users\Admin\Documents\LightDiffusion-Next\frontend\dist
2026-02-11 21:14:12 | INFO | lightdiffusion.server | rid=- | GenerationBuffer worker task started
2026-02-11 21:14:12 | INFO | lightdiffusion.server | rid=- | Server startup complete, event loop captured for preview broadcasting
2026-02-11 21:14:12 | INFO | lightdiffusion.server | rid=- | Batching worker started; max_batch=4 timeout=0.5
2026-02-11 21:15:37 | INFO | lightdiffusion.server | rid=332d8735 | /api/generate called
2026-02-11 21:15:37 | DEBUG | lightdiffusion.server | rid=332d8735 | Request: w=1024 h=1024 num_images=1 batch=1 scheduler=simple sampler=euler steps=25 hiresfix=False adetailer=True enhance=False img2img=False stable_fast=False reuse_seed=True realistic=False multiscale=False intermittent=True factor=0.5 fullres=[10,8] keep_models_loaded=True enable_preview=False prompt='An astronaut riding a horse on mars, detailed, 8k' neg='blurry, low quality, distorted' img2img_image_present=False
2026-02-11 21:15:37 | DEBUG | lightdiffusion.server | rid=- | Batch worker: pending groups={"('./include/checkpoints/juggernautXL_ragnarokBy.safetensors', False, 1024, 1024, False, False, 'simple', 'euler', 25, False, True, 0.5, 10, 8, True, False, 'None', 1.0, 'canny', 'None', -1)": 1} chosen_sig=('./include/checkpoints/juggernautXL_ragnarokBy.safetensors', False, 1024, 1024, False, False, 'simple', 'euler', 25, False, True, 0.5, 10, 8, True, False, 'None', 1.0, 'canny', 'None', -1) group_size=1 oldest_arrival=1770840937.367
2026-02-11 21:15:37 | DEBUG | lightdiffusion.server | rid=- | Processing singleton group for signature ('./include/checkpoints/juggernautXL_ragnarokBy.safetensors', False, 1024, 1024, False, False, 'simple', 'euler', 25, False, True, 0.5, 10, 8, True, False, 'None', 1.0, 'canny', 'None', -1) immediately (age=0.000s). LD_BATCH_WAIT_SINGLETONS=False
2026-02-11 21:15:37 | DEBUG | lightdiffusion.server | rid=- | Processing group chosen_sig=('./include/checkpoints/juggernautXL_ragnarokBy.safetensors', False, 1024, 1024, False, False, 'simple', 'euler', 25, False, True, 0.5, 10, 8, True, False, 'None', 1.0, 'canny', 'None', -1) items=1 request_ids=['332d8735']
2026-02-11 21:15:37 | DEBUG | lightdiffusion.server | rid=- | No preview clients connected, skipping broadcast
2026-02-11 21:15:57 | DEBUG | lightdiffusion.server | rid=- | No preview clients connected, skipping broadcast
2026-02-11 21:16:06 | DEBUG | lightdiffusion.server | rid=- | No preview clients connected, skipping broadcast
2026-02-11 21:16:13 | DEBUG | lightdiffusion.server | rid=- | No preview clients connected, skipping broadcast
2026-02-11 21:16:53 | DEBUG | lightdiffusion.server | rid=- | No preview clients connected, skipping broadcast
2026-02-11 21:16:58 | DEBUG | lightdiffusion.server | rid=- | No preview clients connected, skipping broadcast
2026-02-11 21:17:33 | DEBUG | lightdiffusion.server | rid=- | No preview clients connected, skipping broadcast
2026-02-11 21:17:39 | DEBUG | lightdiffusion.server | rid=- | No preview clients connected, skipping broadcast
2026-02-11 21:18:28 | INFO | lightdiffusion.server | rid=235fff6d | /api/generate called
2026-02-11 21:18:28 | DEBUG | lightdiffusion.server | rid=235fff6d | Request: w=1024 h=1024 num_images=1 batch=1 scheduler=simple sampler=euler steps=25 hiresfix=False adetailer=True enhance=False img2img=False stable_fast=False reuse_seed=True realistic=False multiscale=False intermittent=True factor=0.5 fullres=[10,8] keep_models_loaded=True enable_preview=False prompt='An astronaut riding a horse on mars, detailed, 8k' neg='blurry, low quality, distorted' img2img_image_present=False
2026-02-11 21:18:28 | DEBUG | lightdiffusion.server | rid=- | Batch worker: pending groups={"('./include/checkpoints/juggernautXL_ragnarokBy.safetensors', False, 1024, 1024, False, False, 'simple', 'euler', 25, False, True, 0.5, 10, 8, True, False, 'None', 1.0, 'canny', './include/checkpoints/sd_xl_refiner_1.0.safetensors', 20)": 1} chosen_sig=('./include/checkpoints/juggernautXL_ragnarokBy.safetensors', False, 1024, 1024, False, False, 'simple', 'euler', 25, False, True, 0.5, 10, 8, True, False, 'None', 1.0, 'canny', './include/checkpoints/sd_xl_refiner_1.0.safetensors', 20) group_size=1 oldest_arrival=1770841108.716
2026-02-11 21:18:28 | DEBUG | lightdiffusion.server | rid=- | Processing singleton group for signature ('./include/checkpoints/juggernautXL_ragnarokBy.safetensors', False, 1024, 1024, False, False, 'simple', 'euler', 25, False, True, 0.5, 10, 8, True, False, 'None', 1.0, 'canny', './include/checkpoints/sd_xl_refiner_1.0.safetensors', 20) immediately (age=0.000s). LD_BATCH_WAIT_SINGLETONS=False
2026-02-11 21:18:28 | DEBUG | lightdiffusion.server | rid=- | Processing group chosen_sig=('./include/checkpoints/juggernautXL_ragnarokBy.safetensors', False, 1024, 1024, False, False, 'simple', 'euler', 25, False, True, 0.5, 10, 8, True, False, 'None', 1.0, 'canny', './include/checkpoints/sd_xl_refiner_1.0.safetensors', 20) items=1 request_ids=['235fff6d']
2026-02-11 21:18:28 | DEBUG | lightdiffusion.server | rid=- | No preview clients connected, skipping broadcast
2026-02-11 21:18:32 | DEBUG | lightdiffusion.server | rid=- | No preview clients connected, skipping broadcast
2026-02-11 21:18:40 | DEBUG | lightdiffusion.server | rid=- | No preview clients connected, skipping broadcast
2026-02-11 21:19:01 | DEBUG | lightdiffusion.server | rid=- | No preview clients connected, skipping broadcast
2026-02-11 21:19:25 | DEBUG | lightdiffusion.server | rid=- | No preview clients connected, skipping broadcast
2026-02-11 21:19:30 | DEBUG | lightdiffusion.server | rid=- | No preview clients connected, skipping broadcast
2026-02-11 21:20:15 | INFO | lightdiffusion.server | rid=13a5b177 | /api/generate called
2026-02-11 21:20:15 | DEBUG | lightdiffusion.server | rid=13a5b177 | Request: w=1024 h=1024 num_images=1 batch=1 scheduler=simple sampler=euler steps=25 hiresfix=False adetailer=True enhance=False img2img=False stable_fast=False reuse_seed=True realistic=False multiscale=False intermittent=True factor=0.5 fullres=[10,8] keep_models_loaded=True enable_preview=False prompt='photo of a full body cowboy standing in the desert, detailed face, western' neg='blurry, ugly, distorted, deformed' img2img_image_present=False
2026-02-11 21:20:15 | DEBUG | lightdiffusion.server | rid=- | Batch worker: pending groups={"('./include/checkpoints/juggernautXL_ragnarokBy.safetensors', False, 1024, 1024, False, False, 'simple', 'euler', 25, False, True, 0.5, 10, 8, True, False, 'None', 1.0, 'canny', './include/checkpoints/sd_xl_refiner_1.0.safetensors', 20)": 1} chosen_sig=('./include/checkpoints/juggernautXL_ragnarokBy.safetensors', False, 1024, 1024, False, False, 'simple', 'euler', 25, False, True, 0.5, 10, 8, True, False, 'None', 1.0, 'canny', './include/checkpoints/sd_xl_refiner_1.0.safetensors', 20) group_size=1 oldest_arrival=1770841215.681
2026-02-11 21:20:15 | DEBUG | lightdiffusion.server | rid=- | Processing singleton group for signature ('./include/checkpoints/juggernautXL_ragnarokBy.safetensors', False, 1024, 1024, False, False, 'simple', 'euler', 25, False, True, 0.5, 10, 8, True, False, 'None', 1.0, 'canny', './include/checkpoints/sd_xl_refiner_1.0.safetensors', 20) immediately (age=0.001s). LD_BATCH_WAIT_SINGLETONS=False
2026-02-11 21:20:15 | DEBUG | lightdiffusion.server | rid=- | Processing group chosen_sig=('./include/checkpoints/juggernautXL_ragnarokBy.safetensors', False, 1024, 1024, False, False, 'simple', 'euler', 25, False, True, 0.5, 10, 8, True, False, 'None', 1.0, 'canny', './include/checkpoints/sd_xl_refiner_1.0.safetensors', 20) items=1 request_ids=['13a5b177']
2026-02-11 21:20:15 | DEBUG | lightdiffusion.server | rid=- | No preview clients connected, skipping broadcast
2026-02-11 21:20:20 | DEBUG | lightdiffusion.server | rid=- | No preview clients connected, skipping broadcast
2026-02-11 21:20:28 | DEBUG | lightdiffusion.server | rid=- | No preview clients connected, skipping broadcast
2026-02-11 21:20:39 | DEBUG | lightdiffusion.server | rid=- | No preview clients connected, skipping broadcast
2026-02-11 21:21:01 | DEBUG | lightdiffusion.server | rid=- | No preview clients connected, skipping broadcast
2026-02-11 21:21:08 | DEBUG | lightdiffusion.server | rid=- | No preview clients connected, skipping broadcast
2026-02-11 21:24:56 | INFO | lightdiffusion.server | rid=26583b52 | /api/generate called
2026-02-11 21:24:56 | DEBUG | lightdiffusion.server | rid=26583b52 | Request: w=1024 h=1024 num_images=1 batch=1 scheduler=simple sampler=euler steps=25 hiresfix=False adetailer=True enhance=False img2img=False stable_fast=False reuse_seed=True realistic=False multiscale=False intermittent=True factor=0.5 fullres=[10,8] keep_models_loaded=True enable_preview=False prompt='photo of a beautiful woman standing in a garden, full body shot, detailed face, looking at camera' neg='blurry, ugly, distorted, deformed' img2img_image_present=False
2026-02-11 21:24:56 | DEBUG | lightdiffusion.server | rid=- | Batch worker: pending groups={"('./include/checkpoints/juggernautXL_ragnarokBy.safetensors', False, 1024, 1024, False, False, 'simple', 'euler', 25, False, True, 0.5, 10, 8, True, False, 'None', 1.0, 'canny', './include/checkpoints/sd_xl_refiner_1.0.safetensors', 20)": 1} chosen_sig=('./include/checkpoints/juggernautXL_ragnarokBy.safetensors', False, 1024, 1024, False, False, 'simple', 'euler', 25, False, True, 0.5, 10, 8, True, False, 'None', 1.0, 'canny', './include/checkpoints/sd_xl_refiner_1.0.safetensors', 20) group_size=1 oldest_arrival=1770841496.123
2026-02-11 21:24:56 | DEBUG | lightdiffusion.server | rid=- | Processing singleton group for signature ('./include/checkpoints/juggernautXL_ragnarokBy.safetensors', False, 1024, 1024, False, False, 'simple', 'euler', 25, False, True, 0.5, 10, 8, True, False, 'None', 1.0, 'canny', './include/checkpoints/sd_xl_refiner_1.0.safetensors', 20) immediately (age=0.000s). LD_BATCH_WAIT_SINGLETONS=False
2026-02-11 21:24:56 | DEBUG | lightdiffusion.server | rid=- | Processing group chosen_sig=('./include/checkpoints/juggernautXL_ragnarokBy.safetensors', False, 1024, 1024, False, False, 'simple', 'euler', 25, False, True, 0.5, 10, 8, True, False, 'None', 1.0, 'canny', './include/checkpoints/sd_xl_refiner_1.0.safetensors', 20) items=1 request_ids=['26583b52']
2026-02-11 21:24:56 | DEBUG | lightdiffusion.server | rid=- | No preview clients connected, skipping broadcast
2026-02-11 21:25:00 | DEBUG | lightdiffusion.server | rid=- | No preview clients connected, skipping broadcast
2026-02-11 21:25:08 | DEBUG | lightdiffusion.server | rid=- | No preview clients connected, skipping broadcast
2026-02-11 21:25:19 | DEBUG | lightdiffusion.server | rid=- | No preview clients connected, skipping broadcast
2026-02-11 21:25:39 | DEBUG | lightdiffusion.server | rid=- | No preview clients connected, skipping broadcast
2026-02-11 21:25:43 | DEBUG | lightdiffusion.server | rid=- | No preview clients connected, skipping broadcast
2026-02-11 21:28:53 | DEBUG | lightdiffusion.server | rid=- | server module loaded; cwd=C:\Users\Admin\Documents\LightDiffusion-Next
2026-02-11 21:28:53 | INFO | lightdiffusion.server | rid=- | Pipeline and app_instance imported successfully
2026-02-11 21:28:53 | INFO | lightdiffusion.server | rid=- | Serving frontend from C:\Users\Admin\Documents\LightDiffusion-Next\frontend\dist
2026-02-11 21:28:53 | DEBUG | lightdiffusion.server | rid=- | server module loaded; cwd=C:\Users\Admin\Documents\LightDiffusion-Next
2026-02-11 21:28:53 | INFO | lightdiffusion.server | rid=- | Pipeline and app_instance imported successfully
2026-02-11 21:28:53 | INFO | lightdiffusion.server | rid=- | Serving frontend from C:\Users\Admin\Documents\LightDiffusion-Next\frontend\dist
2026-02-11 21:28:53 | INFO | lightdiffusion.server | rid=- | GenerationBuffer worker task started
2026-02-11 21:28:53 | INFO | lightdiffusion.server | rid=- | Server startup complete, event loop captured for preview broadcasting
2026-02-11 21:28:53 | INFO | lightdiffusion.server | rid=- | Batching worker started; max_batch=4 timeout=0.5
2026-02-11 21:29:50 | INFO | lightdiffusion.server | rid=89c8aaea | /api/generate called
2026-02-11 21:29:50 | DEBUG | lightdiffusion.server | rid=89c8aaea | Request: w=1024 h=1024 num_images=1 batch=1 scheduler=normal sampler=euler_ancestral steps=20 hiresfix=False adetailer=True enhance=False img2img=False stable_fast=False reuse_seed=True realistic=False multiscale=False intermittent=True factor=0.5 fullres=[10,8] keep_models_loaded=True enable_preview=False prompt='photo of a beautiful woman standing in a garden, full body shot, detailed face, looking at camera' neg='blurry, ugly, distorted, deformed' img2img_image_present=False
2026-02-11 21:29:50 | DEBUG | lightdiffusion.server | rid=- | Batch worker: pending groups={"('./include/checkpoints/juggernautXL_ragnarokBy.safetensors', False, 1024, 1024, False, False, 'normal', 'euler_ancestral', 20, False, True, 0.5, 10, 8, True, False, 'None', 1.0, 'canny', 'None', -1)": 1} chosen_sig=('./include/checkpoints/juggernautXL_ragnarokBy.safetensors', False, 1024, 1024, False, False, 'normal', 'euler_ancestral', 20, False, True, 0.5, 10, 8, True, False, 'None', 1.0, 'canny', 'None', -1) group_size=1 oldest_arrival=1770841790.409
2026-02-11 21:29:50 | DEBUG | lightdiffusion.server | rid=- | Processing singleton group for signature ('./include/checkpoints/juggernautXL_ragnarokBy.safetensors', False, 1024, 1024, False, False, 'normal', 'euler_ancestral', 20, False, True, 0.5, 10, 8, True, False, 'None', 1.0, 'canny', 'None', -1) immediately (age=0.000s). LD_BATCH_WAIT_SINGLETONS=False
2026-02-11 21:29:50 | DEBUG | lightdiffusion.server | rid=- | Processing group chosen_sig=('./include/checkpoints/juggernautXL_ragnarokBy.safetensors', False, 1024, 1024, False, False, 'normal', 'euler_ancestral', 20, False, True, 0.5, 10, 8, True, False, 'None', 1.0, 'canny', 'None', -1) items=1 request_ids=['89c8aaea']
2026-02-11 21:29:50 | DEBUG | lightdiffusion.server | rid=- | No preview clients connected, skipping broadcast
2026-02-11 21:29:54 | INFO | lightdiffusion.server | rid=e2c0ab8e | /api/generate called
2026-02-11 21:29:54 | DEBUG | lightdiffusion.server | rid=e2c0ab8e | Request: w=1024 h=1024 num_images=1 batch=1 scheduler=normal sampler=euler_ancestral steps=20 hiresfix=False adetailer=True enhance=False img2img=False stable_fast=False reuse_seed=True realistic=False multiscale=False intermittent=True factor=0.5 fullres=[10,8] keep_models_loaded=True enable_preview=False prompt='photo of a beautiful woman standing in a garden, full body shot, detailed face, looking at camera' neg='blurry, ugly, distorted, deformed' img2img_image_present=False
2026-02-11 21:30:07 | INFO | lightdiffusion.server | rid=f450c368 | /api/generate called
2026-02-11 21:30:07 | DEBUG | lightdiffusion.server | rid=f450c368 | Request: w=1024 h=1024 num_images=1 batch=1 scheduler=normal sampler=euler_ancestral steps=20 hiresfix=False adetailer=True enhance=False img2img=False stable_fast=False reuse_seed=True realistic=False multiscale=False intermittent=True factor=0.5 fullres=[10,8] keep_models_loaded=True enable_preview=False prompt='photo of a beautiful woman standing in a garden, full body shot, detailed face, looking at camera' neg='blurry, ugly, distorted, deformed' img2img_image_present=False
2026-02-11 21:30:11 | DEBUG | lightdiffusion.server | rid=- | No preview clients connected, skipping broadcast
2026-02-11 21:30:19 | DEBUG | lightdiffusion.server | rid=- | No preview clients connected, skipping broadcast
2026-02-11 21:31:00 | DEBUG | lightdiffusion.server | rid=- | No preview clients connected, skipping broadcast
2026-02-11 21:31:04 | DEBUG | lightdiffusion.server | rid=- | No preview clients connected, skipping broadcast
2026-02-11 21:31:48 | DEBUG | lightdiffusion.server | rid=- | No preview clients connected, skipping broadcast
2026-02-11 21:31:53 | DEBUG | lightdiffusion.server | rid=- | No preview clients connected, skipping broadcast
2026-02-11 21:32:05 | DEBUG | lightdiffusion.server | rid=- | Batch worker: pending groups={"('./include/checkpoints/juggernautXL_ragnarokBy.safetensors', False, 1024, 1024, False, False, 'normal', 'euler_ancestral', 20, False, True, 0.5, 10, 8, True, False, 'None', 1.0, 'canny', 'None', -1)": 2} chosen_sig=('./include/checkpoints/juggernautXL_ragnarokBy.safetensors', False, 1024, 1024, False, False, 'normal', 'euler_ancestral', 20, False, True, 0.5, 10, 8, True, False, 'None', 1.0, 'canny', 'None', -1) group_size=2 oldest_arrival=1770841794.695
2026-02-11 21:32:05 | DEBUG | lightdiffusion.server | rid=- | Processing group chosen_sig=('./include/checkpoints/juggernautXL_ragnarokBy.safetensors', False, 1024, 1024, False, False, 'normal', 'euler_ancestral', 20, False, True, 0.5, 10, 8, True, False, 'None', 1.0, 'canny', 'None', -1) items=2 request_ids=['e2c0ab8e', 'f450c368']
2026-02-11 21:32:05 | DEBUG | lightdiffusion.server | rid=- | No preview clients connected, skipping broadcast
2026-02-11 21:32:13 | DEBUG | lightdiffusion.server | rid=- | No preview clients connected, skipping broadcast
2026-02-11 21:32:35 | DEBUG | lightdiffusion.server | rid=- | No preview clients connected, skipping broadcast
2026-02-11 21:33:17 | DEBUG | lightdiffusion.server | rid=- | No preview clients connected, skipping broadcast
2026-02-11 21:33:23 | DEBUG | lightdiffusion.server | rid=- | No preview clients connected, skipping broadcast
2026-02-11 21:33:48 | DEBUG | lightdiffusion.server | rid=- | No preview clients connected, skipping broadcast
2026-02-11 21:33:54 | DEBUG | lightdiffusion.server | rid=- | No preview clients connected, skipping broadcast
2026-02-11 21:34:10 | DEBUG | lightdiffusion.server | rid=- | No preview clients connected, skipping broadcast
2026-02-11 21:34:15 | DEBUG | lightdiffusion.server | rid=- | No preview clients connected, skipping broadcast
2026-02-11 21:34:38 | DEBUG | lightdiffusion.server | rid=- | No preview clients connected, skipping broadcast
2026-02-11 21:34:44 | DEBUG | lightdiffusion.server | rid=- | No preview clients connected, skipping broadcast
2026-02-11 21:37:04 | INFO | lightdiffusion.server | rid=a1df7828 | /api/generate called
2026-02-11 21:37:04 | DEBUG | lightdiffusion.server | rid=a1df7828 | Request: w=1024 h=1024 num_images=1 batch=1 scheduler=normal sampler=euler_ancestral steps=25 hiresfix=False adetailer=True enhance=False img2img=False stable_fast=False reuse_seed=True realistic=False multiscale=False intermittent=True factor=0.5 fullres=[10,8] keep_models_loaded=True enable_preview=False prompt='photo of a beautiful woman standing in a garden, full body shot, detailed face, looking at camera' neg='blurry, ugly, distorted, deformed' img2img_image_present=False
2026-02-11 21:37:04 | DEBUG | lightdiffusion.server | rid=- | Batch worker: pending groups={"('./include/checkpoints/juggernautXL_ragnarokBy.safetensors', False, 1024, 1024, False, False, 'normal', 'euler_ancestral', 25, False, True, 0.5, 10, 8, True, False, 'None', 1.0, 'canny', './include/checkpoints/sd_xl_refiner_1.0.safetensors', 20)": 1} chosen_sig=('./include/checkpoints/juggernautXL_ragnarokBy.safetensors', False, 1024, 1024, False, False, 'normal', 'euler_ancestral', 25, False, True, 0.5, 10, 8, True, False, 'None', 1.0, 'canny', './include/checkpoints/sd_xl_refiner_1.0.safetensors', 20) group_size=1 oldest_arrival=1770842224.537
2026-02-11 21:37:04 | DEBUG | lightdiffusion.server | rid=- | Processing singleton group for signature ('./include/checkpoints/juggernautXL_ragnarokBy.safetensors', False, 1024, 1024, False, False, 'normal', 'euler_ancestral', 25, False, True, 0.5, 10, 8, True, False, 'None', 1.0, 'canny', './include/checkpoints/sd_xl_refiner_1.0.safetensors', 20) immediately (age=0.000s). LD_BATCH_WAIT_SINGLETONS=False
2026-02-11 21:37:04 | DEBUG | lightdiffusion.server | rid=- | Processing group chosen_sig=('./include/checkpoints/juggernautXL_ragnarokBy.safetensors', False, 1024, 1024, False, False, 'normal', 'euler_ancestral', 25, False, True, 0.5, 10, 8, True, False, 'None', 1.0, 'canny', './include/checkpoints/sd_xl_refiner_1.0.safetensors', 20) items=1 request_ids=['a1df7828']
2026-02-11 21:37:04 | DEBUG | lightdiffusion.server | rid=- | No preview clients connected, skipping broadcast
2026-02-11 21:37:08 | DEBUG | lightdiffusion.server | rid=- | No preview clients connected, skipping broadcast
2026-02-11 21:37:16 | DEBUG | lightdiffusion.server | rid=- | No preview clients connected, skipping broadcast
2026-02-11 21:37:38 | DEBUG | lightdiffusion.server | rid=- | No preview clients connected, skipping broadcast
2026-02-11 21:37:59 | DEBUG | lightdiffusion.server | rid=- | No preview clients connected, skipping broadcast
2026-02-11 21:38:04 | DEBUG | lightdiffusion.server | rid=- | No preview clients connected, skipping broadcast
2026-02-11 21:38:16 | INFO | lightdiffusion.server | rid=0e0a9878 | /api/generate called
2026-02-11 21:38:16 | DEBUG | lightdiffusion.server | rid=0e0a9878 | Request: w=1024 h=1024 num_images=1 batch=1 scheduler=normal sampler=euler_ancestral steps=25 hiresfix=False adetailer=True enhance=False img2img=False stable_fast=False reuse_seed=True realistic=False multiscale=False intermittent=True factor=0.5 fullres=[10,8] keep_models_loaded=True enable_preview=False prompt='photo of a beautiful woman standing in a garden, full body shot, detailed face, looking at camera' neg='blurry, ugly, distorted, deformed' img2img_image_present=False
2026-02-11 21:38:16 | DEBUG | lightdiffusion.server | rid=- | Batch worker: pending groups={"('./include/checkpoints/juggernautXL_ragnarokBy.safetensors', False, 1024, 1024, False, False, 'normal', 'euler_ancestral', 25, False, True, 0.5, 10, 8, True, False, 'None', 1.0, 'canny', './include/checkpoints/sd_xl_refiner_1.0.safetensors', 20)": 1} chosen_sig=('./include/checkpoints/juggernautXL_ragnarokBy.safetensors', False, 1024, 1024, False, False, 'normal', 'euler_ancestral', 25, False, True, 0.5, 10, 8, True, False, 'None', 1.0, 'canny', './include/checkpoints/sd_xl_refiner_1.0.safetensors', 20) group_size=1 oldest_arrival=1770842296.328
2026-02-11 21:38:16 | DEBUG | lightdiffusion.server | rid=- | Processing singleton group for signature ('./include/checkpoints/juggernautXL_ragnarokBy.safetensors', False, 1024, 1024, False, False, 'normal', 'euler_ancestral', 25, False, True, 0.5, 10, 8, True, False, 'None', 1.0, 'canny', './include/checkpoints/sd_xl_refiner_1.0.safetensors', 20) immediately (age=0.001s). LD_BATCH_WAIT_SINGLETONS=False
2026-02-11 21:38:16 | DEBUG | lightdiffusion.server | rid=- | Processing group chosen_sig=('./include/checkpoints/juggernautXL_ragnarokBy.safetensors', False, 1024, 1024, False, False, 'normal', 'euler_ancestral', 25, False, True, 0.5, 10, 8, True, False, 'None', 1.0, 'canny', './include/checkpoints/sd_xl_refiner_1.0.safetensors', 20) items=1 request_ids=['0e0a9878']
2026-02-11 21:38:16 | DEBUG | lightdiffusion.server | rid=- | No preview clients connected, skipping broadcast
2026-02-11 21:38:18 | DEBUG | lightdiffusion.server | rid=- | No preview clients connected, skipping broadcast
2026-02-11 21:38:25 | INFO | lightdiffusion.server | rid=dd7ef8b8 | /api/generate called
2026-02-11 21:38:25 | DEBUG | lightdiffusion.server | rid=dd7ef8b8 | Request: w=64 h=64 num_images=1 batch=1 scheduler=ays sampler=dpmpp_sde_cfgpp steps=1 hiresfix=False adetailer=False enhance=False img2img=False stable_fast=False reuse_seed=False realistic=False multiscale=False intermittent=True factor=0.5 fullres=[10,8] keep_models_loaded=True enable_preview=False prompt='test' neg='' img2img_image_present=False
2026-02-11 21:38:26 | DEBUG | lightdiffusion.server | rid=- | No preview clients connected, skipping broadcast
2026-02-11 21:38:36 | DEBUG | lightdiffusion.server | rid=- | No preview clients connected, skipping broadcast
2026-02-11 21:38:53 | DEBUG | lightdiffusion.server | rid=- | No preview clients connected, skipping broadcast
2026-02-11 21:38:58 | DEBUG | lightdiffusion.server | rid=- | No preview clients connected, skipping broadcast
2026-02-11 21:39:04 | DEBUG | lightdiffusion.server | rid=- | Batch worker: pending groups={"('None', False, 64, 64, False, False, 'ays', 'dpmpp_sde_cfgpp', 1, False, True, 0.5, 10, 8, True, False, 'None', 1.0, 'canny', '', -1)": 1} chosen_sig=('None', False, 64, 64, False, False, 'ays', 'dpmpp_sde_cfgpp', 1, False, True, 0.5, 10, 8, True, False, 'None', 1.0, 'canny', '', -1) group_size=1 oldest_arrival=1770842305.338
2026-02-11 21:39:04 | DEBUG | lightdiffusion.server | rid=- | Processing singleton group for signature ('None', False, 64, 64, False, False, 'ays', 'dpmpp_sde_cfgpp', 1, False, True, 0.5, 10, 8, True, False, 'None', 1.0, 'canny', '', -1) immediately (age=39.441s). LD_BATCH_WAIT_SINGLETONS=False
2026-02-11 21:39:04 | DEBUG | lightdiffusion.server | rid=- | Processing group chosen_sig=('None', False, 64, 64, False, False, 'ays', 'dpmpp_sde_cfgpp', 1, False, True, 0.5, 10, 8, True, False, 'None', 1.0, 'canny', '', -1) items=1 request_ids=['dd7ef8b8']
2026-02-11 21:39:04 | DEBUG | lightdiffusion.server | rid=- | No preview clients connected, skipping broadcast
2026-02-11 21:39:05 | ERROR | lightdiffusion.server | rid=- | Batch processing failed: No such file or directory: ./include/checkpoints/DreamShaper_8_pruned.safetensors
Traceback (most recent call last):
  File "C:\Users\Admin\Documents\LightDiffusion-Next\server.py", line 416, in _worker
    await self._process_group(to_process)
  File "C:\Users\Admin\Documents\LightDiffusion-Next\server.py", line 555, in _process_group
    result = await loop.run_in_executor(None, func)
             ^^^^^^^^^^^^^^^^^^^^^^^^^^^^^^^^^^^^^^
  File "C:\Users\Admin\AppData\Roaming\uv\python\cpython-3.12.12-windows-x86_64-none\Lib\concurrent\futures\thread.py", line 59, in run
    result = self.fn(*self.args, **self.kwargs)
             ^^^^^^^^^^^^^^^^^^^^^^^^^^^^^^^^^^
  File "C:\Users\Admin\Documents\LightDiffusion-Next\src\user\pipeline.py", line 277, in pipeline
    return pipeline_instance.run_batched(ctx, per_sample_info)
           ^^^^^^^^^^^^^^^^^^^^^^^^^^^^^^^^^^^^^^^^^^^^^^^^^^^
  File "C:\Users\Admin\Documents\LightDiffusion-Next\src\Core\Pipeline.py", line 598, in run_batched
    model = self._load_model(ctx)
            ^^^^^^^^^^^^^^^^^^^^^
  File "C:\Users\Admin\Documents\LightDiffusion-Next\src\Core\Pipeline.py", line 972, in _load_model
    model.load()
  File "C:\Users\Admin\Documents\LightDiffusion-Next\src\Core\Models\SD15Model.py", line 79, in load
    result = loader.load_checkpoint(ckpt_name=path)
             ^^^^^^^^^^^^^^^^^^^^^^^^^^^^^^^^^^^^^^
  File "C:\Users\Admin\Documents\LightDiffusion-Next\src\FileManaging\Loader.py", line 161, in load_checkpoint
    out = load_checkpoint_guess_config(
          ^^^^^^^^^^^^^^^^^^^^^^^^^^^^^
  File "C:\Users\Admin\Documents\LightDiffusion-Next\src\FileManaging\Loader.py", line 32, in load_checkpoint_guess_config
    sd = util.load_torch_file(ckpt_path)
         ^^^^^^^^^^^^^^^^^^^^^^^^^^^^^^^
  File "C:\Users\Admin\Documents\LightDiffusion-Next\src\Utilities\util.py", line 125, in load_torch_file
    sd = safetensors.torch.load_file(ckpt, device=device.type)
         ^^^^^^^^^^^^^^^^^^^^^^^^^^^^^^^^^^^^^^^^^^^^^^^^^^^^^
  File "C:\Users\Admin\Documents\LightDiffusion-Next\.venv\Lib\site-packages\safetensors\torch.py", line 336, in load_file
    with safe_open(filename, framework="pt", device=device) as f:
         ^^^^^^^^^^^^^^^^^^^^^^^^^^^^^^^^^^^^^^^^^^^^^^^^^^
FileNotFoundError: No such file or directory: ./include/checkpoints/DreamShaper_8_pruned.safetensors
2026-02-11 21:41:00 | DEBUG | lightdiffusion.server | rid=- | server module loaded; cwd=C:\Users\Admin\Documents\LightDiffusion-Next
2026-02-11 21:41:00 | INFO | lightdiffusion.server | rid=- | Pipeline and app_instance imported successfully
2026-02-11 21:41:00 | INFO | lightdiffusion.server | rid=- | Serving frontend from C:\Users\Admin\Documents\LightDiffusion-Next\frontend\dist
2026-02-11 21:41:00 | DEBUG | lightdiffusion.server | rid=- | server module loaded; cwd=C:\Users\Admin\Documents\LightDiffusion-Next
2026-02-11 21:41:00 | INFO | lightdiffusion.server | rid=- | Pipeline and app_instance imported successfully
2026-02-11 21:41:00 | INFO | lightdiffusion.server | rid=- | Serving frontend from C:\Users\Admin\Documents\LightDiffusion-Next\frontend\dist
2026-02-11 21:41:00 | INFO | lightdiffusion.server | rid=- | GenerationBuffer worker task started
2026-02-11 21:41:00 | INFO | lightdiffusion.server | rid=- | Server startup complete, event loop captured for preview broadcasting
2026-02-11 21:41:00 | INFO | lightdiffusion.server | rid=- | Batching worker started; max_batch=4 timeout=0.5
2026-02-11 21:42:01 | INFO | lightdiffusion.server | rid=e52b975e | /api/generate called
2026-02-11 21:42:01 | DEBUG | lightdiffusion.server | rid=e52b975e | Request: w=1024 h=1024 num_images=1 batch=1 scheduler=normal sampler=euler_ancestral steps=25 hiresfix=False adetailer=True enhance=False img2img=False stable_fast=False reuse_seed=True realistic=False multiscale=False intermittent=True factor=0.5 fullres=[10,8] keep_models_loaded=True enable_preview=False prompt='photo of a beautiful woman standing in a garden, full body shot, detailed face' neg='blurry, ugly, distorted, deformed' img2img_image_present=False
2026-02-11 21:42:01 | DEBUG | lightdiffusion.server | rid=- | Batch worker: pending groups={"('./include/checkpoints/juggernautXL_ragnarokBy.safetensors', False, 1024, 1024, False, False, 'normal', 'euler_ancestral', 25, False, True, 0.5, 10, 8, True, False, 'None', 1.0, 'canny', './include/checkpoints/sd_xl_refiner_1.0.safetensors', 20)": 1} chosen_sig=('./include/checkpoints/juggernautXL_ragnarokBy.safetensors', False, 1024, 1024, False, False, 'normal', 'euler_ancestral', 25, False, True, 0.5, 10, 8, True, False, 'None', 1.0, 'canny', './include/checkpoints/sd_xl_refiner_1.0.safetensors', 20) group_size=1 oldest_arrival=1770842521.055
2026-02-11 21:42:01 | DEBUG | lightdiffusion.server | rid=- | Processing singleton group for signature ('./include/checkpoints/juggernautXL_ragnarokBy.safetensors', False, 1024, 1024, False, False, 'normal', 'euler_ancestral', 25, False, True, 0.5, 10, 8, True, False, 'None', 1.0, 'canny', './include/checkpoints/sd_xl_refiner_1.0.safetensors', 20) immediately (age=0.000s). LD_BATCH_WAIT_SINGLETONS=False
2026-02-11 21:42:01 | DEBUG | lightdiffusion.server | rid=- | Processing group chosen_sig=('./include/checkpoints/juggernautXL_ragnarokBy.safetensors', False, 1024, 1024, False, False, 'normal', 'euler_ancestral', 25, False, True, 0.5, 10, 8, True, False, 'None', 1.0, 'canny', './include/checkpoints/sd_xl_refiner_1.0.safetensors', 20) items=1 request_ids=['e52b975e']
2026-02-11 21:42:01 | DEBUG | lightdiffusion.server | rid=- | No preview clients connected, skipping broadcast
2026-02-11 21:42:21 | DEBUG | lightdiffusion.server | rid=- | No preview clients connected, skipping broadcast
2026-02-11 21:42:29 | DEBUG | lightdiffusion.server | rid=- | No preview clients connected, skipping broadcast
2026-02-11 21:42:49 | DEBUG | lightdiffusion.server | rid=- | No preview clients connected, skipping broadcast
2026-02-11 21:43:30 | DEBUG | lightdiffusion.server | rid=- | No preview clients connected, skipping broadcast
2026-02-11 21:43:35 | DEBUG | lightdiffusion.server | rid=- | No preview clients connected, skipping broadcast
2026-02-11 21:55:09 | DEBUG | lightdiffusion.server | rid=- | server module loaded; cwd=C:\Users\Admin\Documents\LightDiffusion-Next
2026-02-11 21:55:09 | INFO | lightdiffusion.server | rid=- | Pipeline and app_instance imported successfully
2026-02-11 21:55:10 | INFO | lightdiffusion.server | rid=- | Serving frontend from C:\Users\Admin\Documents\LightDiffusion-Next\frontend\dist
2026-02-11 21:55:10 | DEBUG | lightdiffusion.server | rid=- | server module loaded; cwd=C:\Users\Admin\Documents\LightDiffusion-Next
2026-02-11 21:55:10 | INFO | lightdiffusion.server | rid=- | Pipeline and app_instance imported successfully
2026-02-11 21:55:10 | INFO | lightdiffusion.server | rid=- | Serving frontend from C:\Users\Admin\Documents\LightDiffusion-Next\frontend\dist
2026-02-11 21:55:10 | INFO | lightdiffusion.server | rid=- | GenerationBuffer worker task started
2026-02-11 21:55:10 | INFO | lightdiffusion.server | rid=- | Server startup complete, event loop captured for preview broadcasting
2026-02-11 21:55:10 | INFO | lightdiffusion.server | rid=- | Batching worker started; max_batch=4 timeout=0.5
2026-02-11 21:56:17 | INFO | lightdiffusion.server | rid=cfd8db95 | /api/generate called
2026-02-11 21:56:17 | DEBUG | lightdiffusion.server | rid=cfd8db95 | Request: w=1024 h=1024 num_images=1 batch=1 scheduler=normal sampler=euler_ancestral steps=20 hiresfix=False adetailer=True enhance=False img2img=False stable_fast=False reuse_seed=True realistic=False multiscale=False intermittent=True factor=0.5 fullres=[10,8] keep_models_loaded=True enable_preview=False prompt='photo of a full body cowboy standing in the desert, detailed face, western' neg='blurry, ugly, distorted, deformed' img2img_image_present=False
2026-02-11 21:56:17 | DEBUG | lightdiffusion.server | rid=- | Batch worker: pending groups={"('./include/checkpoints/juggernautXL_ragnarokBy.safetensors', False, 1024, 1024, False, False, 'normal', 'euler_ancestral', 20, False, True, 0.5, 10, 8, True, False, 'None', 1.0, 'canny', 'None', -1)": 1} chosen_sig=('./include/checkpoints/juggernautXL_ragnarokBy.safetensors', False, 1024, 1024, False, False, 'normal', 'euler_ancestral', 20, False, True, 0.5, 10, 8, True, False, 'None', 1.0, 'canny', 'None', -1) group_size=1 oldest_arrival=1770843377.809
2026-02-11 21:56:17 | DEBUG | lightdiffusion.server | rid=- | Processing singleton group for signature ('./include/checkpoints/juggernautXL_ragnarokBy.safetensors', False, 1024, 1024, False, False, 'normal', 'euler_ancestral', 20, False, True, 0.5, 10, 8, True, False, 'None', 1.0, 'canny', 'None', -1) immediately (age=0.000s). LD_BATCH_WAIT_SINGLETONS=False
2026-02-11 21:56:17 | DEBUG | lightdiffusion.server | rid=- | Processing group chosen_sig=('./include/checkpoints/juggernautXL_ragnarokBy.safetensors', False, 1024, 1024, False, False, 'normal', 'euler_ancestral', 20, False, True, 0.5, 10, 8, True, False, 'None', 1.0, 'canny', 'None', -1) items=1 request_ids=['cfd8db95']
2026-02-11 21:56:17 | DEBUG | lightdiffusion.server | rid=- | No preview clients connected, skipping broadcast
2026-02-11 21:56:37 | DEBUG | lightdiffusion.server | rid=- | No preview clients connected, skipping broadcast
2026-02-11 21:56:46 | DEBUG | lightdiffusion.server | rid=- | No preview clients connected, skipping broadcast
2026-02-11 21:57:40 | DEBUG | lightdiffusion.server | rid=- | No preview clients connected, skipping broadcast
2026-02-11 21:57:48 | DEBUG | lightdiffusion.server | rid=- | No preview clients connected, skipping broadcast
2026-02-11 21:58:33 | DEBUG | lightdiffusion.server | rid=- | No preview clients connected, skipping broadcast
2026-02-11 21:58:39 | DEBUG | lightdiffusion.server | rid=- | No preview clients connected, skipping broadcast
2026-02-11 21:59:10 | INFO | lightdiffusion.server | rid=bda5ade2 | /api/generate called
2026-02-11 21:59:10 | DEBUG | lightdiffusion.server | rid=bda5ade2 | Request: w=1024 h=1024 num_images=1 batch=1 scheduler=simple sampler=euler steps=25 hiresfix=False adetailer=True enhance=False img2img=False stable_fast=False reuse_seed=True realistic=False multiscale=False intermittent=True factor=0.5 fullres=[10,8] keep_models_loaded=True enable_preview=False prompt='photo of a full body cowboy standing in the desert, detailed face, western' neg='blurry, ugly, distorted, deformed' img2img_image_present=False
2026-02-11 21:59:10 | DEBUG | lightdiffusion.server | rid=- | Batch worker: pending groups={"('./include/checkpoints/juggernautXL_ragnarokBy.safetensors', False, 1024, 1024, False, False, 'simple', 'euler', 25, False, True, 0.5, 10, 8, True, False, 'None', 1.0, 'canny', './include/checkpoints/sd_xl_refiner_1.0.safetensors', 20)": 1} chosen_sig=('./include/checkpoints/juggernautXL_ragnarokBy.safetensors', False, 1024, 1024, False, False, 'simple', 'euler', 25, False, True, 0.5, 10, 8, True, False, 'None', 1.0, 'canny', './include/checkpoints/sd_xl_refiner_1.0.safetensors', 20) group_size=1 oldest_arrival=1770843550.896
2026-02-11 21:59:10 | DEBUG | lightdiffusion.server | rid=- | Processing singleton group for signature ('./include/checkpoints/juggernautXL_ragnarokBy.safetensors', False, 1024, 1024, False, False, 'simple', 'euler', 25, False, True, 0.5, 10, 8, True, False, 'None', 1.0, 'canny', './include/checkpoints/sd_xl_refiner_1.0.safetensors', 20) immediately (age=0.000s). LD_BATCH_WAIT_SINGLETONS=False
2026-02-11 21:59:10 | DEBUG | lightdiffusion.server | rid=- | Processing group chosen_sig=('./include/checkpoints/juggernautXL_ragnarokBy.safetensors', False, 1024, 1024, False, False, 'simple', 'euler', 25, False, True, 0.5, 10, 8, True, False, 'None', 1.0, 'canny', './include/checkpoints/sd_xl_refiner_1.0.safetensors', 20) items=1 request_ids=['bda5ade2']
2026-02-11 21:59:10 | DEBUG | lightdiffusion.server | rid=- | No preview clients connected, skipping broadcast
2026-02-11 21:59:14 | DEBUG | lightdiffusion.server | rid=- | No preview clients connected, skipping broadcast
2026-02-11 21:59:24 | DEBUG | lightdiffusion.server | rid=- | No preview clients connected, skipping broadcast
2026-02-11 21:59:48 | DEBUG | lightdiffusion.server | rid=- | No preview clients connected, skipping broadcast
2026-02-11 22:00:36 | DEBUG | lightdiffusion.server | rid=- | No preview clients connected, skipping broadcast
2026-02-11 22:00:42 | DEBUG | lightdiffusion.server | rid=- | No preview clients connected, skipping broadcast
2026-02-11 22:12:50 | DEBUG | lightdiffusion.server | rid=- | server module loaded; cwd=C:\Users\Admin\Documents\LightDiffusion-Next
2026-02-11 22:12:50 | INFO | lightdiffusion.server | rid=- | Pipeline and app_instance imported successfully
2026-02-11 22:12:50 | INFO | lightdiffusion.server | rid=- | Serving frontend from C:\Users\Admin\Documents\LightDiffusion-Next\frontend\dist
2026-02-11 22:12:50 | DEBUG | lightdiffusion.server | rid=- | server module loaded; cwd=C:\Users\Admin\Documents\LightDiffusion-Next
2026-02-11 22:12:50 | INFO | lightdiffusion.server | rid=- | Pipeline and app_instance imported successfully
2026-02-11 22:12:50 | INFO | lightdiffusion.server | rid=- | Serving frontend from C:\Users\Admin\Documents\LightDiffusion-Next\frontend\dist
2026-02-11 22:12:50 | INFO | lightdiffusion.server | rid=- | GenerationBuffer worker task started
2026-02-11 22:12:50 | INFO | lightdiffusion.server | rid=- | Server startup complete, event loop captured for preview broadcasting
2026-02-11 22:12:50 | INFO | lightdiffusion.server | rid=- | Batching worker started; max_batch=4 timeout=0.5
2026-02-11 22:13:49 | INFO | lightdiffusion.server | rid=89f221c8 | /api/generate called
2026-02-11 22:13:49 | DEBUG | lightdiffusion.server | rid=89f221c8 | Request: w=1024 h=1024 num_images=1 batch=1 scheduler=simple sampler=euler steps=25 hiresfix=False adetailer=True enhance=False img2img=False stable_fast=False reuse_seed=True realistic=False multiscale=False intermittent=True factor=0.5 fullres=[10,8] keep_models_loaded=True enable_preview=False prompt='photo of a full body cowboy standing in the desert, detailed face, western' neg='blurry, ugly, distorted, deformed' img2img_image_present=False
2026-02-11 22:13:49 | DEBUG | lightdiffusion.server | rid=- | Batch worker: pending groups={"('./include/checkpoints/juggernautXL_ragnarokBy.safetensors', False, 1024, 1024, False, False, 'simple', 'euler', 25, False, True, 0.5, 10, 8, True, False, 'None', 1.0, 'canny', './include/checkpoints/sd_xl_refiner_1.0.safetensors', 20)": 1} chosen_sig=('./include/checkpoints/juggernautXL_ragnarokBy.safetensors', False, 1024, 1024, False, False, 'simple', 'euler', 25, False, True, 0.5, 10, 8, True, False, 'None', 1.0, 'canny', './include/checkpoints/sd_xl_refiner_1.0.safetensors', 20) group_size=1 oldest_arrival=1770844429.977
2026-02-11 22:13:49 | DEBUG | lightdiffusion.server | rid=- | Processing singleton group for signature ('./include/checkpoints/juggernautXL_ragnarokBy.safetensors', False, 1024, 1024, False, False, 'simple', 'euler', 25, False, True, 0.5, 10, 8, True, False, 'None', 1.0, 'canny', './include/checkpoints/sd_xl_refiner_1.0.safetensors', 20) immediately (age=0.000s). LD_BATCH_WAIT_SINGLETONS=False
2026-02-11 22:13:49 | DEBUG | lightdiffusion.server | rid=- | Processing group chosen_sig=('./include/checkpoints/juggernautXL_ragnarokBy.safetensors', False, 1024, 1024, False, False, 'simple', 'euler', 25, False, True, 0.5, 10, 8, True, False, 'None', 1.0, 'canny', './include/checkpoints/sd_xl_refiner_1.0.safetensors', 20) items=1 request_ids=['89f221c8']
2026-02-11 22:13:49 | DEBUG | lightdiffusion.server | rid=- | No preview clients connected, skipping broadcast
2026-02-11 22:14:09 | DEBUG | lightdiffusion.server | rid=- | No preview clients connected, skipping broadcast
2026-02-11 22:14:19 | DEBUG | lightdiffusion.server | rid=- | No preview clients connected, skipping broadcast
2026-02-11 22:14:43 | DEBUG | lightdiffusion.server | rid=- | No preview clients connected, skipping broadcast
2026-02-11 22:15:32 | DEBUG | lightdiffusion.server | rid=- | No preview clients connected, skipping broadcast
2026-02-11 22:15:39 | DEBUG | lightdiffusion.server | rid=- | No preview clients connected, skipping broadcast
2026-02-11 22:22:49 | DEBUG | lightdiffusion.server | rid=- | server module loaded; cwd=C:\Users\Admin\Documents\LightDiffusion-Next
2026-02-11 22:22:49 | INFO | lightdiffusion.server | rid=- | Pipeline and app_instance imported successfully
2026-02-11 22:22:49 | INFO | lightdiffusion.server | rid=- | Serving frontend from C:\Users\Admin\Documents\LightDiffusion-Next\frontend\dist
2026-02-11 22:22:49 | DEBUG | lightdiffusion.server | rid=- | server module loaded; cwd=C:\Users\Admin\Documents\LightDiffusion-Next
2026-02-11 22:22:49 | INFO | lightdiffusion.server | rid=- | Pipeline and app_instance imported successfully
2026-02-11 22:22:49 | INFO | lightdiffusion.server | rid=- | Serving frontend from C:\Users\Admin\Documents\LightDiffusion-Next\frontend\dist
2026-02-11 22:22:49 | INFO | lightdiffusion.server | rid=- | GenerationBuffer worker task started
2026-02-11 22:22:49 | INFO | lightdiffusion.server | rid=- | Server startup complete, event loop captured for preview broadcasting
2026-02-11 22:22:49 | INFO | lightdiffusion.server | rid=- | Batching worker started; max_batch=4 timeout=0.5
2026-02-11 22:24:05 | INFO | lightdiffusion.server | rid=a5856a13 | /api/generate called
2026-02-11 22:24:05 | DEBUG | lightdiffusion.server | rid=a5856a13 | Request: w=1024 h=1024 num_images=1 batch=1 scheduler=simple sampler=euler steps=25 hiresfix=False adetailer=True enhance=False img2img=False stable_fast=False reuse_seed=True realistic=False multiscale=False intermittent=True factor=0.5 fullres=[10,8] keep_models_loaded=True enable_preview=False prompt='photo of a full body cowboy standing in the desert, detailed face, western' neg='blurry, ugly, distorted, deformed' img2img_image_present=False
2026-02-11 22:24:05 | DEBUG | lightdiffusion.server | rid=- | Batch worker: pending groups={"('./include/checkpoints/juggernautXL_ragnarokBy.safetensors', False, 1024, 1024, False, False, 'simple', 'euler', 25, False, True, 0.5, 10, 8, True, False, 'None', 1.0, 'canny', './include/checkpoints/sd_xl_refiner_1.0.safetensors', 20)": 1} chosen_sig=('./include/checkpoints/juggernautXL_ragnarokBy.safetensors', False, 1024, 1024, False, False, 'simple', 'euler', 25, False, True, 0.5, 10, 8, True, False, 'None', 1.0, 'canny', './include/checkpoints/sd_xl_refiner_1.0.safetensors', 20) group_size=1 oldest_arrival=1770845045.136
2026-02-11 22:24:05 | DEBUG | lightdiffusion.server | rid=- | Processing singleton group for signature ('./include/checkpoints/juggernautXL_ragnarokBy.safetensors', False, 1024, 1024, False, False, 'simple', 'euler', 25, False, True, 0.5, 10, 8, True, False, 'None', 1.0, 'canny', './include/checkpoints/sd_xl_refiner_1.0.safetensors', 20) immediately (age=0.000s). LD_BATCH_WAIT_SINGLETONS=False
2026-02-11 22:24:05 | DEBUG | lightdiffusion.server | rid=- | Processing group chosen_sig=('./include/checkpoints/juggernautXL_ragnarokBy.safetensors', False, 1024, 1024, False, False, 'simple', 'euler', 25, False, True, 0.5, 10, 8, True, False, 'None', 1.0, 'canny', './include/checkpoints/sd_xl_refiner_1.0.safetensors', 20) items=1 request_ids=['a5856a13']
2026-02-11 22:24:05 | DEBUG | lightdiffusion.server | rid=- | No preview clients connected, skipping broadcast
2026-02-11 22:24:23 | DEBUG | lightdiffusion.server | rid=- | No preview clients connected, skipping broadcast
2026-02-11 22:24:33 | DEBUG | lightdiffusion.server | rid=- | No preview clients connected, skipping broadcast
2026-02-11 22:24:56 | DEBUG | lightdiffusion.server | rid=- | No preview clients connected, skipping broadcast
2026-02-11 22:25:51 | DEBUG | lightdiffusion.server | rid=- | No preview clients connected, skipping broadcast
2026-02-11 22:25:58 | DEBUG | lightdiffusion.server | rid=- | No preview clients connected, skipping broadcast
2026-02-11 22:26:48 | DEBUG | lightdiffusion.server | rid=- | No preview clients connected, skipping broadcast
2026-02-11 22:26:55 | DEBUG | lightdiffusion.server | rid=- | No preview clients connected, skipping broadcast
2026-02-11 22:28:19 | DEBUG | lightdiffusion.server | rid=- | server module loaded; cwd=C:\Users\Admin\Documents\LightDiffusion-Next
2026-02-11 22:28:19 | INFO | lightdiffusion.server | rid=- | Pipeline and app_instance imported successfully
2026-02-11 22:28:19 | INFO | lightdiffusion.server | rid=- | Serving frontend from C:\Users\Admin\Documents\LightDiffusion-Next\frontend\dist
2026-02-11 22:28:27 | INFO | lightdiffusion.server | rid=dd7b8664 | /api/generate called
2026-02-11 22:28:27 | DEBUG | lightdiffusion.server | rid=dd7b8664 | Request: w=512 h=512 num_images=1 batch=1 scheduler=ays sampler=dpmpp_sde_cfgpp steps=20 hiresfix=False adetailer=False enhance=False img2img=False stable_fast=False reuse_seed=False realistic=False multiscale=False intermittent=True factor=0.5 fullres=[10,8] keep_models_loaded=True enable_preview=True prompt='test' neg='' img2img_image_present=False
2026-02-11 22:28:27 | INFO | lightdiffusion.server | rid=- | Saved img2img image to C:\Users\Admin\AppData\Local\Temp\img2img-38b04683.png
2026-02-11 22:28:27 | INFO | lightdiffusion.server | rid=- | Saved img2img image to C:\Users\Admin\AppData\Local\Temp\img2img-e5c9e739.png
2026-02-11 22:28:27 | INFO | lightdiffusion.server | rid=48006322 | /api/generate called
2026-02-11 22:28:27 | DEBUG | lightdiffusion.server | rid=48006322 | Request: w=512 h=512 num_images=1 batch=1 scheduler=ays sampler=dpmpp_sde_cfgpp steps=20 hiresfix=False adetailer=False enhance=False img2img=True stable_fast=False reuse_seed=False realistic=False multiscale=False intermittent=True factor=0.5 fullres=[10,8] keep_models_loaded=True enable_preview=False prompt='test' neg='' img2img_image_present=True
2026-02-11 22:28:27 | INFO | lightdiffusion.server | rid=- | Saved img2img image to C:\Users\Admin\AppData\Local\Temp\img2img-1ccc1f24.png
2026-02-11 22:28:27 | INFO | lightdiffusion.server | rid=48006322 | Img2Img upload received and written to C:\Users\Admin\AppData\Local\Temp\img2img-1ccc1f24.png
2026-02-11 22:28:41 | DEBUG | lightdiffusion.server | rid=- | server module loaded; cwd=C:\Users\Admin\Documents\LightDiffusion-Next
2026-02-11 22:28:41 | INFO | lightdiffusion.server | rid=- | Pipeline and app_instance imported successfully
2026-02-11 22:28:41 | INFO | lightdiffusion.server | rid=- | Serving frontend from C:\Users\Admin\Documents\LightDiffusion-Next\frontend\dist
2026-02-11 22:28:42 | DEBUG | lightdiffusion.server | rid=- | server module loaded; cwd=C:\Users\Admin\Documents\LightDiffusion-Next
2026-02-11 22:28:42 | INFO | lightdiffusion.server | rid=- | Pipeline and app_instance imported successfully
2026-02-11 22:28:42 | INFO | lightdiffusion.server | rid=- | Serving frontend from C:\Users\Admin\Documents\LightDiffusion-Next\frontend\dist
2026-02-11 22:28:42 | INFO | lightdiffusion.server | rid=- | GenerationBuffer worker task started
2026-02-11 22:28:42 | INFO | lightdiffusion.server | rid=- | Server startup complete, event loop captured for preview broadcasting
2026-02-11 22:28:42 | INFO | lightdiffusion.server | rid=- | Batching worker started; max_batch=4 timeout=0.5
2026-02-11 22:29:10 | INFO | lightdiffusion.server | rid=0045c669 | /api/generate called
2026-02-11 22:29:10 | DEBUG | lightdiffusion.server | rid=0045c669 | Request: w=512 h=512 num_images=1 batch=1 scheduler=ays sampler=dpmpp_sde_cfgpp steps=1 hiresfix=False adetailer=False enhance=False img2img=False stable_fast=False reuse_seed=False realistic=False multiscale=False intermittent=True factor=0.5 fullres=[10,8] keep_models_loaded=True enable_preview=False prompt='a beautiful landscape' neg='' img2img_image_present=False
2026-02-11 22:29:10 | DEBUG | lightdiffusion.server | rid=- | Batch worker: pending groups={"('None', False, 512, 512, False, False, 'ays', 'dpmpp_sde_cfgpp', 1, False, True, 0.5, 10, 8, True, False, 'None', 1.0, 'canny', '', -1)": 1} chosen_sig=('None', False, 512, 512, False, False, 'ays', 'dpmpp_sde_cfgpp', 1, False, True, 0.5, 10, 8, True, False, 'None', 1.0, 'canny', '', -1) group_size=1 oldest_arrival=1770845350.855
2026-02-11 22:29:10 | DEBUG | lightdiffusion.server | rid=- | Processing singleton group for signature ('None', False, 512, 512, False, False, 'ays', 'dpmpp_sde_cfgpp', 1, False, True, 0.5, 10, 8, True, False, 'None', 1.0, 'canny', '', -1) immediately (age=0.000s). LD_BATCH_WAIT_SINGLETONS=False
2026-02-11 22:29:10 | DEBUG | lightdiffusion.server | rid=- | Processing group chosen_sig=('None', False, 512, 512, False, False, 'ays', 'dpmpp_sde_cfgpp', 1, False, True, 0.5, 10, 8, True, False, 'None', 1.0, 'canny', '', -1) items=1 request_ids=['0045c669']
2026-02-11 22:29:10 | DEBUG | lightdiffusion.server | rid=- | No preview clients connected, skipping broadcast
2026-02-11 22:29:11 | ERROR | lightdiffusion.server | rid=- | Batch processing failed: No such file or directory: ./include/checkpoints/DreamShaper_8_pruned.safetensors
Traceback (most recent call last):
  File "C:\Users\Admin\Documents\LightDiffusion-Next\server.py", line 416, in _worker
    await self._process_group(to_process)
  File "C:\Users\Admin\Documents\LightDiffusion-Next\server.py", line 555, in _process_group
    result = await loop.run_in_executor(None, func)
             ^^^^^^^^^^^^^^^^^^^^^^^^^^^^^^^^^^^^^^
  File "C:\Users\Admin\AppData\Roaming\uv\python\cpython-3.12.12-windows-x86_64-none\Lib\concurrent\futures\thread.py", line 59, in run
    result = self.fn(*self.args, **self.kwargs)
             ^^^^^^^^^^^^^^^^^^^^^^^^^^^^^^^^^^
  File "C:\Users\Admin\Documents\LightDiffusion-Next\src\user\pipeline.py", line 277, in pipeline
    return pipeline_instance.run_batched(ctx, per_sample_info)
           ^^^^^^^^^^^^^^^^^^^^^^^^^^^^^^^^^^^^^^^^^^^^^^^^^^^
  File "C:\Users\Admin\Documents\LightDiffusion-Next\src\Core\Pipeline.py", line 598, in run_batched
    model = self._load_model(ctx)
            ^^^^^^^^^^^^^^^^^^^^^
  File "C:\Users\Admin\Documents\LightDiffusion-Next\src\Core\Pipeline.py", line 972, in _load_model
    model.load()
  File "C:\Users\Admin\Documents\LightDiffusion-Next\src\Core\Models\SD15Model.py", line 79, in load
    result = loader.load_checkpoint(ckpt_name=path)
             ^^^^^^^^^^^^^^^^^^^^^^^^^^^^^^^^^^^^^^
  File "C:\Users\Admin\Documents\LightDiffusion-Next\src\FileManaging\Loader.py", line 161, in load_checkpoint
    out = load_checkpoint_guess_config(
          ^^^^^^^^^^^^^^^^^^^^^^^^^^^^^
  File "C:\Users\Admin\Documents\LightDiffusion-Next\src\FileManaging\Loader.py", line 32, in load_checkpoint_guess_config
    sd = util.load_torch_file(ckpt_path)
         ^^^^^^^^^^^^^^^^^^^^^^^^^^^^^^^
  File "C:\Users\Admin\Documents\LightDiffusion-Next\src\Utilities\util.py", line 125, in load_torch_file
    sd = safetensors.torch.load_file(ckpt, device=device.type)
         ^^^^^^^^^^^^^^^^^^^^^^^^^^^^^^^^^^^^^^^^^^^^^^^^^^^^^
  File "C:\Users\Admin\Documents\LightDiffusion-Next\.venv\Lib\site-packages\safetensors\torch.py", line 336, in load_file
    with safe_open(filename, framework="pt", device=device) as f:
         ^^^^^^^^^^^^^^^^^^^^^^^^^^^^^^^^^^^^^^^^^^^^^^^^^^
FileNotFoundError: No such file or directory: ./include/checkpoints/DreamShaper_8_pruned.safetensors
2026-02-11 22:47:21 | DEBUG | lightdiffusion.server | rid=- | server module loaded; cwd=C:\Users\Admin\Documents\LightDiffusion-Next
2026-02-11 22:47:21 | INFO | lightdiffusion.server | rid=- | Pipeline and app_instance imported successfully
2026-02-11 22:47:21 | INFO | lightdiffusion.server | rid=- | Serving frontend from C:\Users\Admin\Documents\LightDiffusion-Next\frontend\dist
2026-02-11 22:47:21 | INFO | lightdiffusion.server | rid=- | Launching frontend development server...
2026-02-11 22:47:21 | INFO | lightdiffusion.server | rid=- | Frontend development server launched
2026-02-11 22:47:21 | DEBUG | lightdiffusion.server | rid=- | server module loaded; cwd=C:\Users\Admin\Documents\LightDiffusion-Next
2026-02-11 22:47:21 | INFO | lightdiffusion.server | rid=- | Pipeline and app_instance imported successfully
2026-02-11 22:47:21 | INFO | lightdiffusion.server | rid=- | Serving frontend from C:\Users\Admin\Documents\LightDiffusion-Next\frontend\dist
2026-02-11 22:47:21 | INFO | lightdiffusion.server | rid=- | GenerationBuffer worker task started
2026-02-11 22:47:21 | INFO | lightdiffusion.server | rid=- | Server startup complete, event loop captured for preview broadcasting
2026-02-11 22:47:21 | INFO | lightdiffusion.server | rid=- | Batching worker started; max_batch=4 timeout=0.5
2026-02-11 22:47:21 | INFO | lightdiffusion.server | rid=- | Shutting down frontend development server...
2026-02-11 22:47:21 | INFO | lightdiffusion.server | rid=- | Frontend development server shut down
2026-02-11 22:49:51 | DEBUG | lightdiffusion.server | rid=- | server module loaded; cwd=C:\Users\Admin\Documents\LightDiffusion-Next
2026-02-11 22:49:51 | INFO | lightdiffusion.server | rid=- | Pipeline and app_instance imported successfully
2026-02-11 22:49:51 | INFO | lightdiffusion.server | rid=- | Serving frontend from C:\Users\Admin\Documents\LightDiffusion-Next\frontend\dist
2026-02-11 22:49:51 | INFO | lightdiffusion.server | rid=- | Launching frontend development server...
2026-02-11 22:49:51 | INFO | lightdiffusion.server | rid=- | Frontend development server launched
2026-02-11 22:49:51 | DEBUG | lightdiffusion.server | rid=- | server module loaded; cwd=C:\Users\Admin\Documents\LightDiffusion-Next
2026-02-11 22:49:51 | INFO | lightdiffusion.server | rid=- | Pipeline and app_instance imported successfully
2026-02-11 22:49:51 | INFO | lightdiffusion.server | rid=- | Serving frontend from C:\Users\Admin\Documents\LightDiffusion-Next\frontend\dist
2026-02-11 22:49:51 | INFO | lightdiffusion.server | rid=- | GenerationBuffer worker task started
2026-02-11 22:49:51 | INFO | lightdiffusion.server | rid=- | Server startup complete, event loop captured for preview broadcasting
2026-02-11 22:49:51 | INFO | lightdiffusion.server | rid=- | Batching worker started; max_batch=4 timeout=0.5
2026-02-11 22:49:57 | INFO | lightdiffusion.server | rid=- | WebSocket client connected to /ws/preview (total: 1)
2026-02-11 22:50:57 | INFO | lightdiffusion.server | rid=c59470ba | /api/generate called
2026-02-11 22:50:57 | DEBUG | lightdiffusion.server | rid=c59470ba | Request: w=512 h=512 num_images=1 batch=1 scheduler=simple sampler=euler steps=25 hiresfix=True adetailer=True enhance=False img2img=False stable_fast=False reuse_seed=False realistic=False multiscale=False intermittent=True factor=0.5 fullres=[10,8] keep_models_loaded=True enable_preview=True prompt='An astronaut riding a horse on mars, detailed, 8k' neg='blurry, low quality, distorted' img2img_image_present=False
2026-02-11 22:50:57 | DEBUG | lightdiffusion.server | rid=- | Batch worker: pending groups={"('./include/checkpoints\\\\juggernautXL_ragnarokBy.safetensors', False, 512, 512, False, False, 'simple', 'euler', 25, False, True, 0.5, 10, 8, True, False, 'None', 1.0, 'canny', './include/checkpoints\\\\sd_xl_refiner_1.0.safetensors', 20)": 1} chosen_sig=('./include/checkpoints\\juggernautXL_ragnarokBy.safetensors', False, 512, 512, False, False, 'simple', 'euler', 25, False, True, 0.5, 10, 8, True, False, 'None', 1.0, 'canny', './include/checkpoints\\sd_xl_refiner_1.0.safetensors', 20) group_size=1 oldest_arrival=1770846657.543
2026-02-11 22:50:57 | DEBUG | lightdiffusion.server | rid=- | Processing singleton group for signature ('./include/checkpoints\\juggernautXL_ragnarokBy.safetensors', False, 512, 512, False, False, 'simple', 'euler', 25, False, True, 0.5, 10, 8, True, False, 'None', 1.0, 'canny', './include/checkpoints\\sd_xl_refiner_1.0.safetensors', 20) immediately (age=0.000s). LD_BATCH_WAIT_SINGLETONS=False
2026-02-11 22:50:57 | DEBUG | lightdiffusion.server | rid=- | Processing group chosen_sig=('./include/checkpoints\\juggernautXL_ragnarokBy.safetensors', False, 512, 512, False, False, 'simple', 'euler', 25, False, True, 0.5, 10, 8, True, False, 'None', 1.0, 'canny', './include/checkpoints\\sd_xl_refiner_1.0.safetensors', 20) items=1 request_ids=['c59470ba']
2026-02-11 22:50:57 | INFO | lightdiffusion.server | rid=- | Broadcasting preview step 0/25
2026-02-11 22:51:16 | INFO | lightdiffusion.server | rid=- | Broadcasting preview step 0/20
2026-02-11 22:51:18 | INFO | lightdiffusion.server | rid=- | Broadcasting preview step 5/20
2026-02-11 22:51:20 | INFO | lightdiffusion.server | rid=- | Broadcasting preview step 10/20
2026-02-11 22:51:22 | INFO | lightdiffusion.server | rid=- | Broadcasting preview step 15/20
2026-02-11 22:51:24 | INFO | lightdiffusion.server | rid=- | Broadcasting preview step 19/20
2026-02-11 22:51:38 | INFO | lightdiffusion.server | rid=- | Broadcasting preview step 0/5
2026-02-11 22:51:39 | INFO | lightdiffusion.server | rid=- | Broadcasting preview step 4/5
2026-02-11 22:52:20 | INFO | lightdiffusion.server | rid=- | Broadcasting preview step 0/20
2026-02-11 22:52:21 | INFO | lightdiffusion.server | rid=- | Broadcasting preview step 5/20
2026-02-11 22:52:23 | INFO | lightdiffusion.server | rid=- | Broadcasting preview step 10/20
2026-02-11 22:52:24 | INFO | lightdiffusion.server | rid=- | Broadcasting preview step 15/20
2026-02-11 22:52:26 | INFO | lightdiffusion.server | rid=- | Broadcasting preview step 19/20
2026-02-11 22:52:55 | INFO | lightdiffusion.server | rid=- | Broadcasting preview step 0/20
2026-02-11 22:53:02 | INFO | lightdiffusion.server | rid=- | Broadcasting preview step 5/20
2026-02-11 22:53:07 | INFO | lightdiffusion.server | rid=- | Broadcasting preview step 10/20
2026-02-11 22:53:12 | INFO | lightdiffusion.server | rid=- | Broadcasting preview step 15/20
2026-02-11 22:53:17 | INFO | lightdiffusion.server | rid=- | Broadcasting preview step 19/20
2026-02-11 22:58:10 | INFO | lightdiffusion.server | rid=- | WebSocket client disconnected (remaining: 0)
2026-02-11 22:58:11 | INFO | lightdiffusion.server | rid=- | Shutting down frontend development server...
2026-02-11 22:58:11 | INFO | lightdiffusion.server | rid=- | Frontend development server shut down
2026-02-11 22:59:37 | DEBUG | lightdiffusion.server | rid=- | server module loaded; cwd=C:\Users\Admin\Documents\LightDiffusion-Next
2026-02-11 22:59:37 | INFO | lightdiffusion.server | rid=- | Pipeline and app_instance imported successfully
2026-02-11 22:59:37 | INFO | lightdiffusion.server | rid=- | Serving frontend from C:\Users\Admin\Documents\LightDiffusion-Next\frontend\dist
2026-02-11 22:59:37 | INFO | lightdiffusion.server | rid=- | Launching frontend development server...
2026-02-11 22:59:37 | INFO | lightdiffusion.server | rid=- | Frontend development server launched
2026-02-11 22:59:37 | DEBUG | lightdiffusion.server | rid=- | server module loaded; cwd=C:\Users\Admin\Documents\LightDiffusion-Next
2026-02-11 22:59:37 | INFO | lightdiffusion.server | rid=- | Pipeline and app_instance imported successfully
2026-02-11 22:59:37 | INFO | lightdiffusion.server | rid=- | Serving frontend from C:\Users\Admin\Documents\LightDiffusion-Next\frontend\dist
2026-02-11 22:59:37 | INFO | lightdiffusion.server | rid=- | GenerationBuffer worker task started
2026-02-11 22:59:37 | INFO | lightdiffusion.server | rid=- | Server startup complete, event loop captured for preview broadcasting
2026-02-11 22:59:37 | INFO | lightdiffusion.server | rid=- | Batching worker started; max_batch=4 timeout=0.5
2026-02-11 22:59:41 | INFO | lightdiffusion.server | rid=- | WebSocket client connected to /ws/preview (total: 1)
2026-02-11 23:00:09 | INFO | lightdiffusion.server | rid=d55a2ed5 | /api/generate called
2026-02-11 23:00:09 | DEBUG | lightdiffusion.server | rid=d55a2ed5 | Request: w=512 h=512 num_images=1 batch=1 scheduler=simple sampler=euler steps=25 hiresfix=True adetailer=False enhance=False img2img=False stable_fast=False reuse_seed=False realistic=False multiscale=False intermittent=True factor=0.5 fullres=[10,8] keep_models_loaded=True enable_preview=True prompt='An astronaut riding a horse on mars, detailed, 8k' neg='blurry, low quality, distorted' img2img_image_present=False
2026-02-11 23:00:09 | DEBUG | lightdiffusion.server | rid=- | Batch worker: pending groups={"('./include/checkpoints\\\\juggernautXL_ragnarokBy.safetensors', False, 512, 512, False, False, 'simple', 'euler', 25, False, True, 0.5, 10, 8, True, False, 'None', 1.0, 'canny', './include/checkpoints\\\\sd_xl_refiner_1.0.safetensors', 20)": 1} chosen_sig=('./include/checkpoints\\juggernautXL_ragnarokBy.safetensors', False, 512, 512, False, False, 'simple', 'euler', 25, False, True, 0.5, 10, 8, True, False, 'None', 1.0, 'canny', './include/checkpoints\\sd_xl_refiner_1.0.safetensors', 20) group_size=1 oldest_arrival=1770847209.339
2026-02-11 23:00:09 | DEBUG | lightdiffusion.server | rid=- | Processing singleton group for signature ('./include/checkpoints\\juggernautXL_ragnarokBy.safetensors', False, 512, 512, False, False, 'simple', 'euler', 25, False, True, 0.5, 10, 8, True, False, 'None', 1.0, 'canny', './include/checkpoints\\sd_xl_refiner_1.0.safetensors', 20) immediately (age=0.000s). LD_BATCH_WAIT_SINGLETONS=False
2026-02-11 23:00:09 | DEBUG | lightdiffusion.server | rid=- | Processing group chosen_sig=('./include/checkpoints\\juggernautXL_ragnarokBy.safetensors', False, 512, 512, False, False, 'simple', 'euler', 25, False, True, 0.5, 10, 8, True, False, 'None', 1.0, 'canny', './include/checkpoints\\sd_xl_refiner_1.0.safetensors', 20) items=1 request_ids=['d55a2ed5']
2026-02-11 23:00:09 | INFO | lightdiffusion.server | rid=- | Broadcasting preview step 0/25
2026-02-11 23:00:28 | INFO | lightdiffusion.server | rid=- | Broadcasting preview step 0/20
2026-02-11 23:00:28 | INFO | lightdiffusion.server | rid=- | Broadcasting preview step 5/20
2026-02-11 23:00:30 | INFO | lightdiffusion.server | rid=- | Broadcasting preview step 10/20
2026-02-11 23:00:32 | INFO | lightdiffusion.server | rid=- | Broadcasting preview step 15/20
2026-02-11 23:00:34 | INFO | lightdiffusion.server | rid=- | Broadcasting preview step 19/20
2026-02-11 23:00:49 | INFO | lightdiffusion.server | rid=- | Broadcasting preview step 0/5
2026-02-11 23:00:51 | INFO | lightdiffusion.server | rid=- | Broadcasting preview step 4/5
2026-02-11 23:01:39 | INFO | lightdiffusion.server | rid=- | Broadcasting preview step 0/12
2026-02-11 23:01:48 | INFO | lightdiffusion.server | rid=- | Broadcasting preview step 5/12
2026-02-11 23:01:57 | INFO | lightdiffusion.server | rid=- | Broadcasting preview step 10/12
2026-02-11 23:01:59 | INFO | lightdiffusion.server | rid=- | Broadcasting preview step 11/12
2026-02-11 23:21:36 | INFO | lightdiffusion.server | rid=04e17384 | /api/generate called
2026-02-11 23:21:36 | DEBUG | lightdiffusion.server | rid=04e17384 | Request: w=512 h=512 num_images=1 batch=1 scheduler=simple sampler=euler steps=4 hiresfix=True adetailer=False enhance=False img2img=False stable_fast=False reuse_seed=False realistic=False multiscale=False intermittent=True factor=0.5 fullres=[10,8] keep_models_loaded=True enable_preview=True prompt='An astronaut riding a horse on mars, detailed, 8k' neg='blurry, low quality, distorted' img2img_image_present=False
2026-02-11 23:21:36 | DEBUG | lightdiffusion.server | rid=- | Batch worker: pending groups={"('./include/diffusion_model\\\\flux-2-klein-4b.safetensors', False, 512, 512, False, False, 'simple', 'euler', 4, False, True, 0.5, 10, 8, True, False, 'None', 1.0, 'canny', '', -1)": 1} chosen_sig=('./include/diffusion_model\\flux-2-klein-4b.safetensors', False, 512, 512, False, False, 'simple', 'euler', 4, False, True, 0.5, 10, 8, True, False, 'None', 1.0, 'canny', '', -1) group_size=1 oldest_arrival=1770848496.577
2026-02-11 23:21:36 | DEBUG | lightdiffusion.server | rid=- | Processing singleton group for signature ('./include/diffusion_model\\flux-2-klein-4b.safetensors', False, 512, 512, False, False, 'simple', 'euler', 4, False, True, 0.5, 10, 8, True, False, 'None', 1.0, 'canny', '', -1) immediately (age=0.000s). LD_BATCH_WAIT_SINGLETONS=False
2026-02-11 23:21:36 | DEBUG | lightdiffusion.server | rid=- | Processing group chosen_sig=('./include/diffusion_model\\flux-2-klein-4b.safetensors', False, 512, 512, False, False, 'simple', 'euler', 4, False, True, 0.5, 10, 8, True, False, 'None', 1.0, 'canny', '', -1) items=1 request_ids=['04e17384']
2026-02-11 23:21:36 | INFO | lightdiffusion.server | rid=- | Broadcasting preview step 0/4
2026-02-11 23:21:54 | ERROR | lightdiffusion.server | rid=- | Batch processing failed: No text encoder loaded
Traceback (most recent call last):
  File "C:\Users\Admin\Documents\LightDiffusion-Next\server.py", line 416, in _worker
    await self._process_group(to_process)
  File "C:\Users\Admin\Documents\LightDiffusion-Next\server.py", line 555, in _process_group
    result = await loop.run_in_executor(None, func)
             ^^^^^^^^^^^^^^^^^^^^^^^^^^^^^^^^^^^^^^
  File "C:\Users\Admin\AppData\Roaming\uv\python\cpython-3.12.12-windows-x86_64-none\Lib\concurrent\futures\thread.py", line 59, in run
    result = self.fn(*self.args, **self.kwargs)
             ^^^^^^^^^^^^^^^^^^^^^^^^^^^^^^^^^^
  File "C:\Users\Admin\Documents\LightDiffusion-Next\src\user\pipeline.py", line 277, in pipeline
    return pipeline_instance.run_batched(ctx, per_sample_info)
           ^^^^^^^^^^^^^^^^^^^^^^^^^^^^^^^^^^^^^^^^^^^^^^^^^^^
  File "C:\Users\Admin\Documents\LightDiffusion-Next\src\Core\Pipeline.py", line 602, in run_batched
    positive, negative = model.encode_prompt(prompts, negatives)
                         ^^^^^^^^^^^^^^^^^^^^^^^^^^^^^^^^^^^^^^^
  File "C:\Users\Admin\Documents\LightDiffusion-Next\src\Core\Models\Flux2KleinModel.py", line 678, in encode_prompt
    raise RuntimeError("No text encoder loaded")
RuntimeError: No text encoder loaded
2026-02-11 23:24:09 | INFO | lightdiffusion.server | rid=- | WebSocket client disconnected (remaining: 0)
2026-02-11 23:25:32 | INFO | lightdiffusion.server | rid=- | Shutting down frontend development server...
2026-02-11 23:25:32 | INFO | lightdiffusion.server | rid=- | Frontend development server shut down
2026-02-11 23:41:49 | DEBUG | lightdiffusion.server | rid=- | server module loaded; cwd=C:\Users\Admin\Documents\LightDiffusion-Next
2026-02-11 23:41:49 | INFO | lightdiffusion.server | rid=- | Pipeline and app_instance imported successfully
2026-02-11 23:41:50 | INFO | lightdiffusion.server | rid=- | Serving frontend from C:\Users\Admin\Documents\LightDiffusion-Next\frontend\dist
2026-02-11 23:42:19 | DEBUG | lightdiffusion.server | rid=- | No preview clients connected, skipping broadcast
2026-02-11 23:55:12 | DEBUG | lightdiffusion.server | rid=- | server module loaded; cwd=C:\Users\Admin\Documents\LightDiffusion-Next
2026-02-11 23:55:12 | INFO | lightdiffusion.server | rid=- | Pipeline and app_instance imported successfully
2026-02-11 23:55:12 | INFO | lightdiffusion.server | rid=- | Serving frontend from C:\Users\Admin\Documents\LightDiffusion-Next\frontend\dist
2026-02-11 23:55:12 | INFO | lightdiffusion.server | rid=- | Launching frontend development server...
2026-02-11 23:55:12 | INFO | lightdiffusion.server | rid=- | Frontend development server launched
2026-02-11 23:55:12 | DEBUG | lightdiffusion.server | rid=- | server module loaded; cwd=C:\Users\Admin\Documents\LightDiffusion-Next
2026-02-11 23:55:12 | INFO | lightdiffusion.server | rid=- | Pipeline and app_instance imported successfully
2026-02-11 23:55:12 | INFO | lightdiffusion.server | rid=- | Serving frontend from C:\Users\Admin\Documents\LightDiffusion-Next\frontend\dist
2026-02-11 23:55:12 | INFO | lightdiffusion.server | rid=- | GenerationBuffer worker task started
2026-02-11 23:55:12 | INFO | lightdiffusion.server | rid=- | Server startup complete, event loop captured for preview broadcasting
2026-02-11 23:55:12 | INFO | lightdiffusion.server | rid=- | Batching worker started; max_batch=4 timeout=0.5
2026-02-11 23:55:26 | INFO | lightdiffusion.server | rid=- | WebSocket client connected to /ws/preview (total: 1)
2026-02-11 23:55:47 | INFO | lightdiffusion.server | rid=ce2f2cda | /api/generate called
2026-02-11 23:55:47 | DEBUG | lightdiffusion.server | rid=ce2f2cda | Request: w=512 h=512 num_images=1 batch=1 scheduler=simple sampler=euler steps=4 hiresfix=True adetailer=True enhance=False img2img=False stable_fast=False reuse_seed=False realistic=False multiscale=False intermittent=True factor=0.5 fullres=[10,8] keep_models_loaded=True enable_preview=True prompt='An astronaut riding a horse on mars, detailed, 8k' neg='blurry, low quality, distorted' img2img_image_present=False
2026-02-11 23:55:47 | DEBUG | lightdiffusion.server | rid=- | Batch worker: pending groups={"('./include/diffusion_model\\\\flux-2-klein-4b.safetensors', False, 512, 512, False, False, 'simple', 'euler', 4, False, True, 0.5, 10, 8, True, False, 'None', 1.0, 'canny', '', -1)": 1} chosen_sig=('./include/diffusion_model\\flux-2-klein-4b.safetensors', False, 512, 512, False, False, 'simple', 'euler', 4, False, True, 0.5, 10, 8, True, False, 'None', 1.0, 'canny', '', -1) group_size=1 oldest_arrival=1770850547.602
2026-02-11 23:55:47 | DEBUG | lightdiffusion.server | rid=- | Processing singleton group for signature ('./include/diffusion_model\\flux-2-klein-4b.safetensors', False, 512, 512, False, False, 'simple', 'euler', 4, False, True, 0.5, 10, 8, True, False, 'None', 1.0, 'canny', '', -1) immediately (age=0.001s). LD_BATCH_WAIT_SINGLETONS=False
2026-02-11 23:55:47 | DEBUG | lightdiffusion.server | rid=- | Processing group chosen_sig=('./include/diffusion_model\\flux-2-klein-4b.safetensors', False, 512, 512, False, False, 'simple', 'euler', 4, False, True, 0.5, 10, 8, True, False, 'None', 1.0, 'canny', '', -1) items=1 request_ids=['ce2f2cda']
2026-02-11 23:55:47 | INFO | lightdiffusion.server | rid=- | Broadcasting preview step 0/4
2026-02-11 23:55:56 | ERROR | lightdiffusion.server | rid=- | Batch processing failed: No text encoder loaded
Traceback (most recent call last):
  File "C:\Users\Admin\Documents\LightDiffusion-Next\server.py", line 416, in _worker
    await self._process_group(to_process)
  File "C:\Users\Admin\Documents\LightDiffusion-Next\server.py", line 555, in _process_group
    result = await loop.run_in_executor(None, func)
             ^^^^^^^^^^^^^^^^^^^^^^^^^^^^^^^^^^^^^^
  File "C:\Users\Admin\AppData\Roaming\uv\python\cpython-3.12.12-windows-x86_64-none\Lib\concurrent\futures\thread.py", line 59, in run
    result = self.fn(*self.args, **self.kwargs)
             ^^^^^^^^^^^^^^^^^^^^^^^^^^^^^^^^^^
  File "C:\Users\Admin\Documents\LightDiffusion-Next\src\user\pipeline.py", line 277, in pipeline
    return pipeline_instance.run_batched(ctx, per_sample_info)
           ^^^^^^^^^^^^^^^^^^^^^^^^^^^^^^^^^^^^^^^^^^^^^^^^^^^
  File "C:\Users\Admin\Documents\LightDiffusion-Next\src\Core\Pipeline.py", line 602, in run_batched
    positive, negative = model.encode_prompt(prompts, negatives)
                         ^^^^^^^^^^^^^^^^^^^^^^^^^^^^^^^^^^^^^^^
  File "C:\Users\Admin\Documents\LightDiffusion-Next\src\Core\Models\Flux2KleinModel.py", line 678, in encode_prompt
    raise RuntimeError("No text encoder loaded")
RuntimeError: No text encoder loaded
2026-02-11 23:56:04 | INFO | lightdiffusion.server | rid=- | Interrupt requested via API
2026-02-11 23:56:05 | INFO | lightdiffusion.server | rid=df36e618 | /api/generate called
2026-02-11 23:56:05 | DEBUG | lightdiffusion.server | rid=df36e618 | Request: w=512 h=512 num_images=1 batch=1 scheduler=simple sampler=euler steps=4 hiresfix=True adetailer=True enhance=False img2img=False stable_fast=False reuse_seed=False realistic=False multiscale=False intermittent=True factor=0.5 fullres=[10,8] keep_models_loaded=True enable_preview=True prompt='An astronaut riding a horse on mars, detailed, 8k' neg='blurry, low quality, distorted' img2img_image_present=False
2026-02-11 23:56:05 | DEBUG | lightdiffusion.server | rid=- | Batch worker: pending groups={"('./include/diffusion_model\\\\flux-2-klein-4b.safetensors', False, 512, 512, False, False, 'simple', 'euler', 4, False, True, 0.5, 10, 8, True, False, 'None', 1.0, 'canny', '', -1)": 1} chosen_sig=('./include/diffusion_model\\flux-2-klein-4b.safetensors', False, 512, 512, False, False, 'simple', 'euler', 4, False, True, 0.5, 10, 8, True, False, 'None', 1.0, 'canny', '', -1) group_size=1 oldest_arrival=1770850565.090
2026-02-11 23:56:05 | DEBUG | lightdiffusion.server | rid=- | Processing singleton group for signature ('./include/diffusion_model\\flux-2-klein-4b.safetensors', False, 512, 512, False, False, 'simple', 'euler', 4, False, True, 0.5, 10, 8, True, False, 'None', 1.0, 'canny', '', -1) immediately (age=0.001s). LD_BATCH_WAIT_SINGLETONS=False
2026-02-11 23:56:05 | DEBUG | lightdiffusion.server | rid=- | Processing group chosen_sig=('./include/diffusion_model\\flux-2-klein-4b.safetensors', False, 512, 512, False, False, 'simple', 'euler', 4, False, True, 0.5, 10, 8, True, False, 'None', 1.0, 'canny', '', -1) items=1 request_ids=['df36e618']
2026-02-11 23:56:05 | INFO | lightdiffusion.server | rid=- | Broadcasting preview step 0/4
2026-02-11 23:56:05 | ERROR | lightdiffusion.server | rid=- | Batch processing failed: No text encoder loaded
Traceback (most recent call last):
  File "C:\Users\Admin\Documents\LightDiffusion-Next\server.py", line 416, in _worker
    await self._process_group(to_process)
  File "C:\Users\Admin\Documents\LightDiffusion-Next\server.py", line 555, in _process_group
    result = await loop.run_in_executor(None, func)
             ^^^^^^^^^^^^^^^^^^^^^^^^^^^^^^^^^^^^^^
  File "C:\Users\Admin\AppData\Roaming\uv\python\cpython-3.12.12-windows-x86_64-none\Lib\concurrent\futures\thread.py", line 59, in run
    result = self.fn(*self.args, **self.kwargs)
             ^^^^^^^^^^^^^^^^^^^^^^^^^^^^^^^^^^
  File "C:\Users\Admin\Documents\LightDiffusion-Next\src\user\pipeline.py", line 277, in pipeline
    return pipeline_instance.run_batched(ctx, per_sample_info)
           ^^^^^^^^^^^^^^^^^^^^^^^^^^^^^^^^^^^^^^^^^^^^^^^^^^^
  File "C:\Users\Admin\Documents\LightDiffusion-Next\src\Core\Pipeline.py", line 602, in run_batched
    positive, negative = model.encode_prompt(prompts, negatives)
                         ^^^^^^^^^^^^^^^^^^^^^^^^^^^^^^^^^^^^^^^
  File "C:\Users\Admin\Documents\LightDiffusion-Next\src\Core\Models\Flux2KleinModel.py", line 678, in encode_prompt
    raise RuntimeError("No text encoder loaded")
RuntimeError: No text encoder loaded
2026-02-11 23:56:06 | INFO | lightdiffusion.server | rid=- | Interrupt requested via API
2026-02-11 23:58:06 | INFO | lightdiffusion.server | rid=4e6a5843 | /api/generate called
2026-02-11 23:58:06 | DEBUG | lightdiffusion.server | rid=4e6a5843 | Request: w=512 h=512 num_images=1 batch=1 scheduler=simple sampler=euler steps=4 hiresfix=True adetailer=True enhance=False img2img=False stable_fast=False reuse_seed=False realistic=False multiscale=False intermittent=True factor=0.5 fullres=[10,8] keep_models_loaded=True enable_preview=True prompt='An astronaut riding a horse on mars, detailed, 8k' neg='blurry, low quality, distorted' img2img_image_present=False
2026-02-11 23:58:06 | DEBUG | lightdiffusion.server | rid=- | Batch worker: pending groups={"('./include/diffusion_model\\\\flux-2-klein-4b.safetensors', False, 512, 512, False, False, 'simple', 'euler', 4, False, True, 0.5, 10, 8, True, False, 'None', 1.0, 'canny', '', -1)": 1} chosen_sig=('./include/diffusion_model\\flux-2-klein-4b.safetensors', False, 512, 512, False, False, 'simple', 'euler', 4, False, True, 0.5, 10, 8, True, False, 'None', 1.0, 'canny', '', -1) group_size=1 oldest_arrival=1770850686.582
2026-02-11 23:58:06 | DEBUG | lightdiffusion.server | rid=- | Processing singleton group for signature ('./include/diffusion_model\\flux-2-klein-4b.safetensors', False, 512, 512, False, False, 'simple', 'euler', 4, False, True, 0.5, 10, 8, True, False, 'None', 1.0, 'canny', '', -1) immediately (age=0.000s). LD_BATCH_WAIT_SINGLETONS=False
2026-02-11 23:58:06 | DEBUG | lightdiffusion.server | rid=- | Processing group chosen_sig=('./include/diffusion_model\\flux-2-klein-4b.safetensors', False, 512, 512, False, False, 'simple', 'euler', 4, False, True, 0.5, 10, 8, True, False, 'None', 1.0, 'canny', '', -1) items=1 request_ids=['4e6a5843']
2026-02-11 23:58:06 | INFO | lightdiffusion.server | rid=- | Broadcasting preview step 0/4
2026-02-11 23:58:07 | ERROR | lightdiffusion.server | rid=- | Batch processing failed: No text encoder loaded
Traceback (most recent call last):
  File "C:\Users\Admin\Documents\LightDiffusion-Next\server.py", line 416, in _worker
    await self._process_group(to_process)
  File "C:\Users\Admin\Documents\LightDiffusion-Next\server.py", line 555, in _process_group
    result = await loop.run_in_executor(None, func)
             ^^^^^^^^^^^^^^^^^^^^^^^^^^^^^^^^^^^^^^
  File "C:\Users\Admin\AppData\Roaming\uv\python\cpython-3.12.12-windows-x86_64-none\Lib\concurrent\futures\thread.py", line 59, in run
    result = self.fn(*self.args, **self.kwargs)
             ^^^^^^^^^^^^^^^^^^^^^^^^^^^^^^^^^^
  File "C:\Users\Admin\Documents\LightDiffusion-Next\src\user\pipeline.py", line 277, in pipeline
    return pipeline_instance.run_batched(ctx, per_sample_info)
           ^^^^^^^^^^^^^^^^^^^^^^^^^^^^^^^^^^^^^^^^^^^^^^^^^^^
  File "C:\Users\Admin\Documents\LightDiffusion-Next\src\Core\Pipeline.py", line 602, in run_batched
    positive, negative = model.encode_prompt(prompts, negatives)
                         ^^^^^^^^^^^^^^^^^^^^^^^^^^^^^^^^^^^^^^^
  File "C:\Users\Admin\Documents\LightDiffusion-Next\src\Core\Models\Flux2KleinModel.py", line 678, in encode_prompt
    raise RuntimeError("No text encoder loaded")
RuntimeError: No text encoder loaded
2026-02-11 23:58:11 | INFO | lightdiffusion.server | rid=- | Interrupt requested via API
2026-02-11 23:58:12 | INFO | lightdiffusion.server | rid=a612f34d | /api/generate called
2026-02-11 23:58:12 | DEBUG | lightdiffusion.server | rid=a612f34d | Request: w=512 h=512 num_images=1 batch=1 scheduler=simple sampler=euler steps=4 hiresfix=True adetailer=True enhance=False img2img=False stable_fast=False reuse_seed=False realistic=False multiscale=False intermittent=True factor=0.5 fullres=[10,8] keep_models_loaded=True enable_preview=True prompt='An astronaut riding a horse on mars, detailed, 8k' neg='blurry, low quality, distorted' img2img_image_present=False
2026-02-11 23:58:12 | DEBUG | lightdiffusion.server | rid=- | Batch worker: pending groups={"('./include/diffusion_model\\\\flux-2-klein-4b.safetensors', False, 512, 512, False, False, 'simple', 'euler', 4, False, True, 0.5, 10, 8, True, False, 'None', 1.0, 'canny', '', -1)": 1} chosen_sig=('./include/diffusion_model\\flux-2-klein-4b.safetensors', False, 512, 512, False, False, 'simple', 'euler', 4, False, True, 0.5, 10, 8, True, False, 'None', 1.0, 'canny', '', -1) group_size=1 oldest_arrival=1770850692.167
2026-02-11 23:58:12 | DEBUG | lightdiffusion.server | rid=- | Processing singleton group for signature ('./include/diffusion_model\\flux-2-klein-4b.safetensors', False, 512, 512, False, False, 'simple', 'euler', 4, False, True, 0.5, 10, 8, True, False, 'None', 1.0, 'canny', '', -1) immediately (age=0.000s). LD_BATCH_WAIT_SINGLETONS=False
2026-02-11 23:58:12 | DEBUG | lightdiffusion.server | rid=- | Processing group chosen_sig=('./include/diffusion_model\\flux-2-klein-4b.safetensors', False, 512, 512, False, False, 'simple', 'euler', 4, False, True, 0.5, 10, 8, True, False, 'None', 1.0, 'canny', '', -1) items=1 request_ids=['a612f34d']
2026-02-11 23:58:12 | INFO | lightdiffusion.server | rid=- | Broadcasting preview step 0/4
2026-02-11 23:58:12 | ERROR | lightdiffusion.server | rid=- | Batch processing failed: No text encoder loaded
Traceback (most recent call last):
  File "C:\Users\Admin\Documents\LightDiffusion-Next\server.py", line 416, in _worker
    await self._process_group(to_process)
  File "C:\Users\Admin\Documents\LightDiffusion-Next\server.py", line 555, in _process_group
    result = await loop.run_in_executor(None, func)
             ^^^^^^^^^^^^^^^^^^^^^^^^^^^^^^^^^^^^^^
  File "C:\Users\Admin\AppData\Roaming\uv\python\cpython-3.12.12-windows-x86_64-none\Lib\concurrent\futures\thread.py", line 59, in run
    result = self.fn(*self.args, **self.kwargs)
             ^^^^^^^^^^^^^^^^^^^^^^^^^^^^^^^^^^
  File "C:\Users\Admin\Documents\LightDiffusion-Next\src\user\pipeline.py", line 277, in pipeline
    return pipeline_instance.run_batched(ctx, per_sample_info)
           ^^^^^^^^^^^^^^^^^^^^^^^^^^^^^^^^^^^^^^^^^^^^^^^^^^^
  File "C:\Users\Admin\Documents\LightDiffusion-Next\src\Core\Pipeline.py", line 602, in run_batched
    positive, negative = model.encode_prompt(prompts, negatives)
                         ^^^^^^^^^^^^^^^^^^^^^^^^^^^^^^^^^^^^^^^
  File "C:\Users\Admin\Documents\LightDiffusion-Next\src\Core\Models\Flux2KleinModel.py", line 678, in encode_prompt
    raise RuntimeError("No text encoder loaded")
RuntimeError: No text encoder loaded
2026-02-11 23:58:14 | INFO | lightdiffusion.server | rid=- | Interrupt requested via API
2026-02-11 23:58:16 | INFO | lightdiffusion.server | rid=10d24f1f | /api/generate called
2026-02-11 23:58:16 | DEBUG | lightdiffusion.server | rid=10d24f1f | Request: w=512 h=512 num_images=1 batch=1 scheduler=simple sampler=euler steps=4 hiresfix=True adetailer=True enhance=False img2img=False stable_fast=False reuse_seed=False realistic=False multiscale=False intermittent=True factor=0.5 fullres=[10,8] keep_models_loaded=True enable_preview=True prompt='An astronaut riding a horse on mars, detailed, 8k' neg='blurry, low quality, distorted' img2img_image_present=False
2026-02-11 23:58:16 | DEBUG | lightdiffusion.server | rid=- | Batch worker: pending groups={"('./include/diffusion_model\\\\flux-2-klein-4b.safetensors', False, 512, 512, False, False, 'simple', 'euler', 4, False, True, 0.5, 10, 8, True, False, 'None', 1.0, 'canny', '', -1)": 1} chosen_sig=('./include/diffusion_model\\flux-2-klein-4b.safetensors', False, 512, 512, False, False, 'simple', 'euler', 4, False, True, 0.5, 10, 8, True, False, 'None', 1.0, 'canny', '', -1) group_size=1 oldest_arrival=1770850696.949
2026-02-11 23:58:16 | DEBUG | lightdiffusion.server | rid=- | Processing singleton group for signature ('./include/diffusion_model\\flux-2-klein-4b.safetensors', False, 512, 512, False, False, 'simple', 'euler', 4, False, True, 0.5, 10, 8, True, False, 'None', 1.0, 'canny', '', -1) immediately (age=0.000s). LD_BATCH_WAIT_SINGLETONS=False
2026-02-11 23:58:16 | DEBUG | lightdiffusion.server | rid=- | Processing group chosen_sig=('./include/diffusion_model\\flux-2-klein-4b.safetensors', False, 512, 512, False, False, 'simple', 'euler', 4, False, True, 0.5, 10, 8, True, False, 'None', 1.0, 'canny', '', -1) items=1 request_ids=['10d24f1f']
2026-02-11 23:58:16 | INFO | lightdiffusion.server | rid=- | Broadcasting preview step 0/4
2026-02-11 23:58:17 | ERROR | lightdiffusion.server | rid=- | Batch processing failed: No text encoder loaded
Traceback (most recent call last):
  File "C:\Users\Admin\Documents\LightDiffusion-Next\server.py", line 416, in _worker
    await self._process_group(to_process)
  File "C:\Users\Admin\Documents\LightDiffusion-Next\server.py", line 555, in _process_group
    result = await loop.run_in_executor(None, func)
             ^^^^^^^^^^^^^^^^^^^^^^^^^^^^^^^^^^^^^^
  File "C:\Users\Admin\AppData\Roaming\uv\python\cpython-3.12.12-windows-x86_64-none\Lib\concurrent\futures\thread.py", line 59, in run
    result = self.fn(*self.args, **self.kwargs)
             ^^^^^^^^^^^^^^^^^^^^^^^^^^^^^^^^^^
  File "C:\Users\Admin\Documents\LightDiffusion-Next\src\user\pipeline.py", line 277, in pipeline
    return pipeline_instance.run_batched(ctx, per_sample_info)
           ^^^^^^^^^^^^^^^^^^^^^^^^^^^^^^^^^^^^^^^^^^^^^^^^^^^
  File "C:\Users\Admin\Documents\LightDiffusion-Next\src\Core\Pipeline.py", line 602, in run_batched
    positive, negative = model.encode_prompt(prompts, negatives)
                         ^^^^^^^^^^^^^^^^^^^^^^^^^^^^^^^^^^^^^^^
  File "C:\Users\Admin\Documents\LightDiffusion-Next\src\Core\Models\Flux2KleinModel.py", line 678, in encode_prompt
    raise RuntimeError("No text encoder loaded")
RuntimeError: No text encoder loaded
2026-02-11 23:58:21 | INFO | lightdiffusion.server | rid=- | WebSocket client disconnected (remaining: 0)
2026-02-11 23:58:23 | INFO | lightdiffusion.server | rid=- | Shutting down frontend development server...
2026-02-11 23:58:39 | DEBUG | lightdiffusion.server | rid=- | server module loaded; cwd=C:\Users\Admin\Documents\LightDiffusion-Next
2026-02-11 23:58:39 | INFO | lightdiffusion.server | rid=- | Pipeline and app_instance imported successfully
2026-02-11 23:58:39 | INFO | lightdiffusion.server | rid=- | Serving frontend from C:\Users\Admin\Documents\LightDiffusion-Next\frontend\dist
2026-02-11 23:58:39 | INFO | lightdiffusion.server | rid=- | Launching frontend development server...
2026-02-11 23:58:39 | INFO | lightdiffusion.server | rid=- | Frontend development server launched
2026-02-11 23:58:39 | DEBUG | lightdiffusion.server | rid=- | server module loaded; cwd=C:\Users\Admin\Documents\LightDiffusion-Next
2026-02-11 23:58:39 | INFO | lightdiffusion.server | rid=- | Pipeline and app_instance imported successfully
2026-02-11 23:58:39 | INFO | lightdiffusion.server | rid=- | Serving frontend from C:\Users\Admin\Documents\LightDiffusion-Next\frontend\dist
2026-02-11 23:58:39 | INFO | lightdiffusion.server | rid=- | GenerationBuffer worker task started
2026-02-11 23:58:39 | INFO | lightdiffusion.server | rid=- | Server startup complete, event loop captured for preview broadcasting
2026-02-11 23:58:39 | INFO | lightdiffusion.server | rid=- | Batching worker started; max_batch=4 timeout=0.5
2026-02-11 23:58:40 | INFO | lightdiffusion.server | rid=- | WebSocket client connected to /ws/preview (total: 1)
2026-02-11 23:58:40 | INFO | lightdiffusion.server | rid=- | WebSocket client disconnected (remaining: 0)
2026-02-11 23:58:41 | INFO | lightdiffusion.server | rid=- | WebSocket client connected to /ws/preview (total: 1)
2026-02-12 00:00:47 | INFO | lightdiffusion.server | rid=c6e7e61c | /api/generate called
2026-02-12 00:00:47 | DEBUG | lightdiffusion.server | rid=c6e7e61c | Request: w=512 h=512 num_images=1 batch=1 scheduler=simple sampler=euler steps=4 hiresfix=False adetailer=False enhance=False img2img=False stable_fast=False reuse_seed=False realistic=False multiscale=False intermittent=True factor=0.5 fullres=[10,8] keep_models_loaded=True enable_preview=True prompt='An astronaut riding a horse on mars, detailed, 8k' neg='blurry, low quality, distorted' img2img_image_present=False
2026-02-12 00:00:47 | DEBUG | lightdiffusion.server | rid=- | Batch worker: pending groups={"('./include/diffusion_model\\\\flux-2-klein-4b.safetensors', False, 512, 512, False, False, 'simple', 'euler', 4, False, True, 0.5, 10, 8, True, False, 'None', 1.0, 'canny', '', -1)": 1} chosen_sig=('./include/diffusion_model\\flux-2-klein-4b.safetensors', False, 512, 512, False, False, 'simple', 'euler', 4, False, True, 0.5, 10, 8, True, False, 'None', 1.0, 'canny', '', -1) group_size=1 oldest_arrival=1770850847.002
2026-02-12 00:00:47 | DEBUG | lightdiffusion.server | rid=- | Processing singleton group for signature ('./include/diffusion_model\\flux-2-klein-4b.safetensors', False, 512, 512, False, False, 'simple', 'euler', 4, False, True, 0.5, 10, 8, True, False, 'None', 1.0, 'canny', '', -1) immediately (age=0.000s). LD_BATCH_WAIT_SINGLETONS=False
2026-02-12 00:00:47 | DEBUG | lightdiffusion.server | rid=- | Processing group chosen_sig=('./include/diffusion_model\\flux-2-klein-4b.safetensors', False, 512, 512, False, False, 'simple', 'euler', 4, False, True, 0.5, 10, 8, True, False, 'None', 1.0, 'canny', '', -1) items=1 request_ids=['c6e7e61c']
2026-02-12 00:00:47 | INFO | lightdiffusion.server | rid=- | Broadcasting preview step 0/4
2026-02-12 00:01:57 | INFO | lightdiffusion.server | rid=- | Broadcasting preview step 0/4
2026-02-12 00:01:58 | INFO | lightdiffusion.server | rid=- | Broadcasting preview step 3/4
2026-02-12 00:05:06 | INFO | lightdiffusion.server | rid=634a7da8 | /api/generate called
2026-02-12 00:05:06 | DEBUG | lightdiffusion.server | rid=634a7da8 | Request: w=1024 h=1024 num_images=1 batch=1 scheduler=simple sampler=euler steps=4 hiresfix=False adetailer=False enhance=False img2img=False stable_fast=False reuse_seed=False realistic=False multiscale=False intermittent=True factor=0.5 fullres=[10,8] keep_models_loaded=True enable_preview=True prompt='An astronaut riding a horse on mars, detailed, 8k' neg='blurry, low quality, distorted' img2img_image_present=False
2026-02-12 00:05:06 | DEBUG | lightdiffusion.server | rid=- | Batch worker: pending groups={"('./include/diffusion_model\\\\flux-2-klein-4b.safetensors', False, 1024, 1024, False, False, 'simple', 'euler', 4, False, True, 0.5, 10, 8, True, False, 'None', 1.0, 'canny', '', -1)": 1} chosen_sig=('./include/diffusion_model\\flux-2-klein-4b.safetensors', False, 1024, 1024, False, False, 'simple', 'euler', 4, False, True, 0.5, 10, 8, True, False, 'None', 1.0, 'canny', '', -1) group_size=1 oldest_arrival=1770851106.236
2026-02-12 00:05:06 | DEBUG | lightdiffusion.server | rid=- | Processing singleton group for signature ('./include/diffusion_model\\flux-2-klein-4b.safetensors', False, 1024, 1024, False, False, 'simple', 'euler', 4, False, True, 0.5, 10, 8, True, False, 'None', 1.0, 'canny', '', -1) immediately (age=0.001s). LD_BATCH_WAIT_SINGLETONS=False
2026-02-12 00:05:06 | DEBUG | lightdiffusion.server | rid=- | Processing group chosen_sig=('./include/diffusion_model\\flux-2-klein-4b.safetensors', False, 1024, 1024, False, False, 'simple', 'euler', 4, False, True, 0.5, 10, 8, True, False, 'None', 1.0, 'canny', '', -1) items=1 request_ids=['634a7da8']
2026-02-12 00:05:06 | INFO | lightdiffusion.server | rid=- | Broadcasting preview step 0/4
2026-02-12 00:05:53 | INFO | lightdiffusion.server | rid=- | Interrupt requested via API
2026-02-12 00:06:07 | INFO | lightdiffusion.server | rid=- | WebSocket client disconnected (remaining: 0)
2026-02-12 00:14:40 | DEBUG | lightdiffusion.server | rid=- | server module loaded; cwd=C:\Users\Admin\Documents\LightDiffusion-Next
2026-02-12 00:14:40 | INFO | lightdiffusion.server | rid=- | Pipeline and app_instance imported successfully
2026-02-12 00:14:40 | INFO | lightdiffusion.server | rid=- | Serving frontend from C:\Users\Admin\Documents\LightDiffusion-Next\frontend\dist
2026-02-12 00:14:40 | INFO | lightdiffusion.server | rid=- | Launching frontend development server...
2026-02-12 00:14:40 | INFO | lightdiffusion.server | rid=- | Frontend development server launched
2026-02-12 00:14:40 | DEBUG | lightdiffusion.server | rid=- | server module loaded; cwd=C:\Users\Admin\Documents\LightDiffusion-Next
2026-02-12 00:14:40 | INFO | lightdiffusion.server | rid=- | Pipeline and app_instance imported successfully
2026-02-12 00:14:40 | INFO | lightdiffusion.server | rid=- | Serving frontend from C:\Users\Admin\Documents\LightDiffusion-Next\frontend\dist
2026-02-12 00:14:40 | INFO | lightdiffusion.server | rid=- | GenerationBuffer worker task started
2026-02-12 00:14:40 | INFO | lightdiffusion.server | rid=- | Server startup complete, event loop captured for preview broadcasting
2026-02-12 00:14:40 | INFO | lightdiffusion.server | rid=- | Batching worker started; max_batch=4 timeout=0.5
2026-02-12 00:14:43 | INFO | lightdiffusion.server | rid=- | WebSocket client connected to /ws/preview (total: 1)
2026-02-12 00:17:08 | INFO | lightdiffusion.server | rid=5bb119ee | /api/generate called
2026-02-12 00:17:08 | DEBUG | lightdiffusion.server | rid=5bb119ee | Request: w=512 h=512 num_images=1 batch=1 scheduler=simple sampler=euler steps=4 hiresfix=False adetailer=False enhance=False img2img=False stable_fast=False reuse_seed=False realistic=False multiscale=False intermittent=True factor=0.5 fullres=[10,8] keep_models_loaded=True enable_preview=True prompt='An astronaut riding a horse on mars, detailed, 8k' neg='blurry, low quality, distorted' img2img_image_present=False
2026-02-12 00:17:08 | DEBUG | lightdiffusion.server | rid=- | Batch worker: pending groups={"('./include/diffusion_model\\\\flux-2-klein-4b.safetensors', False, 512, 512, False, False, 'simple', 'euler', 4, False, True, 0.5, 10, 8, True, False, 'None', 1.0, 'canny', '', -1)": 1} chosen_sig=('./include/diffusion_model\\flux-2-klein-4b.safetensors', False, 512, 512, False, False, 'simple', 'euler', 4, False, True, 0.5, 10, 8, True, False, 'None', 1.0, 'canny', '', -1) group_size=1 oldest_arrival=1770851828.509
2026-02-12 00:17:08 | DEBUG | lightdiffusion.server | rid=- | Processing singleton group for signature ('./include/diffusion_model\\flux-2-klein-4b.safetensors', False, 512, 512, False, False, 'simple', 'euler', 4, False, True, 0.5, 10, 8, True, False, 'None', 1.0, 'canny', '', -1) immediately (age=0.000s). LD_BATCH_WAIT_SINGLETONS=False
2026-02-12 00:17:08 | DEBUG | lightdiffusion.server | rid=- | Processing group chosen_sig=('./include/diffusion_model\\flux-2-klein-4b.safetensors', False, 512, 512, False, False, 'simple', 'euler', 4, False, True, 0.5, 10, 8, True, False, 'None', 1.0, 'canny', '', -1) items=1 request_ids=['5bb119ee']
2026-02-12 00:17:08 | INFO | lightdiffusion.server | rid=- | Broadcasting preview step 0/4
2026-02-12 00:18:13 | INFO | lightdiffusion.server | rid=- | Broadcasting preview step 0/4
2026-02-12 00:18:14 | INFO | lightdiffusion.server | rid=- | Broadcasting preview step 3/4
2026-02-12 00:19:07 | INFO | lightdiffusion.server | rid=1d9bbd03 | /api/generate called
2026-02-12 00:19:07 | DEBUG | lightdiffusion.server | rid=1d9bbd03 | Request: w=1024 h=1024 num_images=1 batch=1 scheduler=simple sampler=euler steps=4 hiresfix=False adetailer=False enhance=False img2img=False stable_fast=False reuse_seed=False realistic=False multiscale=False intermittent=True factor=0.5 fullres=[10,8] keep_models_loaded=True enable_preview=True prompt='An astronaut riding a horse on mars, detailed, 8k' neg='blurry, low quality, distorted' img2img_image_present=False
2026-02-12 00:19:07 | DEBUG | lightdiffusion.server | rid=- | Batch worker: pending groups={"('./include/diffusion_model\\\\flux-2-klein-4b.safetensors', False, 1024, 1024, False, False, 'simple', 'euler', 4, False, True, 0.5, 10, 8, True, False, 'None', 1.0, 'canny', '', -1)": 1} chosen_sig=('./include/diffusion_model\\flux-2-klein-4b.safetensors', False, 1024, 1024, False, False, 'simple', 'euler', 4, False, True, 0.5, 10, 8, True, False, 'None', 1.0, 'canny', '', -1) group_size=1 oldest_arrival=1770851947.391
2026-02-12 00:19:07 | DEBUG | lightdiffusion.server | rid=- | Processing singleton group for signature ('./include/diffusion_model\\flux-2-klein-4b.safetensors', False, 1024, 1024, False, False, 'simple', 'euler', 4, False, True, 0.5, 10, 8, True, False, 'None', 1.0, 'canny', '', -1) immediately (age=0.000s). LD_BATCH_WAIT_SINGLETONS=False
2026-02-12 00:19:07 | DEBUG | lightdiffusion.server | rid=- | Processing group chosen_sig=('./include/diffusion_model\\flux-2-klein-4b.safetensors', False, 1024, 1024, False, False, 'simple', 'euler', 4, False, True, 0.5, 10, 8, True, False, 'None', 1.0, 'canny', '', -1) items=1 request_ids=['1d9bbd03']
2026-02-12 00:19:07 | INFO | lightdiffusion.server | rid=- | Broadcasting preview step 0/4
2026-02-12 00:21:07 | INFO | lightdiffusion.server | rid=- | WebSocket client disconnected (remaining: 0)
2026-02-12 00:34:29 | DEBUG | lightdiffusion.server | rid=- | server module loaded; cwd=C:\Users\Admin\Documents\LightDiffusion-Next
2026-02-12 00:34:29 | INFO | lightdiffusion.server | rid=- | Pipeline and app_instance imported successfully
2026-02-12 00:34:29 | INFO | lightdiffusion.server | rid=- | Serving frontend from C:\Users\Admin\Documents\LightDiffusion-Next\frontend\dist
2026-02-12 00:34:29 | INFO | lightdiffusion.server | rid=- | Launching frontend development server...
2026-02-12 00:34:29 | INFO | lightdiffusion.server | rid=- | Frontend development server launched
2026-02-12 00:34:29 | DEBUG | lightdiffusion.server | rid=- | server module loaded; cwd=C:\Users\Admin\Documents\LightDiffusion-Next
2026-02-12 00:34:29 | INFO | lightdiffusion.server | rid=- | Pipeline and app_instance imported successfully
2026-02-12 00:34:29 | INFO | lightdiffusion.server | rid=- | Serving frontend from C:\Users\Admin\Documents\LightDiffusion-Next\frontend\dist
2026-02-12 00:34:29 | INFO | lightdiffusion.server | rid=- | GenerationBuffer worker task started
2026-02-12 00:34:29 | INFO | lightdiffusion.server | rid=- | Server startup complete, event loop captured for preview broadcasting
2026-02-12 00:34:29 | INFO | lightdiffusion.server | rid=- | Batching worker started; max_batch=4 timeout=0.5
2026-02-12 00:34:48 | INFO | lightdiffusion.server | rid=22139881 | /api/generate called
2026-02-12 00:34:48 | DEBUG | lightdiffusion.server | rid=22139881 | Request: w=1024 h=1024 num_images=1 batch=1 scheduler=simple sampler=euler steps=4 hiresfix=False adetailer=False enhance=False img2img=False stable_fast=False reuse_seed=False realistic=False multiscale=False intermittent=True factor=0.5 fullres=[10,8] keep_models_loaded=True enable_preview=True prompt='An astronaut riding a horse on mars, detailed, 8k' neg='blurry, low quality, distorted' img2img_image_present=False
2026-02-12 00:34:48 | DEBUG | lightdiffusion.server | rid=- | Batch worker: pending groups={"('./include/diffusion_model\\\\flux-2-klein-4b.safetensors', False, 1024, 1024, False, False, 'simple', 'euler', 4, False, True, 0.5, 10, 8, True, False, 'None', 1.0, 'canny', '', -1)": 1} chosen_sig=('./include/diffusion_model\\flux-2-klein-4b.safetensors', False, 1024, 1024, False, False, 'simple', 'euler', 4, False, True, 0.5, 10, 8, True, False, 'None', 1.0, 'canny', '', -1) group_size=1 oldest_arrival=1770852888.084
2026-02-12 00:34:48 | DEBUG | lightdiffusion.server | rid=- | Processing singleton group for signature ('./include/diffusion_model\\flux-2-klein-4b.safetensors', False, 1024, 1024, False, False, 'simple', 'euler', 4, False, True, 0.5, 10, 8, True, False, 'None', 1.0, 'canny', '', -1) immediately (age=0.001s). LD_BATCH_WAIT_SINGLETONS=False
2026-02-12 00:34:48 | DEBUG | lightdiffusion.server | rid=- | Processing group chosen_sig=('./include/diffusion_model\\flux-2-klein-4b.safetensors', False, 1024, 1024, False, False, 'simple', 'euler', 4, False, True, 0.5, 10, 8, True, False, 'None', 1.0, 'canny', '', -1) items=1 request_ids=['22139881']
2026-02-12 00:34:48 | DEBUG | lightdiffusion.server | rid=- | No preview clients connected, skipping broadcast
2026-02-12 00:34:51 | INFO | lightdiffusion.server | rid=- | Interrupt requested via API
2026-02-12 00:34:54 | INFO | lightdiffusion.server | rid=648205f7 | /api/generate called
2026-02-12 00:34:54 | DEBUG | lightdiffusion.server | rid=648205f7 | Request: w=1024 h=1024 num_images=1 batch=1 scheduler=simple sampler=euler steps=4 hiresfix=False adetailer=False enhance=False img2img=False stable_fast=False reuse_seed=False realistic=False multiscale=False intermittent=True factor=0.5 fullres=[10,8] keep_models_loaded=True enable_preview=True prompt='An astronaut riding a horse on mars, detailed, 8k' neg='blurry, low quality, distorted' img2img_image_present=False
2026-02-12 00:35:50 | ERROR | lightdiffusion.server | rid=- | Batch processing failed: Generation interrupted
Traceback (most recent call last):
  File "C:\Users\Admin\Documents\LightDiffusion-Next\server.py", line 416, in _worker
    await self._process_group(to_process)
  File "C:\Users\Admin\Documents\LightDiffusion-Next\server.py", line 555, in _process_group
    result = await loop.run_in_executor(None, func)
             ^^^^^^^^^^^^^^^^^^^^^^^^^^^^^^^^^^^^^^
  File "C:\Users\Admin\AppData\Roaming\uv\python\cpython-3.12.12-windows-x86_64-none\Lib\concurrent\futures\thread.py", line 59, in run
    result = self.fn(*self.args, **self.kwargs)
             ^^^^^^^^^^^^^^^^^^^^^^^^^^^^^^^^^^
  File "C:\Users\Admin\Documents\LightDiffusion-Next\src\user\pipeline.py", line 277, in pipeline
    return pipeline_instance.run_batched(ctx, per_sample_info)
           ^^^^^^^^^^^^^^^^^^^^^^^^^^^^^^^^^^^^^^^^^^^^^^^^^^^
  File "C:\Users\Admin\Documents\LightDiffusion-Next\src\Core\Pipeline.py", line 843, in run_batched
    self._check_interrupt()
  File "C:\Users\Admin\Documents\LightDiffusion-Next\src\Core\Pipeline.py", line 1074, in _check_interrupt
    raise InterruptedError("Generation interrupted")
InterruptedError: Generation interrupted
2026-02-12 00:35:50 | DEBUG | lightdiffusion.server | rid=- | Batch worker: pending groups={"('./include/diffusion_model\\\\flux-2-klein-4b.safetensors', False, 1024, 1024, False, False, 'simple', 'euler', 4, False, True, 0.5, 10, 8, True, False, 'None', 1.0, 'canny', '', -1)": 1} chosen_sig=('./include/diffusion_model\\flux-2-klein-4b.safetensors', False, 1024, 1024, False, False, 'simple', 'euler', 4, False, True, 0.5, 10, 8, True, False, 'None', 1.0, 'canny', '', -1) group_size=1 oldest_arrival=1770852894.369
2026-02-12 00:35:50 | DEBUG | lightdiffusion.server | rid=- | Processing singleton group for signature ('./include/diffusion_model\\flux-2-klein-4b.safetensors', False, 1024, 1024, False, False, 'simple', 'euler', 4, False, True, 0.5, 10, 8, True, False, 'None', 1.0, 'canny', '', -1) immediately (age=55.708s). LD_BATCH_WAIT_SINGLETONS=False
2026-02-12 00:35:50 | DEBUG | lightdiffusion.server | rid=- | Processing group chosen_sig=('./include/diffusion_model\\flux-2-klein-4b.safetensors', False, 1024, 1024, False, False, 'simple', 'euler', 4, False, True, 0.5, 10, 8, True, False, 'None', 1.0, 'canny', '', -1) items=1 request_ids=['648205f7']
2026-02-12 00:35:50 | DEBUG | lightdiffusion.server | rid=- | No preview clients connected, skipping broadcast
2026-02-12 00:36:10 | DEBUG | lightdiffusion.server | rid=- | No preview clients connected, skipping broadcast
2026-02-12 00:36:28 | INFO | lightdiffusion.server | rid=03b98986 | /api/generate called
2026-02-12 00:36:28 | DEBUG | lightdiffusion.server | rid=03b98986 | Request: w=1024 h=1024 num_images=1 batch=1 scheduler=simple sampler=euler steps=4 hiresfix=True adetailer=False enhance=False img2img=False stable_fast=False reuse_seed=False realistic=False multiscale=False intermittent=True factor=0.5 fullres=[10,8] keep_models_loaded=True enable_preview=True prompt='An astronaut riding a horse on mars, detailed, 8k' neg='blurry, low quality, distorted' img2img_image_present=False
2026-02-12 00:36:28 | DEBUG | lightdiffusion.server | rid=- | Batch worker: pending groups={"('./include/diffusion_model\\\\flux-2-klein-4b.safetensors', False, 1024, 1024, False, False, 'simple', 'euler', 4, False, True, 0.5, 10, 8, True, False, 'None', 1.0, 'canny', '', -1)": 1} chosen_sig=('./include/diffusion_model\\flux-2-klein-4b.safetensors', False, 1024, 1024, False, False, 'simple', 'euler', 4, False, True, 0.5, 10, 8, True, False, 'None', 1.0, 'canny', '', -1) group_size=1 oldest_arrival=1770852988.095
2026-02-12 00:36:28 | DEBUG | lightdiffusion.server | rid=- | Processing singleton group for signature ('./include/diffusion_model\\flux-2-klein-4b.safetensors', False, 1024, 1024, False, False, 'simple', 'euler', 4, False, True, 0.5, 10, 8, True, False, 'None', 1.0, 'canny', '', -1) immediately (age=0.000s). LD_BATCH_WAIT_SINGLETONS=False
2026-02-12 00:36:28 | DEBUG | lightdiffusion.server | rid=- | Processing group chosen_sig=('./include/diffusion_model\\flux-2-klein-4b.safetensors', False, 1024, 1024, False, False, 'simple', 'euler', 4, False, True, 0.5, 10, 8, True, False, 'None', 1.0, 'canny', '', -1) items=1 request_ids=['03b98986']
2026-02-12 00:36:28 | DEBUG | lightdiffusion.server | rid=- | No preview clients connected, skipping broadcast
2026-02-12 00:36:50 | DEBUG | lightdiffusion.server | rid=- | No preview clients connected, skipping broadcast
2026-02-12 00:37:12 | DEBUG | lightdiffusion.server | rid=- | No preview clients connected, skipping broadcast
2026-02-12 00:42:30 | INFO | lightdiffusion.server | rid=bb385609 | /api/generate called
2026-02-12 00:42:30 | DEBUG | lightdiffusion.server | rid=bb385609 | Request: w=512 h=512 num_images=1 batch=1 scheduler=simple sampler=euler steps=4 hiresfix=False adetailer=False enhance=False img2img=False stable_fast=False reuse_seed=False realistic=False multiscale=False intermittent=True factor=0.5 fullres=[10,8] keep_models_loaded=True enable_preview=True prompt='An astronaut riding a horse on mars, detailed, 8k' neg='blurry, low quality, distorted' img2img_image_present=False
2026-02-12 00:42:30 | DEBUG | lightdiffusion.server | rid=- | Batch worker: pending groups={"('./include/diffusion_model\\\\flux-2-klein-4b.safetensors', False, 512, 512, False, False, 'simple', 'euler', 4, False, True, 0.5, 10, 8, True, False, 'None', 1.0, 'canny', '', -1)": 1} chosen_sig=('./include/diffusion_model\\flux-2-klein-4b.safetensors', False, 512, 512, False, False, 'simple', 'euler', 4, False, True, 0.5, 10, 8, True, False, 'None', 1.0, 'canny', '', -1) group_size=1 oldest_arrival=1770853350.639
2026-02-12 00:42:30 | DEBUG | lightdiffusion.server | rid=- | Processing singleton group for signature ('./include/diffusion_model\\flux-2-klein-4b.safetensors', False, 512, 512, False, False, 'simple', 'euler', 4, False, True, 0.5, 10, 8, True, False, 'None', 1.0, 'canny', '', -1) immediately (age=0.000s). LD_BATCH_WAIT_SINGLETONS=False
2026-02-12 00:42:30 | DEBUG | lightdiffusion.server | rid=- | Processing group chosen_sig=('./include/diffusion_model\\flux-2-klein-4b.safetensors', False, 512, 512, False, False, 'simple', 'euler', 4, False, True, 0.5, 10, 8, True, False, 'None', 1.0, 'canny', '', -1) items=1 request_ids=['bb385609']
2026-02-12 00:42:30 | DEBUG | lightdiffusion.server | rid=- | No preview clients connected, skipping broadcast
2026-02-12 00:42:51 | DEBUG | lightdiffusion.server | rid=- | No preview clients connected, skipping broadcast
2026-02-12 00:44:40 | INFO | lightdiffusion.server | rid=91cb61fb | /api/generate called
2026-02-12 00:44:40 | DEBUG | lightdiffusion.server | rid=91cb61fb | Request: w=512 h=512 num_images=1 batch=1 scheduler=simple sampler=euler steps=4 hiresfix=False adetailer=True enhance=False img2img=False stable_fast=False reuse_seed=False realistic=False multiscale=False intermittent=True factor=0.5 fullres=[10,8] keep_models_loaded=True enable_preview=True prompt='An astronaut riding a horse on mars, detailed, 8k' neg='blurry, low quality, distorted' img2img_image_present=False
2026-02-12 00:44:40 | DEBUG | lightdiffusion.server | rid=- | Batch worker: pending groups={"('./include/diffusion_model\\\\flux-2-klein-4b.safetensors', False, 512, 512, False, False, 'simple', 'euler', 4, False, True, 0.5, 10, 8, True, False, 'None', 1.0, 'canny', '', -1)": 1} chosen_sig=('./include/diffusion_model\\flux-2-klein-4b.safetensors', False, 512, 512, False, False, 'simple', 'euler', 4, False, True, 0.5, 10, 8, True, False, 'None', 1.0, 'canny', '', -1) group_size=1 oldest_arrival=1770853480.660
2026-02-12 00:44:40 | DEBUG | lightdiffusion.server | rid=- | Processing singleton group for signature ('./include/diffusion_model\\flux-2-klein-4b.safetensors', False, 512, 512, False, False, 'simple', 'euler', 4, False, True, 0.5, 10, 8, True, False, 'None', 1.0, 'canny', '', -1) immediately (age=0.000s). LD_BATCH_WAIT_SINGLETONS=False
2026-02-12 00:44:40 | DEBUG | lightdiffusion.server | rid=- | Processing group chosen_sig=('./include/diffusion_model\\flux-2-klein-4b.safetensors', False, 512, 512, False, False, 'simple', 'euler', 4, False, True, 0.5, 10, 8, True, False, 'None', 1.0, 'canny', '', -1) items=1 request_ids=['91cb61fb']
2026-02-12 00:44:40 | DEBUG | lightdiffusion.server | rid=- | No preview clients connected, skipping broadcast
2026-02-12 00:44:55 | DEBUG | lightdiffusion.server | rid=- | No preview clients connected, skipping broadcast
2026-02-12 00:45:05 | DEBUG | lightdiffusion.server | rid=- | No preview clients connected, skipping broadcast
2026-02-12 00:45:24 | DEBUG | lightdiffusion.server | rid=- | No preview clients connected, skipping broadcast
2026-02-12 01:03:05 | DEBUG | lightdiffusion.server | rid=- | server module loaded; cwd=C:\Users\Admin\Documents\LightDiffusion-Next
2026-02-12 01:03:05 | INFO | lightdiffusion.server | rid=- | Pipeline and app_instance imported successfully
2026-02-12 01:03:05 | INFO | lightdiffusion.server | rid=- | Serving frontend from C:\Users\Admin\Documents\LightDiffusion-Next\frontend\dist
2026-02-12 01:03:09 | DEBUG | lightdiffusion.server | rid=- | No preview clients connected, skipping broadcast
